name,manufacturer,price,salt_name,strength
Arnil,Brookes,Rs 75,Diclofenac Sodium,75mg
Artifen,Abbott Laboratories,Rs 77,Diclofenac Sodium,50mg
Advacort Ointment,Atco,Rs 160,"Methylprednisolone Aceponate, Topical",5 g
AV-Sartan 10 mg/ 160 mg,Barrett,Rs 600,Amlodipine,
Aidra,Wilshire,Rs 400,Leflunomide,20mg
Acabel,Continental Pharma,Rs 125,Lornoxicam,4mg
Acabel,Continental Pharma,Rs 209,Lornoxicam,8mg
Atcam,Atco,Rs 220,Lornoxicam,8mg
Apranax,Martin Dow,Rs 194,Naproxen,550mg
Aproxen DS,Schazoo Pharmaceuticals,Rs 195,Naproxen,550mg
Axicam,Mass-PH Health,Rs 252,Piroxicam,20mg
Adronil,Searle,"Rs 2,231",Ibandronic Acid,3mg
Aurora,Ferozsons,Rs 366,Rosuvastatin calcium,10mg
Abriva 400mg,CCL,"Rs 5,868",Sofosbuvir,
Anplag,Pharm Evo,Rs 786,Ticagrelor,90mg
Arixtra 2.5mg Pre filled Syringe 5ml,Aspin Pharma,"Rs 4,350",Fondaparinux Sodium,
Anvol,Aspin Pharma,Rs 327,Nebivolol HCl,10 mg
Anvol 2.5mg,Aspin Pharma,Rs 155,Nebivolol HCl,
Awzi,Amson,Rs 266,Azithromycin,250mg
Amlo-Q,High-Q,Rs 94,Amlodipine,5mg
Adablizer,Adamjee Pharmaceuticals,Rs 133,Aripiprazole,10mg
Acnes Scar Care,Rohto Mentholatum,Rs 691,,
Aqua D,Matrix,Rs 440,,
AD Folic 600mcg,Pharm Evo,Rs 225,Quatrefolate,600mcg
Adapco Forte Gel 15G,Atco,Rs 435,Adapalene,3mg
Apizyt 120 ml syrup,Hinucon,Rs 280,,
Aquavit,Wilson's,Rs 21,Calcium Supplement,
Alcuflex 550mg,ICI Pakistan Limited,Rs 213,Naproxen,
Amorin,Mass-PH Health,Rs 198,Azathioprine,50mg
Actifed-DM,GlaxoSmithKline,Rs 146,pseudoephedrine,1.25mg
Avsar,Pharm Evo,Rs 247,Amlodipine besylate,5mg
Ampress 10mg Tablet,Barrett,Rs 200,Amlodipine,
Aminovel 600mg Injection,Otsuka,Rs 906,Amino Acid Solution,
Atenolol 100mg,Zafa,Rs 66,Atenolol,
Alzilo,Searle,Rs 202,,
Amgydex Eye Drop 5ml,Kobec,Rs 215,Dexamethasone,
Actiflor,Pharm Evo,Rs 56,Saccharomyces Boulardii,250mg
Ampiclox Drop 90mg,GlaxoSmithKline,Rs 126,Ampicillin and Cloxacillin,90mg
Awardin Plus,Werick,Rs 263,,
Amgy,Kobec,Rs 150,,
Amlocard 10,Pharmatec,Rs 233,Amlodipine,
A2A,Wilson's,Rs 152,Losartan Potassium,25mg
Amlocard 5,Pharmatec,Rs 119,,
Amclav,Getz Pharma,Rs 178,Co-amoxiclav,62.5mg
Acetra,Amarant,Rs 172,Tramadol,37.5mg
Angiwell,Aspin Pharma,Rs 203,Ranolazine,1000mg
Acicon,Barrett,Rs 258,Famotidine,40 mg
AM-Telsan,Hilton,Rs 246,Amlodipine,5mg
Aminophylline,LCPW,Rs 520,Aminophylline,250 mg
Agolix,Hirani's Pharma,Rs 105,Doxofylline,100 mg
Agolix,Hirani's Pharma,Rs 223,Doxofylline,400 mg
Aireez,Pharm Evo,Rs 294,Montelukast,4 mg
Amisped,Sanofi,Rs 224,Montelukast,5 mg
Asthiven,Scilife,Rs 250,Montelukast,4 mg
Asthiven,Scilife,Rs 195,Montelukast,5 mg
Avsar Plus,Pharm Evo,Rs 106,Amlodipine besylate,5 mg
Am-Telsan,Hilton,Rs 264,Telmisartan,10mg
Advacort 0.1% 10g,Atco,Rs 240,,
Avsar Plus,Pharm Evo,Rs 119,Amlodipine besylate,160
Amoxil,GlaxoSmithKline,Rs 303,Amoxicillin,500mg
Atorva,Pharmatec,Rs 637,Atorvastatin calcium trihydrate,40mg
Aurora,Ferozsons,Rs 542,Rosuvastatin calcium,20mg
Arynoin-Plus Gel 10g,Pharma Health,Rs 472,,
Amico-M Sugar Free,Amarant,Rs 425,,
Atmos,Scotman,Rs 259,Ebastine,20mg
Amity,Scotman,Rs 175,Ciprofloxacin,125mg
Amity,Scotman,Rs 200,Ciprofloxacin,250mg
Amity,Scotman,Rs 211,Ciprofloxacin,250mg
Amity,Scotman,Rs 318,Ciprofloxacin,500mg
Advance,Scotman,Rs 160,Fluoxetine,20mg
Amak,Hudson Pharma's,Rs 139,Amikacin Sulfate,50 mg
Amak,Hudson Pharma's,Rs 278,Amikacin Sulfate,100 mg
Amak,Hudson Pharma's,Rs 184,Amikacin Sulfate,500 mg
Avsar Plus,Pharm Evo,Rs 499,Amlodipine besylate,10mg
Atem,Chiesi,Rs 600,Ipratropium Bromide,0.03%
Adablizer,Adamjee Pharmaceuticals,Rs 177,Aripiprazole,15mg
Adapco,Atco,Rs 298,Adapalene,0.10%
Avodart,GlaxoSmithKline,"Rs 4,259",Dutasteride,0.5mg
All Purpose Nipple Ointment (APNO),Nigehban,Rs 500,Betamethasone,0.10%
Amodip,Mass-PH Health,Rs 690,Amlodipine,10mg
Amoxi-Clav,Sandoz,Rs 73,Co-amoxiclav,375mg
Azocam,Le Mendoza,Rs 300,Azithromycin,250mg
Aireez,Pharm Evo,Rs 479,Montelukast,10mg
Am-Descol,Nabi Qasim,Rs 181,Amlodipine,10
Amodip-V,Mass-PH Health,Rs 325,Amlodipine besylate,5mg
Aireez,Pharm Evo,Rs 100,Montelukast,5mg
Aproxen,Schazoo Pharmaceuticals,Rs 79,Naproxen,275mg
Asthiven,Scilife,Rs 210,Montelukast,10mg
Alfa-D,Platinum,Rs 400,Alfacalcidol,1mcg
Abri Flex Adult Pull-up - Extra Large,Abena,"Rs 7,900",,
Amodip.,Mass-PH Health,Rs 119,,
Agnar,Getz Pharma,Rs 900,Calcium Supplement,400 IU
Aquazole,Martin Dow,Rs 220,,
Altin-Met,ICI Pakistan Limited,Rs 258,Metformin,1000 mg
Am-Telsan,Hilton,Rs 312,Amlodipine,5
Amoxi-Clav,Sandoz,Rs 92,Co-amoxiclav,
Aripan,Cell Laboratories,Rs 190,Aripiprazole,20 mg
Aceclocare,Titlis Pharma,Rs 119,Aceclofenac,100 mg
Acuron,Brookes,Rs 353,Atracurium Besylate,10 mg
Apitent,Sois Life Sciences,Rs 180,,
Avaam,ICI Pakistan Limited,Rs 338,Amlodipine,5 mg
Alkeris-SR,Sami,Rs 140,Aceclofenac,200 mg
A-Glip,Atco,Rs 396,Sitagliptin,50 mg
Acukat,Genix,Rs 425,Nepafenac,
Azineu,Neutro,Rs 158,Azithromycin,250 mg
Am-Telsan,Hilton,Rs 642,Amlodipine,10 mg
Artem Plus,Hilton,Rs 272,Artemether/Lumafantrine,30 mg
Adrance-M,Atco,Rs 138,Empagliflozin,5 mg
Adrance-M,Atco,Rs 125,Empagliflozin,5 mg
Adrance-M,Atco,Rs 225,Empagliflozin,12.5 mg
Adrance-M,Atco,Rs 160,Empagliflozin,12.5 mg
Adrance-M,Atco,Rs 176,Empagliflozin,12.5 mg
Amsart,Macter,Rs 490,Amlodipine besylate,10 mg
Amsart,Macter,Rs 350,Amlodipine,5 mg
Amis,Rite pharma,Rs 338,Amisulpride,100 mg
Amis,Rite pharma,Rs 929,Amisulpride,400 mg
Adrance,Atco,Rs 600,Empagliflozin,25 mg
Anplag,Pharm Evo,Rs 318,Ticagrelor,60 mg
Admit,Shaigan,Rs 450,Sitagliptin,50 mg
Adrance,Atco,Rs 400,Empagliflozin,10 mg
Aminoleban Liquid,Otsuka,Rs 921,Aminoacids,8%
Atizor,Hirani's Pharma,Rs 315,Azithromycin,200 mg
Amsart,Macter,Rs 209,Amlodipine,10 mg
Alkeris,Sami,Rs 107,Aceclofenac,100 mg
Antial,Sami,Rs 165,Loratadine,10 mg
Av-Sartan,Barrett,Rs 380,Amlodipine,5 mg
Actrac,Serving Health Pakistan,"Rs 2,035",Isotretinoin Oral,20 mg
Advit-D,Martin Dow,Rs 180,Cholecalciferol,"200,000 IU"
Aromek,Galaxy,"Rs 3,380",Letrozole,2.5 mg
Afdol,AGP,"Rs 1,100",Memantine HCl,
Afdol,AGP,Rs 560,Memantine HCl,10 mg
Algocin,AGP,Rs 220,Ciprofloxacin,250 mg
Algocin,AGP,Rs 350,Memantine HCl,500 mg
All-D,AGP,Rs 300,Cholecalciferol,
Avec,Platinum,Rs 144,Cetirizine Hydrochloride,10 mg
Avec,Platinum,Rs 139,Cetirizine Hydrochloride,
Azocam-DS,Le Mendoza,Rs 294,Azithromycin,500 mg
Amstan,Scilife,Rs 601,Amlodipine,10 mg
Amstan,Scilife,Rs 518,Amlodipine,5 mg
Address,Scotmann,Rs 213,Amlodipine,10 mg
Abriva Plus,CCL,"Rs 3,148",Sofosbuvir,400 mg
ARBI,Pharm Evo,Rs 284,,
ARBI,Pharm Evo,Rs 360,,
ARBI,Pharm Evo,Rs 426,,
ARBI-D,Pharm Evo,Rs 511,,
ARBI-D,Pharm Evo,Rs 364,,
Acefyl 60 ml (brown),Nabi Qasim,Rs 51,,
Admit,Shaigan,Rs 225,,
Azitma,Sami,Rs 220,,
Avega,hanzala pharmaceuticals,Rs 984,,
Avega,hanzala pharmaceuticals,"Rs 1,540",,
Actrapid HM Penfill,Novo Nordisk,Rs 391,Insulin Regular,100 iu
Atorva,Pharmatec,Rs 298,Atorvastatin calcium trihydrate,10 mg
Alphacoline,High-Q,Rs 293,,
Aromasin 25 mg,Pfizer,"Rs 7,788",,
Ansaid 100mg Tablet,Pfizer,Rs 108,Flurbiprofen,
Actogin,Atco,Rs 281,,
Arinac Forte,Abbott Laboratories,Rs 106,Ibuprofen,400mg
Aripip 10mg,Pharmatec,Rs 160,Aripiprazole,
Amoxil,GlaxoSmithKline,Rs 303,Amoxicillin,500 mg
Adalat LA,Bayer,Rs 365,Nifedipine,30 mg
Arinac Tab,Abbott Laboratories,Rs 55,Ibuprofen,200mg
Aripip 15mg,Pharmatec,Rs 213,Aripiprazole,
Arimidex 1mg,ICI Pakistan Limited,"Rs 5,951",Anastrozole,1gm
Avelox,Bayer,"Rs 1,043","Moxifloxacin, Oral",400mg
Atarax,GlaxoSmithKline,Rs 73,Hydroxyzine,25 mg
Ascard Plus,Atco,Rs 239,Clopidogrel Bisulphate,81mg
Alp,Hilton,Rs 95,Alprazolam,0.5mg
Amoxil 250 Mg,GlaxoSmithKline,Rs 126,Amoxicillin,250mg
AM-Descol,Nabi Qasim,Rs 207,Amlodipine besylate,5
Alphagan,Wyeth,Rs 804,Brimonidine Tartrate,0.20%
Atorva,Pharmatec,Rs 308,Atorvastatin calcium trihydrate,10 mg
Adoxa 100mg,Pharma Health,Rs 84,Doxycycline,
Axcin,Novartis,Rs 350,Ciprofloxacin,500mg
Alfa-D 0.5mcg,Platinum,Rs 300,Alfacalcidol,
Azomax,Novartis,Rs 375,Azithromycin,200mg
Artholex Advanced,Celven Life Sciences,Rs 360,,
Aerokast,Barrett,Rs 480,Montelukast,10mg
Advantan Fatty Ointment,Bayer,Rs 265,"Methylprednisolone Aceponate, Topical",0.10%
Advantan Ointment,Bayer,Rs 295,"Methylprednisolone Aceponate, Topical",0.10%
Augmentin  Infant Drops 62.5mg/ml,GlaxoSmithKline,Rs 183,Co-amoxiclav,
Artem Plus,Hilton,Rs 570,Artemether,80mg
Anafortan Plus,AGP,Rs 248,Phloroglucinol,
Ampress 5mg,Barrett,Rs 100,Amlodipine,
Acicon 20mg,Barrett,Rs 142,Famotidine,
Acylex 200mg,Ferozsons,Rs 79,Acyclovir inf/oral,200mg
Ampiclox Syrup 250mg/ 5ml,GlaxoSmithKline,Rs 228,Ampicillin and Cloxacillin,250mg
Ampiclox 250mg,GlaxoSmithKline,Rs 162,Ampicillin and Cloxacillin,250mg
Ampiclox 500mg,GlaxoSmithKline,Rs 276,Ampicillin and Cloxacillin,500mg
Apsin 40mg,Saffron,Rs 226,Famotidine,40 mg
Acylex 400mg,Ferozsons,Rs 300,Acyclovir inf/oral,400mg
Abocal,Abbott Laboratories,Rs 286,Calcium carbonate,
Acyclovir,Abbott Laboratories,"Rs 1,449",Acyclovir inf/oral,500 mg
ACYLEX (Acyclovir) 200mg/5ml 60 ML SUSPENSION,Ferozsons,Rs 550,Acyclovir inf/oral,200mg
Advantan Cream 10g,Bayer,Rs 295,"Methylprednisolone Aceponate, Topical",0.10%
Aerokast 4mg Tab,Barrett,Rs 254,Montelukast,
Anafortan Plus,AGP,Rs 123,Phloroglucinol and Trimethylphloroglucinol,
Atorva,Pharmatec,Rs 549,Atorvastatin calcium trihydrate,20mg
Augmentin,GlaxoSmithKline,Rs 344,Co-amoxiclav,156.25mg
Aurora,Ferozsons,Rs 203,Rosuvastatin calcium,5mg
Aerokast Powder Sachet 4mg,Barrett,Rs 28,Montelukast,
AMOXIL FORTE 250mg 90 ML SYP,GlaxoSmithKline,Rs 175,Amoxicillin,250mg
Amplus 500mg,Bosch,Rs 78,Ampicillin,
Aerokast 5mg Tab,Barrett,Rs 302,Montelukast,
Avsar,Pharm Evo,Rs 197,Valsartan,5mg
Antolol,Icon,Rs 150,Atenolol,100mg
Atenorm,Ferozsons,Rs 153,Atenolol,100mg
Atenorm,Ferozsons,Rs 70,Atenolol,50mg
Atlin,Bosch,Rs 60,Atenolol,100mg
Actim,Sami,Rs 240,Bisoprolol Fumarate,10mg
Actim,Sami,Rs 165,Bisoprolol Fumarate,5mg
Amaryl,Sanofi,Rs 155,Glimepiride,1mg
Amaryl,Sanofi,Rs 308,Glimepiride,2mg
Amaryl,Sanofi,Rs 462,Glimepiride,3mg
Amaryl,Sanofi,Rs 615,Glimepiride,4mg
Amaryl M S.R,Sanofi,Rs 210,Glimepiride,1mg
Amaryl-M.S.R,Sanofi,Rs 378,Glimepiride,2mg
Andrex,OBS,Rs 320,Testosterone undecanoate,40mg
Atcomid,Atco,Rs 635,Lacosamide,100mg
Atcomid,Atco,Rs 480,Lacosamide,50mg
Albizole,Icon,Rs 110,Clotrimazole,5gm
Acuron,Brookes,Rs 147,Atracurium Besylate,10mg
Acetofen,Shaigan,Rs 48,Orphenadrine,35mg
Ambrogesic,Icon,Rs 35,Orphenadrine,35mg
Agile,Wilshire,Rs 131,Tizanidine,2mg
Agile,Wilshire,Rs 261,Tizanidine,4mg
Analar,AGP,Rs 147,Tizanidine,2mg
Amodip-V,Mass-PH Health,Rs 288,Valsartan,10mg
Amodip-V,Mass-PH Health,Rs 208,Valsartan,5mg
Amstan,Scilife,Rs 532,Amlodipine,10 mg
Amstan,Scilife,Rs 386,Valsartan,5mg
Angiotan H,Efroze,Rs 336,Valsartan,160mg
Advant,Getz Pharma,Rs 263,Candesartan Cilexetil,16 mg
Advant,Getz Pharma,Rs 200,Candesartan Cilexetil,8 mg
Advantec,Getz Pharma,Rs 263,Candesartan Cilexetil,16 mg
Aprovel,Sanofi,Rs 666,Irbesartan,150mg
Aprovel,Sanofi,"Rs 1,863",Irbesartan,300mg
A2A,Wilson's,Rs 270,Losartan Potassium,100mg
A2A,Wilson's,Rs 288,Losartan Potassium,50mg
Adenuric,S.J. & G. Fazul Ellahie,Rs 325,Febuxostat,80mg
Adronil,Searle,Rs 751,Ibandronic Acid,150mg
Atconate,Atco,Rs 660,Risedronate Sodium,150mg
Aldomet,OBS,Rs 123,Methyldopa,250mg
Azotek,Saffron,Rs 238,Azithromycin,250mg
Azotek,Saffron,Rs 436,Azithromycin,500 mg
Azopt,Novartis,"Rs 1,600",Brinzolamide,0.1
Afoxin,AGP,Rs 240,Clarithromycin,250mg
Afoxin,AGP,Rs 440,Clarithromycin,500mg
Acireg,Barrett,Rs 112,Esomeperazole,20 mg
Acireg,Barrett,Rs 250,Esomeperazole,40mg
Becefol,Abbott Laboratories,Rs 191,Vitamin B complex plain and with Vitamin C,
Biflor,Hilton,Rs 78,Saccharomyces Boulardii,250mg
Boncal Plus,Sigma Pharma,Rs 790,,
Betnovate N Ointment,GlaxoSmithKline,Rs 123,Neomycin,
Bevidox,Abbott Laboratories,Rs 244,"Vitamin B1, B6, B12 combinations",
Betnovate N 60ml,GlaxoSmithKline,Rs 285,Neomycin,
Bosmon,Hilton,Rs 930,Bosentan,62.5mg
Bon-One,Martin Dow,Rs 330,Alfacalcidol,0.5mcg
Blephamide Sop Opthalmic Ointment,Barrett,Rs 211,Prednisolone,
Betnesol,GlaxoSmithKline,Rs 26,Betamethasone,0.5mg
Blephamide Liquid,Barrett,Rs 116,Phenylephrine,
Bonnisan,Highnoon,Rs 690,,
Blink Fresh,Sante,Rs 120,Polyvinyl Alcohol,
Busron 5mg,S.J. & G.,Rs 167,Buspirone,
Betasalic Lotion,Atco,Rs 122,"Betamethasone Dipropionate, Topical",
Betnelan 0.5mg,GlaxoSmithKline,Rs 34,"Betamethasone Sodium Phosphate, Inj/Oral",
Betnovate Lotion 60ml,GlaxoSmithKline,Rs 311,"Betamethasone Valerate, Topical",
Blokium,Highnoon,Rs 158,Atenolol,100mg
Blokium,Highnoon,Rs 52,Atenolol,25mg
Blokium,Highnoon,Rs 102,Atenolol,50mg
Blokium DIU,Highnoon,Rs 130,Atenolol,100mg
Byscard,Searle,Rs 442,Nebivolol HCl,10mg
Baycuten N,Bayer,Rs 109,Dexamethasone,
Britanyl,Barrett,Rs 30,Terbutaline,2.5mg
Barilol 5mg,Barrett,Rs 105,Bisoprolol,
BEASY 10mg,Bosch,Rs 375,Montelukast,
Beasy 4MG,Bosch,Rs 207,Montelukast,
Beasy 5MG,Bosch,Rs 240,Montelukast,
Blokium DIU,Highnoon,Rs 120,Atenolol,50mg
Biscot,Scotman,Rs 156,Bisoprolol,10mg
Betaloc Zok,Barrett,Rs 340,Metoprolol Succinate,100mg
Byscard,Searle,Rs 173,Nebivolol HCl,2.5mg
Byscard,Searle,Rs 282,Nebivolol HCl,5mg
Bapen,Genetics Pharmaceuticals,Rs 122,Gabapentin,100mg
Bapen,Genetics Pharmaceuticals,Rs 169,Gabapentin,300mg
Bapen,Genetics Pharmaceuticals,Rs 446,Gabapentin,400mg
breglin,Brookes,Rs 175,Pregabalin.,150mg
Baxamin,Schazoo Pharmaceuticals,Rs 77,Methocarbamol,400mg
Bepsar,Nabi Qasim,Rs 83,Losartan Potassium,25mg
Bepsar,Nabi Qasim,Rs 271,Losartan Potassium,50mg
Bepsar Plus,Nabi Qasim,Rs 220,Losartan Potassium,50mg
Blaze Plus,Mass-PH Health,Rs 183,Losartan Potassium,50
Baritec,Barrett,Rs 230,Olmesartan Medoxomil,20mg
Baritec,Barrett,Rs 400,Olmesartan Medoxomil,40mg
Bionic,S.J. & G. Fazul Ellahie,Rs 820,Ibandronic Acid,150mg
Bonviva,Roche,"Rs 10,000",Ibandronic Acid,3mg
Bonviva,Roche,"Rs 2,471",Ibandronic Acid,150mg
Bactizith,Wood Wards,Rs 219,Azithromycin,500mg
Blephamide Oint,Barrett,Rs 211,Prednisolone,0.25%
Blephapred Oint,Sante,Rs 161,Prednisolone,0.25%
Blephamide Drop,Barrett,Rs 116,Prednisolone,0.2%
Benclin,Sante,Rs 500,Clindamycin,1 %
Beltapro,Tabroos,Rs 131,Clobetasol,0.50%
Bracin-D,Atco,Rs 235,Dexamethasone,0.1%
Bromycin-D,Innvotek,Rs 142,Dexamethasone,0.1%
Bestec,Shrooq,Rs 169,Ebastine,10mg
Basoquin,Pfizer,Rs 39,Amodiaquine,150mg
Barinep,Barrett,Rs 540,Nepafenac,0.1%
Bakacin,Global-Vision,Rs 170,Amikacin,500mg
Baydal,Bayer,Rs 61,Cetirizine,10mg
Buscopan Plus,Merck,Rs 125,Hyoscine,10mg
B-Lact,Brookes,Rs 226,Lactulose,3.35gm
Bexus,Shaigan,Rs 185,Levofloxacin,250mg
Brodin,Werick,Rs 120,Levofloxacin,250mg
Brodin,Werick,Rs 230,Levofloxacin,500mg
Brotin,Shaigan,Rs 221,Bromocriptine,2.5mg
Basagine,Getz Pharma,"Rs 1,150",Insulin Glargine,100 IU
Butrin,Genetics Pharmaceuticals,Rs 187,Bupropion,75mg
Bismol,Macter,Rs 73,Bismuth Subsalicylate,265mg
Baxim,Nabi Qasim,Rs 135,Cefotaxime,1gm
Bestrix,Asian Continental,Rs 115,Ceftriaxone,250mg
Bestrix I.V,Asian Continental,Rs 384,Ceftriaxone,1gm
Bestrix,Asian Continental,Rs 205,Ceftriaxone,500mg
Bacticlor,Hirani's Pharma,Rs 151,Cephalexin,500mg
Betamet,Martin Dow,Rs 127,"Betamethasone Valerate, Topical",0.001
Betoptic-S Eye Drop 0.25% 5 ml,Alcon Pharma,Rs 618,"Betaxolol, Eye",
Berica,S.J. & G. Fazul Ellahie,Rs 163,Etoricoxib,60mg
Bludol,Stand Pharm,Rs 32,Ibuprofen,200mg
Brufen,Abbott Laboratories,Rs 64,Ibuprofen,600mg
Betadex,kaizen,Rs 130,Piroxicam-beta-cyclodextrin,20mg
Boshcam-B,Bosch,Rs 210,Piroxicam-beta-cyclodextrin,20mg
Brexin,Chiesi,Rs 300,Piroxicam-beta-cyclodextrin,20mg
Benprost 20mcg,Nabi Qasim,Rs 617,Beraprost,
Bepra 10mg,CCL,Rs 130,Rabeprazole,
Buzon 4mg,Nabi Qasim,Rs 400,Risperidone,
Bynevol 2.5mg,Atco,Rs 162,Nebivolol HCl,
Bifomyk,Mass-PH Health,Rs 223,,
Betaderm-NM 10gm,Atco,Rs 135,Betamethasone,
Bactamox 1.5gm,Bosch,Rs 195,Amoxicillin,
Bactamox 3gm Plus inj,Bosch,Rs 336,,
Bactamox 0.75mg Plus inj,Bosch,Rs 122,Amoxicillin,
Btrol 250mg,Bosch,Rs 128,Tranexamic Acid,
Btrol 500mg,Bosch,Rs 176,Tranexamic Acid,
Btrol 250mg,Bosch,Rs 45,Tranexamic Acid,
Bronochol syrup 120ml,Ferozsons,Rs 125,,
Bekson Forte,Getz Pharma,Rs 590,,
Biocobal,High-Q,Rs 94,B12,500mcg
Bambec,Barrett,Rs 253,Bambuterol,10 mg
Blotim 0.5%,Remington,Rs 164,,
Bisleri,Sami,Rs 300,Iron Polymaltose,50mg
Bactizith,Wood Wards,Rs 270,Azithromycin,200mg
B.Braun Cannula With Stopper 22G,B.Braun,Rs 239,,
Bofalgan,Bosch,Rs 150,Paracetamol,1gm
Bozpah,Nabi Qasim,"Rs 1,107",Bosentan Monohydrate,62.5 mg
Bactocan,Maxitech Pharma,Rs 190,Fluconazole,150mg
Bamtel,Schazoo Pharmaceuticals,Rs 130,"Bambuterol, Oral",10 mg
Btno,Genix,Rs 304,"Bambuterol, Oral",5mg
Btno,Genix,Rs 351,"Bambuterol, Oral",10mg
Btno,Genix,Rs 282,"Bambuterol, Oral",20mg
Bamifix,Chiesi,Rs 235,Bamifylline,600mg
Bronkeez,Stand Pharm,Rs 320,Montelukast,4 mg
Bronkeez,Stand Pharm,Rs 195,Montelukast,10 mg
Bronkeez,Stand Pharm,Rs 178,Montelukast,5 mg
Brethin,Platinum,Rs 25,Terbutaline Inj/Oral,2.5 mg
Bremax,Abbott Laboratories,Rs 36,Tulobuterol HCL,2 mg
Bynevol 5mg,Atco,Rs 300,Nebivolol HCl,
Bezel 500 mcg,Saffron,Rs 495,Mecobalamin,
Bezel 500 mcg,Saffron,Rs 99,Mecobalamin,
Bisleri 60ml,Sami,Rs 143,Iron Polymaltose,50mg
Bispa,Aspin Pharma,Rs 240,Bisoprolol,10 mg
Betanorm,Werick,Rs 218,Nebivolol HCl,5 mg
Barilol,Barrett,Rs 160,Bisoprolol,10mg
Brimson,Hudson Pharma's,Rs 742,Brimonidine Tartrate,
Brimson Plus,Hudson Pharma's,Rs 859,Brimonidine Tartrate + Timolol Maleate,
Betabar Ophthalmic Solution,Barrett,Rs 244,Levobunolol,
Bold,Scotman,Rs 105,Omeprazole,40mg
BTig,Bosch,"Rs 4,000",Tigecycline,50mg
Brivera,Helix Pharma,Rs 995,Brivaracetam,50 mg
Brivera,Helix Pharma,Rs 532,Brivaracetam,25 mg
Basil Plus Multivitamin & Mineral Supplements Tablets 3 x 10's Pack,Perfect Pharma Pvt Ltd,Rs 498,,
Bactizith,Woodwards,Rs 462,Azithromycin,250 mg
Bilagol - L,Schazoo Pharmaceuticals,Rs 232,Lactulose,67 gm
Bisleri,Sami,Rs 76,Iron Polymaltose,
Briax,AGP,Rs 178,Piroxicam,20 mg
Bisleri,Sami,Rs 152,Iron,III Hydroxide Polymaltose Complex + Folic A
Brufen,Abbott Laboratories,Rs 40,Ibuprofen,200 mg
Boshcam-B,Bosch,Rs 105,Piroxicam beta Cyclodextrin,20 mg
Beeko Sterile Neubilizer,Hudson Pharma's,Rs 394,,
Bispa,Aspin Pharma,Rs 91,Bisoprolol Fumarate,5 mg
Baritec-A,Barrett,Rs 270,,
Benzodep,Zaka Healthcare,Rs 480,Buspirone,5 mg
Barlev,Barrett,Rs 418,,
Bonjigar,Herbion,Rs 412,,
Brivera,Helix Pharma,Rs 855,,
Basagine,Getz Pharma,"Rs 1,150",Insulin Glargine,100unit
Betaderm N Cream 15gm,Atco,Rs 60,"Betamethasone Valerate, Topical",
Betaderm Ointment 15gm,Atco,Rs 65,"Betamethasone Valerate, Topical",
Betaderm N Ointment 15gm,Atco,Rs 77,"Betamethasone Valerate, Topical",
Betaderm Cream 15gm,Atco,Rs 57,"Betamethasone Valerate, Topical",
Betagenic Cream,Atco,Rs 94,"Betamethasone Valerate, Topical",0.1%
Betnesol Eye Ointment 5gm,GlaxoSmithKline,Rs 38,Betamethasone,
Britanyl Syrup,Barrett,Rs 70,Terbutaline,0.3mg
Bronkal Syrup 2mg / 60ml,Atco,Rs 43,Sulbutamol,
Bronkal Respiratory Sol 5mg/ Ml,Atco,Rs 51,Sulbutamol,
Betnovate Ointment 20 gm,GlaxoSmithKline,Rs 78,"Betamethasone Valerate, Topical",
Betnovate -N Cream 20 gm,GlaxoSmithKline,Rs 114,"Betamethasone Valerate, Topical",
Biscot,Scotman,Rs 97,Bisoprolol,5mg
Biguanil,Popular,Rs 18,Metformin,500mg
Blephapred Drop,Sante,Rs 68,Prednisolone,0.2%
Beltapro,Tabroos,Rs 85,Clobetasol,0.50%
Beltapro,Tabroos,Rs 71,Clobetasol,0.50%
Betadrop-N,Remington,Rs 62,Betamethasone,0.1%
Betnesol-N,GlaxoSmithKline,Rs 69,Betamethasone,0.1%
Belair,Bayer,Rs 71,Levocetirizine,5mg
Bakacin,Global-Vision,Rs 52,Amikacin,100mg
Bronchilate Syrup,Ray Pharma,Rs 35,Sulbutamol,
Bismol,Macter,Rs 91,Bismuth Subsalicylate,88mg
Baxim,Nabi Qasim,Rs 67,Cefotaxime,250mg
Baxim,Nabi Qasim,Rs 100,Cefotaxime,500mg
Beflam,Batala Pharma,Rs 50,Diclofenac potassium,75mg
Bludol,Stand Pharm,Rs 89,Ibuprofen,100mg
Bludol Ds,Stand Pharm,Rs 93,Ibuprofen,200mg
Brufen 120ml,Abbott Laboratories,Rs 108,Ibuprofen,100mg
Brufen DS 200mg 90ml,Abbott Laboratories,Rs 107,Ibuprofen,200mg
Betasalic Oint 15gm,Atco,Rs 92,,
Betnovate,GlaxoSmithKline,Rs 104,,
Btrol 500mg,Bosch,Rs 87,Tranexamic Acid,
Betagenic Ointment 0.05/0.1%,Atco,Rs 82,Gentamicin,0.1%
Barilol Tab 2.5mg 14's,Barrett,Rs 32,Bisoprolol,
Babynol,Wood Wards,Rs 71,,
Blisscal,Bliss,Rs 29,,
Bronex,Wood Wards,Rs 80,,
Bofalgan,Bosch,Rs 85,Paracetamol,300mg
Bispa,Aspin Pharma,Rs 47,Bisoprolol,2.5 mg
Biscot,Scotman,Rs 49,Amlodipine,2.5mg
Baydal,Bayer,Rs 49,Cetirizine,5mg
Betnesol-N,GlaxoSmithKline,Rs 40,Betamethasone,0.1%
Blotnil,Belle Vie,Rs 90,,
Brufen,Abbott Laboratories,Rs 102,"Ibuprofen, topical",10 %
Bronchilate 120ml Syrup,Ray Pharma,Rs 75,Sulbutamol,2 mg
Bepanthol Body Lotion 200ml,Bayer,"Rs 1,498",Dexpanthenol,
Biolan Gel,GlaxoSmithKline,Rs 368,Sodium Hyaluronate,
Bepanthen Protective Baby Ointment,Bayer,Rs 148,Dexpanthenol,
Biovit-M,Pharma Health,Rs 325,,
Boostaid,Better Health Company,"Rs 1,295",,
B-Complex 50,The Vitamin Company,Rs 650,,
Bonedol 0.5mcg,Pharm Evo,Rs 150,Alfacalcidol,
Bambec 20mg,Barrett,Rs 788,"Bambuterol, Oral",20 mg
Bekson 50MCG Inhaler,Getz Pharma,Rs 240,Beclomethasone,
Bepanthen Plus 30g Cream,Bayer,Rs 119,Chlorhexidine,
Betaderm Lotion,Atco,Rs 138,"Betamethasone Valerate, Topical",0.05%
Brevoxyl 40g,GlaxoSmithKline,Rs 311,Benzoyl Peroxide,4%
BROMALEX,Indus Pharma,Rs 64,Bromazepam,3mg
Bessfam,High-Q,Rs 90,Famotidine,20mg
Beta Block,PPP,Rs 22,Propranolol HCl,40mg
Betanol,Rakahposhi,Rs 24,Propranolol HCl,40mg
Blockonol,Lisko,Rs 107,Propranolol HCl,40mg
Byetta,Eli Lilly,"Rs 11,500",Exenatide,10mcg
Bamaryl,Orta,Rs 100,Glimepiride,2mg
Bamaryl,Orta,Rs 466,Glimepiride,4mg
Bnor,Schazoo Pharmaceuticals,Rs 37,Buprenorphine,0.3mg
Buper,Rakahposhi,Rs 80,Buprenorphine,0.2mg
Bupicain,LCPW,Rs 29,Bupivacaine,0.5%
Bupicain,LCPW,Rs 54,Bupivacaine,7.5mg
Betagan,Barrett,Rs 154,Levobunolol,
Batin,Shaheen,Rs 138,Gabapentin,100mg
Batin,Shaheen,Rs 150,Gabapentin,300mg
Batin,Shaheen,Rs 414,Gabapentin,300mg
Biogaba,Bio Labs,Rs 150,Gabapentin,300mg
Branon,Caraway,Rs 150,Gabapentin,300mg
Branon,Caraway,Rs 300,Gabapentin,600mg
Blin,Linta,Rs 408,Pregabalin.,150mg
Blin,Linta,"Rs 1,358",Pregabalin.,300mg
Brainamax,Friends,Rs 150,Topiramate,25mg
Butacon,Valor,Rs 222,Butoconazole,
Brumixol,Angelini,Rs 285,Ciclipirox Olamine,100mg
Begesic,Batala Pharma,Rs 19,Orphenadrine,35mg
Baclin,MAQ,Rs 56,Baclofen,10mg
Baclorax,Mediceena,Rs 140,Baclofen,10mg
Baflex,Polyfine,Rs 60,Baclofen,10mg
Blopress,Hilton,"Rs 1,650",Candesartan Cilexetil,16mg
Blopress,Hilton,"Rs 1,036",Candesartan Cilexetil,8mg
Blaze,Mass-PH Health,Rs 165,Losartan Potassium,50mg
Bismax,Delux,Rs 190,Alendronate,10mg
Bonafide,Medisure,Rs 800,Alendronate,70mg
Bonate,Wilshire,Rs 360,Alendronate,70mg
Bonemed,Medicraft,Rs 240,Alendronate,10mg
Bonemed,Medicraft,Rs 690,Alendronate,70mg
Bonfit,Searle,Rs 200,Alendronate,10mg
Bonfit,Searle,Rs 364,Alendronate,70mg
Bongard,Pharm Evo,Rs 200,Alendronate,10mg
Bongard,Pharm Evo,Rs 300,Alendronate,70mg
Bonpart,Barrett,Rs 158,Alendronate,10mg
Bonpart,Barrett,Rs 460,Alendronate,70mg
Bostrong,PDH,Rs 165,Alendronate,10mg
Bostrong,PDH,Rs 360,Alendronate,70mg
Bondronat,Roche,"Rs 10,200",Ibandronic Acid,2mg
Bondronat,Roche,"Rs 25,465",Ibandronic Acid,6mg
Bonvir,Shrooq,Rs 425,Ibandronic Acid,150mg
Bone,Akson,Rs 400,Risedronate Sodium,5mg
Cefomerc,Martin Dow Marker,Rs 235,Cefotaxime,1gm
Cefomerc,Martin Dow Marker,Rs 139,Cefotaxime,500mg
Cefon,Tabroos,Rs 228,Cefotaxime,1gm
Cefotax,Bosch,Rs 172,Cefotaxime,1gm
Cefotax,Bosch,Rs 109,Cefotaxime,500mg
Claforan,Sanofi,Rs 337,Cefotaxime,1gm
Claforan IV,Sanofi,Rs 525,Cefotaxime,2gm
Claforan,Sanofi,Rs 134,Cefotaxime,0.25gm
Clavox,Macter,Rs 228,Cefotaxime,1gm
Cliver,Shaigan,Rs 200,Cefotaxime,1gm
Cliver,Shaigan,Rs 114,Cefotaxime,500mg
Cefidox,Stand Pharm,Rs 379,Cefpodoxime,100mg
Cefprox,Continental Pharma,Rs 327,Cefpodoxime,100mg
Co-Dorzal,Sante,"Rs 1,050",Dorzolamide,2 %
Cefcom,Barrett,Rs 220,Ceftazidime,500mg
Ceftiz,Shaigan,Rs 320,Ceftazidime,1gm
Ceftiz,Shaigan,Rs 127,Ceftazidime,250mg
Ceftiz,Shaigan,Rs 144,Ceftazidime,500mg
Cefizox,Barrett,Rs 480,Ceftizoxime,1gm
Cefizox,Barrett,Rs 155,Ceftizoxime,250mg
Cefizox,Barrett,Rs 270,Ceftizoxime,500mg
Cefotrim,Pharmadic,Rs 330,Ceftriaxone,1gm
Cefotrim,Pharmadic,Rs 118,Ceftriaxone,250mg
Cefotrim,Pharmadic,Rs 175,Ceftriaxone,500mg
Cefxone,Bosch,Rs 430,Ceftriaxone,1gm
Cefxone,Bosch,Rs 582,Ceftriaxone,2gm
Celtis,Shaigan,Rs 325,Ceftriaxone,1gm
Celtis,Shaigan,Rs 165,Ceftriaxone,500mg
Cutis 250 mg,Tabroos,Rs 550,Terbinafine,250mg
Cosarb Cream,CosDerm,"Rs 2,950",,
Ceflex,KPL,"Rs 1,497",Cephalexin,500mg
Ceporex,GlaxoSmithKline,Rs 80,Cephalexin,250mg
Ceporex,GlaxoSmithKline,Rs 168,Cephalexin,500mg
Ceporex,GlaxoSmithKline,Rs 101,Cephalexin,100mg|ml
Ceporex,GlaxoSmithKline,Rs 152,Cephalexin,125mg
Ceporex Suspension,GlaxoSmithKline,Rs 239,Cephalexin,250mg
C-Yalta 30 mg,Aspin Pharma,Rs 306,Duloxetine,
C-Yalta 60 mg,Aspin Pharma,Rs 463,Duloxetine,
Co-Depricap 6mg/25mg,Nabi Qasim,Rs 191,Fluoxetine,6mg
Cefamezin,Barrett,Rs 265,Cephazolin,1gm
Cefamezin,Barrett,Rs 140,Cephazolin,500mg
Cefrinex,Bosch,Rs 75,Cephradine,250mg
Cefrinex,Bosch,Rs 125,Cephradine,500mg
Cefrinex,Bosch,Rs 145,Cephradine,1gm
Cefrinex,Bosch,Rs 157,Cephradine,125mg|5ml
Cefrinex,Bosch,Rs 258,Cephradine,250mg|5ml
Cephgen-1,Zafa,Rs 129,Cephradine,250mg
Cephgen-1,Zafa,Rs 208,Cephradine,500mg
Cephgen-1,Zafa,Rs 115,Cephradine,1gm
Celbexx,Getz Pharma,Rs 310,Celecoxib,200 mg
Celoxib,Zaka Healthcare,Rs 178,Celecoxib,200mg
Celstar,Pharmatec,Rs 269,Celecoxib,200mg
Caflam,Novartis,Rs 169,Diclofenac potassium,50mg
Catafen,Cibex,Rs 86,Diclofenac potassium,50mg
Clonap,Venture,Rs 56,Diclofenac potassium,50mg
Cytopan,Getz Pharma,Rs 270,Diclofenac Sodium and Misoprostol,75 mg
Clopid 75 mg,Ferozsons,Rs 234,Clopidogrel Bisulphate,
Cova,Getz Pharma,Rs 135,Valsartan,80 mg
Covam,Getz Pharma,Rs 345,Valsartan,10 mg
Covam,Getz Pharma,Rs 295,Valsartan,5 mg
Covam,Getz Pharma,Rs 220,Valsartan,5 mg
Cobolmin,Macter,Rs 164,Mecobalamin,500mcg
Cara,S.J. & G. Fazul Ellahie,Rs 300,Leflunomide,10mg
Cara,S.J. & G. Fazul Ellahie,Rs 564,Leflunomide,20mg
Cyclodex,Platinum,Rs 150,Piroxicam-beta-cyclodextrin,20mg
Cycloram,Bryon,Rs 107,Piroxicam-beta-cyclodextrin,20mg
Calcee-Plus Powder 10's,Wilson's,Rs 25,,
C-Yalta 20mg,OBS,Rs 262,Duloxetine,
Ciprox,Amson,Rs 245,Ciprofloxacin,250mg
Ciprox,Amson,Rs 175,Ciprofloxacin,500mg
Ceregin 4.5mg,Platinum,Rs 319,Co-dergocrine Mesylate,
Centrum,Pfizer,"Rs 2,567",Multivitamin and mineral,
Canix-H 15gm,Crystolite Pharma,Rs 136,,
Ceremin 1gm/5ml Syrup,Schazoo Pharmaceuticals,Rs 500,Piracetam,
Capril,Maple,Rs 350,Captopril,25mg
Climole,Maxitech Pharma,Rs 365,,
Cimet 400mg,Ferozsons,Rs 166,Cimetidine,
Cal One-D,Martin Dow,Rs 309,Calcium Supplement,250mg
Clefer 100mg,Bosch,"Rs 1,400",,
Calamox DS,Bosch,Rs 241,Co-amoxiclav,312.5 mg
Coferb,Hinucon,Rs 278,,
Compound Medicine,Nigehban,Rs 643,,
Cutipro 50g,Derma Techno,Rs 350,,
Co-Valtec,Tabroos,Rs 336,Valsartan,160mg
Clozole-H 10gm,Maxitech Pharma,Rs 110,Hydrochlorothiazide..,
Calcium-P 110ml,PDH,Rs 175,,
Cutis 1%,Tabroos,Rs 360,Terbinafine,1%
Crestat 5mg,CCL,Rs 214,Rosuvastatin calcium,5mg
Calcipan T 50mg,Icon,Rs 33,,
Cobolmin,Macter,Rs 88,Mecobalamin,500mcg
Cipotic,Barrett,Rs 140,Ciprofloxacin,
ClotNil,Barrett,Rs 230,,
Curanep,Schazoo Pharmaceuticals,Rs 350,Nepafenac,0.1%
Cipesta,Getz Pharma,Rs 161,Ciprofloxacin,125 mg
Cipesta,Getz Pharma,Rs 285,Ciprofloxacin,250 mg
Claritek,Getz Pharma,Rs 767,Clarithromycin,250 mg
Conaz 10gm,Atco,Rs 146,"Ketoconazole, topical",2% w
Comate,Schazoo Pharmaceuticals,Rs 156,,
Caldree,High-Q,Rs 320,,
Co-Valtec,Tabroos,Rs 376,Hydrochlorothiazide,25mg
Cozyme-10 100mg,Wilson's,Rs 658,,
Co-Amstan,Scilife,Rs 220,,
Cilix,Derma Techno,Rs 620,,
Co-Amstan,Scilife,Rs 458,,
Cosome,Martin Dow,Rs 152,Dextromethorphan hydrobromide,
Carveda,Ferozsons,Rs 166,Carvedilol,3.125mg
Curezole,Atco,Rs 138,,
Claforan,Sanofi,Rs 203,Cefotaxime,0.5gm
Calfina,AGP,Rs 365,Tramadol,50mg
Calfina,AGP,Rs 205,Tramadol,100mg
Campex-P,Akhai,Rs 149,Tramadol,37.5|325 mg
Canesten 1,Bayer,Rs 143,Clotrimazole,500mg
Cova,Getz Pharma,Rs 189,,
Cidpro,Indus Pharma,Rs 113,Omeprazole,20mg
Cordarone,Sanofi,Rs 942,Amiodarone,150mg
Cordarone,Sanofi,Rs 198,Amiodarone,100mg
Cordarone,Sanofi,Rs 306,Amiodarone,200mg
Corlet,Bryon,Rs 76,Isosorbide Mononitrate,20mg
Coralan,Servier,Rs 490,Ivabradine,5mg
Coralan,Servier,"Rs 1,960",Ivabradine,7.5mg
Cardioplegia,LCPW,Rs 91,Nicronadil,200mg
Cogin,Avant,Rs 325,Ginko Biloba containing preps,
Cara,S.J. & G. Fazul Ellahie,"Rs 1,344",Leflunomide,20mg
Conaz,Atco,Rs 348,"Ketoconazole, topical",
Citro Soda (Orange),Abbott Laboratories,Rs 24,Tartaric Acid Containing Antacid Effervescent Salt,5 gm
Cidine,Highnoon,Rs 360,Cinitapride,1mg
Cedrox-BD,Platinum,Rs 383,Cefadroxil,500mg
Cidpro 40mg,Indus Pharma,Rs 190,,
Cutis,Tabroos,Rs 231,Terbinafine,1%
Cran Max Aqua Ginger 250mg 10mg,Hinucon,Rs 364,Cranberry Extract,120ml
Canesten Extra,Bayer,Rs 232,,
Conkast,Continental Pharma,Rs 450,Montelukast,5mg
Contine,Amarant,Rs 875,Memantine,10mg
Conzyme 15mg,Asian Continental,Rs 183,Serrapeptase,15mg
Conzyme 5mg,Asian Continental,Rs 73,Serrapeptase,5mg
Covance,Ferozsons,Rs 510,Amlodipine,5
Covance,Ferozsons,Rs 439,Amlodipine,5
Covance,Ferozsons,Rs 720,Amlodipine,10
Calamox Drops 62.5mg / ml,Bosch,Rs 151,Co-amoxiclav,62.5mg
Crescor 20mg,Martin Dow,Rs 460,Rosuvastatin calcium,
Co-Extor,Searle,Rs 448,Amlodipine besylate,5 mg
Clotnil Plus,Barrett,Rs 230,Aspirin,75
Cal One-D,Martin Dow,Rs 153,,
Ceporex,GlaxoSmithKline,Rs 114,Cephalexin,125mg
Ceclor,AGP,Rs 625,Cefaclor,187mg
Calfina Plus,AGP,Rs 210,Tramadol,37.5mg
Cyclo,Helix Pharma,Rs 266,Cyclosporin,0.0005
Co-Amstan,Scilife,Rs 342,Amlodipine,10+160+25mg
Combihale,Hudson Pharma's,Rs 513,Ipratropium Bromide,
Ceremin Tablet,Schazoo Pharmaceuticals,Rs 94,Piracetam,400mg
Caripeptic (Sugar Free),Himont,Rs 712,,
Casodex,ICI Pakistan Limited,"Rs 21,044",Bicalutamide,50mg
Campto,Pfizer,"Rs 18,971",Irinotecan,100mg
Clenil For Aerosol,Chiesi,"Rs 1,113",Beclomethasone,0.8mg
Ceregin,Platinum,Rs 362,Co-dergocrine Mesylate,1.5mg
Conifa,Searle,Rs 449,Solifenacin Succinate,5mg
Clenil Comp For Aerosol,Chiesi,Rs 686,Beclomethasone,0.8mg
Calamox Tablet,Bosch,Rs 213,Co-amoxiclav,1gm
Cefgard,Sami,Rs 551,Cefaclor,500mg
Coferb Cough Drops,Hilton,Rs 265,,
Cefresh,Linz,Rs 138,Cephradine,250mg
Cutis,Tabroos,Rs 695,"Terbinafine,Oral",125mg
Clotles SS,Himont,Rs 583,Enoxaparin,40mg
Clotles SS,Himont,Rs 577,Enoxaparin,60mg
Crescor,Martin Dow Marker,Rs 345,Rosuvastatin calcium,10mg
Cefalor,Bosch,Rs 350,,
Cosvit,CosDerm,Rs 895,,
Capril,Maple,Rs 280,Captopril,12.5mg
Creato SR,Tabroos,Rs 180,Trimetazidine dihydrochloride,35 mg
Clotles Plus,Himont,Rs 188,Aspirin,75 mg
Corbis-H,Efroze,Rs 111,Bisoprolol Fumarate,5 mg
Cinoflox,S.J. & G. Fazul Ellahie,Rs 165,Ciprofloxacin,250 mg
Ciprolis,Titlis Pharma,Rs 187,Ciprofloxacin,250 mg
Ciprolis,Titlis Pharma,Rs 310,Ciprofloxacin,500 mg
Clopid Asp,Ferozsons,Rs 391,Aspirin,75
Cova-H,Getz Pharma,Rs 153,Hydrochlorothiazide,12.5 mg
Cova-H,Getz Pharma,Rs 195,Hydrochlorothiazide,160 mg
Clinda-T,Valor,Rs 264,Clindamycin Topical,0.0012 %
Core 24,Getz Pharma,Rs 300,,
Clinda Plus,Valor,Rs 280,Clindamycin Topical,
Cinva,CCL,"Rs 1,712",Vancomycin,1 gm
Cinva,CCL,"Rs 1,012",Vancomycin,500 gm
Cinam,CCL,"Rs 1,061",Imipemide,500 mg
Citanew,Hilton,Rs 395,Escitalopram,
Clavir,Hilton,Rs 356,,
Colorest,Hilton,Rs 298,,
Cetralex,Rite pharma,Rs 470,Sertraline,100 mg
Clarixin,Maxitech Pharma,Rs 360,Erythromycin,
Cefrinex,Bosch,Rs 150,Cephradine,250 mg
Cadik,Hirani's Pharma,Rs 750,Calcium Supplement,600 mg
Costa,Hirani's Pharma,Rs 161,Carbocisteine,250 mg
Costa - Pro,Hirani's Pharma,Rs 127,Carbocisteine,100 mg
Covy,Hirani's Pharma,Rs 175,,
Costa,Hirani's Pharma,Rs 100,Carbocisteine,375 mg
Crescor,Martin Dow,Rs 210,Rosuvastatin calcium,5 mg
Celeron SR,Genetics Pharmaceuticals,Rs 700,,
Covam Plus,Getz Pharma,Rs 123,Amlodipine besylate,10 mg
Conosave,Serving Health Pakistan,Rs 140,Fluconazole,150 mg
Canter,Indus Pharma,Rs 173,Clarithromycin,250 mg
Canesten,Bayer,Rs 168,Clotrimazole,1%w
Cystone,Highnoon,Rs 690,,
Cystone,Highnoon,Rs 750,,
Co - Olan,Cell Laboratories,Rs 382,Olanzapine + Fluoxetine,12 mg + 25 mg
Calfina CR,AGP,Rs 360,Tramadol,
Carodek,AGP,Rs 51,Vitamin C & E,5 gm
Ceclor MR,AGP,"Rs 1,200",Cefaclor,750 mg
Cinklare,AGP,Rs 270,Cefixime,100 mg
Cinklare,AGP,Rs 340,Cefixime,200 mg
Cinklare,AGP,Rs 460,Cefixime,400 mg
Cofif Plus,AGP,Rs 254,Ivy Leaf Extract,
Cougar,Scotmann,Rs 267,Rosuvastatin calcium,10 mg
Co-Mether DS,Helix Pharma,Rs 432,Artemether,40 mg
Clinda,Valor,Rs 198,Clindamycin,300 mg
CQ10,Vida,Rs 640,,
Calan SR,Searle,Rs 117,Verapamil HCl,240 mg
Cobrinzo,Hudson Pharma's,"Rs 1,038",,
Clinion,Hudson Pharma's,Rs 318,,
Cidpro,Indus Pharma,Rs 17,Omeprazole,20 mg
Cefresh,Linz,Rs 138,,
Cardiolite,Asian Continental,Rs 99,,
Canter 500mg,Indus Pharma,Rs 320,Clarithromycin,
Calcare-D,Nutrabiotics,Rs 450,,
Celdrin,GenTek,"Rs 1,440",,
Citolin,Global Pharma,"Rs 1,952",,
Citolin,Global Pharma,Rs 700,,
Constifit,Herbion,Rs 347,,
Coxipide Tablet,Hirani's Pharma,Rs 350,,
Cran-V Feminine Hygiene Wash,Hinucon,Rs 375,,
Calwid 800mg Tablet,BmedHC,Rs 680,,
Carticoll,Nurtasource International,Rs 657,,
Carbatit,Titlis Pharma,Rs 98,Carbamazepine,200mg
Crestat EZ,CCL,Rs 340,Ezetimibe,10mg
Co-Aprovel,Sanofi,Rs 683,Irbesartan,150mg
Calan,Searle,Rs 142,Verapamil HCl,40mg
Celbexx,Getz Pharma,Rs 238,Celecoxib,100 mg
Cardura,Pfizer,Rs 398,Doxazosin Mesylate,2mg
Ciproxin,Bayer,Rs 328,Ciprofloxacin,250mg
Ciproxin,Bayer,Rs 658,Ciprofloxacin,500mg
Chewcal,GlaxoSmithKline,Rs 182,Calcium Supplement,
Cecon,Abbott Laboratories,Rs 180,Vitamin C,500mg
Cardnit 2.6mg,Atco,Rs 98,Glyceryl Trinitrate,2.6mg
Cerophene,Hilton,Rs 700,Clomiphene,50mg
Combivair,Highnoon,Rs 155,Budesonide,400mcg
Combivair,Highnoon,Rs 150,Budesonide,200mcg
Colofac,Abbott Laboratories,Rs 154,Mebeverine,135 mg
Co-Tritace,Sanofi,Rs 374,Ramipril,5mg
Clenil,Chiesi,Rs 646,Beclomethasone,250mcg
Cipram 20mg,Lundbeck,"Rs 1,092",Citalopram,
Citanew,Hilton,Rs 439,Escitalopram,10mg
Citro Soda Powder Sachet lemon,Abbott Laboratories,Rs 24,Tartaric Acid Containing Antacid Effervescent Salt,5gm
Contractubex 20 gm Gel,Brookes,Rs 775,Heparin,
Curine 15ml,Schazoo Pharmaceuticals,Rs 150,Naphazoline,
Chymoral Forte,AGP,Rs 264,Trypsin,
Calavant-D,Avant,Rs 167,,
Citanew,Hilton,Rs 336,Escitalopram,5mg
Caldree,High-Q,Rs 187,Calcium carbonate,600mg
Calan,Searle,Rs 43,Verapamil HCl,80mg
Co-Plavix,Sanofi,Rs 485,Clopidogrel hydrogen sulphate,75mg
Citalo,Platinum,Rs 220,Citalopram,20mg
Cardura,Pfizer,Rs 785,Doxazosin,4mg
Crestat 10 mg,CCL,Rs 358,Rosuvastatin calcium,10mg
Cellcept,Roche,"Rs 7,406",Mycophenolate,500mg
Cipesta,Getz Pharma,Rs 440,Ciprofloxacin,500 mg
Cebosh DS 30ml,Bosch,Rs 306,Cefixime,200mg
Cipralex,Lundbeck,"Rs 2,033",Escitalopram,20mg
Coferb Plus,Hilton,Rs 330,,
Cytopan,Getz Pharma,Rs 238,Diclofenac Sodium,50mg
Cyrocin,Highnoon,Rs 350,Ciprofloxacin,500mg
Cyrocin,Highnoon,Rs 323,Ciprofloxacin,250mg
Coferb Plus,Hilton,Rs 840,,
Cebosh 100mg/5ml,Bosch,Rs 225,Cefixime,
Canesten 1,Bayer,Rs 126,Clotrimazole,10%
Crafilm Chewable Tablets,Pacific Pharma,Rs 56,Sucralfate,
Cipesta,Getz Pharma,Rs 232,Ciprofloxacin,250mg
Cefiget,Getz Pharma,Rs 535,Cefixime,200 mg
Conzyme 10mg,Asian Continental,Rs 120,Serrapeptase,10mg
Ciprin,Werick,Rs 466,Ciprofloxacin,500mg
Citanew,Hilton,Rs 638,Escitalopram,20mg
Cefspan Ds 200mg/5ml,Barrett,Rs 450,Cefixime,
Crestat,CCL,Rs 560,Rosuvastatin calcium,20mg
Co-Extor,Searle,Rs 504,Amlodipine besylate,10mg
Co-Extor,Searle,Rs 431,Amlodipine besylate,5 mg
Colenticon (sugar Free),Pacific Pharma,Rs 188,Aluminium Hydroxide,
Cycin,High-Q,Rs 460,Ciprofloxacin,500mg
Calcee 500 Orange Flavored 1 x 10's Sachets Pack,Wilson's,Rs 14,Calcium Supplement,1000 mg
Cipocain Ear Drops,Barrett,Rs 168,Ciprofloxacin,
Cipval Tab 250mg,GlaxoSmithKline,Rs 224,Ciprofloxacin,
Cipval 500mg,GlaxoSmithKline,Rs 390,Ciprofloxacin,
Cycin,High-Q,Rs 260,Ciprofloxacin,250mg
CILOXAN Eye Drops,Alcon Pharma,Rs 322,Ciprofloxacin,0.3 %
Clexane 80mg,Sanofi,Rs 799,Enoxaparin,
Clomid,Pacific Pharma,Rs 629,Clomiphene,50mg
Cofcol Elixir 120ml,Abbott Laboratories,Rs 118,,
Collapep,Bionta Pharma,Rs 132,,
Cosom 120ml,Merck,Rs 115,Cough Sedative,
Coversam,Servier,Rs 473,Perindopril,8mg
Carneel,High-Q,Rs 800,,
Cefim,Hilton,Rs 470,Cefixime,400mg
Corbis-H,Efroze,Rs 160,Bisoprolol Fumarate,10 mg
Concor,Martin Dow,Rs 613,Bisoprolol Hemifumarate,10mg
Concor,Martin Dow,Rs 174,Bisoprolol Hemifumarate,2.5mg
Concor,Martin Dow,Rs 313,Bisoprolol Hemifumarate,5mg
Corbis,Efroze,Rs 182,Bisoprolol Fumarate,10mg
Corbis,Efroze,Rs 111,Bisoprolol Fumarate,5mg
Corbis-H,Efroze,Rs 70,Bisoprolol Fumarate,5mg
Carlov,Hilton,Rs 211,Carvedilol,12.5mg
Carlov,Hilton,Rs 306,Carvedilol,25mg
Carlov,Hilton,Rs 93,Carvedilol,6.25mg
Carveda,Ferozsons,Rs 227,Carvedilol,12.5mg
Carveda,Ferozsons,Rs 371,Carvedilol,25mg
Carveda,Ferozsons,Rs 110,Carvedilol,6.25mg
Cardinol,Icon,Rs 27,Propranolol HCl,40mg
Campex,Akhai,Rs 624,Tramadol,50mg
Clycin-V,Shaigan,Rs 675,Clindamycin,40gm
Canesten Vaginal 0.1g,Bayer,Rs 159,Clotrimazole,100mg
Colril,Searle,Rs 250,Thiocolchicoside,4mg
Co-Olesta,Searle,Rs 235,Olmesartan Medoxomil,20mg
Co-Olesta.,Searle,Rs 371,Olmesartan Medoxomil,40mg
Co-Tasmi,Getz Pharma,Rs 215,Telmisartan,40 mg
Co-Tasmi,Getz Pharma,Rs 338,Telmisartan,80 mg
Co-Telsan,Hilton,Rs 255,Telmisartan,40mg
Co-Telsan,Hilton,Rs 378,Telmisartan,80 mg
Co-Diovan,Novartis,"Rs 1,073",Valsartan,160mg
Co-Diovan,Novartis,"Rs 1,526",Valsartan,160mg
Co-Diovan,Novartis,Rs 927,Valsartan,80mg
Co-Valid,Scilife,Rs 323,Valsartan,160mg
Co-Valid,Scilife,Rs 338,Valsartan,160mg
Co-Valid,Scilife,Rs 252,Valsartan,80mg
Co-Valstar,CCL,Rs 199,Valsartan,160mg
Co-Valtec,Tabroos,Rs 266,Valsartan,80mg
Cansaar,Abbott Laboratories,Rs 453,Candesartan Cilexetil,32mg
Cansaar,Pharmatec,Rs 285,Candesartan Cilexetil,8mg
Carac,Macter,Rs 150,Candesartan Cilexetil,16mg
Carac,Macter,Rs 150,Candesartan Cilexetil,32mg
Cartex,Schazoo Pharmaceuticals,Rs 270,Candesartan Cilexetil,16mg
Cartex,Schazoo Pharmaceuticals,Rs 110,Candesartan Cilexetil,8mg
Canrec Plus,Martin Dow,Rs 200,Candesartan Cilexetil,16mg
Cansaar Plus,Abbott Laboratories,Rs 293,Candesartan Cilexetil,16mg
Cartex H,Schazoo Pharmaceuticals,Rs 200,Candesartan Cilexetil,16mg
CO-Aprovel,Sanofi,"Rs 1,320",Irbesartan,300mg
CO-Aprovel,Sanofi,"Rs 1,024",Irbesartan,300mg
CO-A2A,Wilson's,Rs 297,Losartan Potassium,100mg
CO-A2A,Wilson's,Rs 225,Losartan Potassium,50mg
Co-Eziday,Werick,Rs 359,Losartan Potassium,100mg
Co-Eziday,Werick,Rs 255,Losartan Potassium,50mg
Co-Baritec,Barrett,Rs 250,Olmesartan Medoxomil,20mg
Co-Baritec,Barrett,Rs 405,Olmesartan Medoxomil,40mg
Cetrotide,Martin Dow Marker,"Rs 4,529",Cetrorelix,0.25mg
Cystalgon,Pacific Pharma,Rs 289,Flavoxate,200mg
Canter,Indus Pharma,Rs 397,Clarithromycin,125mg
Dynetic 50mg,Ferozsons,Rs 270,Itopride,
Dulan,Hilton,Rs 270,Duloxetine,20 mg
Daktarin Oral Gel,Aspin Pharma,Rs 215,Miconazole,2%
D-Max (Sugar Free),Matrix,Rs 690,Cholecalciferol,2000IU
Duodart,GlaxoSmithKline,"Rs 5,270",Dutasteride,0.5 mg
Dermovate  Cream 20g,GlaxoSmithKline,Rs 141,Clobetasol,0.05%
Donecept 5mg,Atco,Rs 287,Donepezil,
Dulan,Hilton,Rs 660,Duloxetine,60mg
Donecept 10mg,Atco,Rs 400,Donepezil,
Danzen,Helix Pharma,Rs 160,Serrapeptase,10mg
D-Max,Matrix,Rs 450,Cholecalciferol,400IU
Daktacort Cream 10gm,Janssen,Rs 160,Hydrocortisone,20 mg
Distalgesic 37.5/325mg,Atco,Rs 210,Paracetamol,37.5mg
Diabetrol,The Vitamin Company,Rs 650,,
"Dan-D 50,000 IU",CCL,Rs 341,Cholecalciferol,
Deprel,Adamjee Pharmaceuticals,Rs 185,Trazodone,100mg
Deprel,Adamjee Pharmaceuticals,Rs 127,Trazodone,50mg
Dexatob Ear Drop,Sante,Rs 210,Dexamethasone,0.1 %
Doxium,AGP,Rs 587,Calcium Dobesilate,500mg
Duricef Susp 250mg/ 5ml,GlaxoSmithKline,Rs 819,Cefadroxil,
D4U,Genix,Rs 220,Cholecalciferol,"200,000 I.U."
Daflon,Servier,Rs 346,Diosmin,500mg
Daktarin,Aspin Pharma,Rs 152,Miconazole,2%
Decadron,OBS,Rs 27,"Dexamethasone, Inj/Oral",4mg
Depricap,Nabi Qasim,Rs 230,Fluoxetine,20mg
Duragesic Forte Tab,Tabroos,Rs 89,Orphenadrine,50mg
Danzen,Helix Pharma,Rs 97,Serrapeptase,5mg
Depex,Martin Dow,Rs 246,Fluoxetine,20mg
Dermosporin 20gm,Nabi Qasim,Rs 140,Clotrimazole,1%
Dicloran Gel 20.GM,Sami,Rs 128,"Diclofenac Sodium, topical",2%
Drate,S.J. & G. Fazul Ellahie,Rs 750,Alendronate,70mg
DYNAQUIN 500 MG INJ,Barrett,Rs 350,Levofloxacin,
Dilatrend,Martin Dow,Rs 298,Carvedilol,12.5mg
Dilatrend,Martin Dow,Rs 149,Carvedilol,6.25mg
Dilatrend,Martin Dow,Rs 600,Carvedilol,25mg
Daonil,Sanofi,Rs 103,Glibenclamide,5mg
Diabetron,Ferozsons,Rs 169,Gliclazide,80 mg
Diamicron MR,Servier,Rs 398,Gliclazide,30mg
Diamicron MR,Servier,Rs 306,Gliclazide,60mg
Diamicron,Servier,Rs 271,Gliclazide,80mg
Diabold,Barrett,Rs 100,Glimepiride,2mg
Diabold,Barrett,Rs 150,Glimepiride,3mg
Diabold,Barrett,Rs 200,Glimepiride,4mg
Diatrol,Martin Dow,Rs 83,Glimepiride,2mg
Diatrol,Martin Dow,Rs 102,Glimepiride,3mg
Diatrol,Martin Dow,Rs 138,Glimepiride,4mg
Dapakan,Platinum,Rs 120,Divalproex Sodium,250mg
Dapakan,Platinum,Rs 62,Divalproex Sodium,250mg
Dapakan,Platinum,Rs 108,Divalproex Sodium,500mg
Dipodium,Amarant,Rs 148,Divalproex Sodium,500mg
Devenda,Genetics Pharmaceuticals,Rs 330,Levetiracetam,250mg
Devenda,Genetics Pharmaceuticals,Rs 580,Levetiracetam,500mg
Duragesic,Tabroos,Rs 46,Orphenadrine,35mg
Diovan,Novartis,"Rs 1,349",Valsartan,160mg
Diovan,Novartis,"Rs 1,129",Valsartan,320mg
Diovan,Novartis,Rs 891,Valsartan,80mg
Dioplus,Atco,Rs 325,Valsartan,10mg
Dioplus,Atco,Rs 283,Valsartan,5mg
Dioplus,Atco,Rs 430,Valsartan,5mg
Diu-Tansin,Pharm Evo,Rs 198,Losartan Potassium,50mg
Drate Plus D,S.J. & G. Fazul Ellahie,Rs 725,Alendronate,70mg
Danzol,Platinum,Rs 277,Danazol,100mg
Detriflow,Allmed Labs,Rs 653,Tolterodine,2mg
Domel,Barrett,Rs 90,Domperidone Maleate,10mg
Desferal,Novartis,Rs 440,Desferrioxamine Mesylate,500mg
Domflash,Nexpharm,Rs 303,Domperidone,10mg
Domflash,Nexpharm,Rs 129,Domperidone,5mg|5ml
Dupearl,Maxitech Pharma,Rs 295,Clindamycin,1%
Dermovate,GlaxoSmithKline,Rs 129,"Clobetasol, topical",0.05%
Dermovate-NN,GlaxoSmithKline,Rs 145,Clobetasol Propionate,
Deximox,Barrett,Rs 419,Dexamethasone,0.1%
Dexoflox,Sante,Rs 210,Dexamethasone,0.1%
Delergic,Biogenics,Rs 135,Desloratadine,5mg
Destina,Hilton,Rs 240,Desloratadine,5mg
Dictrin,Barrett,Rs 212,Desloratadine,5mg
Diphos,Genix,Rs 48,Dihydroartemisinin,15mg
Diphos,Genix,Rs 556,Dihydroartemisinin,40mg
Dipip,Hilton,Rs 539,Dihydroartemisinin,40mg
Dipip,Hilton,Rs 34,Dihydroartemisinin,15mg
Disprin,Reckitt,Rs 27,Aspirin,300mg
Disprin,Reckitt,Rs 27,Aspirin,300mg
Dervit,Nabi Qasim,"Rs 1,344",Calcipotriol,30gm
Dervit - B Ointment 30g,Nabi Qasim,"Rs 1,445",Calcipotriol,50mcg
Diflucan,Pfizer,"Rs 3,926",Fluconazole,200mg
Diflucan,Pfizer,"Rs 1,357",Fluconazole,50mg
Derma Smooth,Valor,Rs 355,Fluocinolone,0.01%
Dentifen,Hirani's Pharma,Rs 101,Flurbiprofen,100 mg
Duphalac,Abbott Laboratories,Rs 287,Lactulose,3.35gm
Dynaquin,Barrett,Rs 240,Levofloxacin,250mg
Dynaquin,Barrett,Rs 154,Levofloxacin,500mg
Depsit,Genix,Rs 350,Escitalopram,10mg
Digestine,Continental Pharma,Rs 101,Metoclopramide Resinate,40mg
Digas Colic Drop 20ml,Medics,Rs 178,,
Diosecta,Wood Wards,Rs 15,Dioctahedral Smectite,3 gm
Davisalts,Davis Pharma,Rs 6,"sodium chloride, sodium citrate, potassium chlorid",3.5gm
Dologin,Opal,Rs 191,Mefenamic Acid,500mg
Dologin DS,Opal,Rs 400,Mefenamic Acid,500mg
Diabold Plus 2/500,Barrett,Rs 143,Glimepiride,
Desora 5 mg,Continental Pharma,Rs 255,Desloratadine,
Dromax,Bosch,Rs 130,Cefadroxil,500mg
Dromax,Bosch,Rs 130,Cefadroxil,125mg
Dromax,Bosch,Rs 245,Cefadroxil,250mg
Dromax,Bosch,Rs 220,Cefadroxil,1gm
Duricef,GlaxoSmithKline,Rs 375,Cefadroxil,500mg
Duricef,GlaxoSmithKline,Rs 128,Cefadroxil,100mg
Duricef,GlaxoSmithKline,Rs 306,Cefadroxil,125mg|5ml
Duricef,GlaxoSmithKline,Rs 507,Cefadroxil,125mg|5ml
Dinacor,Hilton,Rs 678,Cefdinir,300mg
Dinacor,Hilton,Rs 561,Cefdinir,125mg
Daypime,High-Q,Rs 760,Cefepime,1gm
Daypime,High-Q,Rs 681,Cefepime,500mg
Deact,Stand Pharm,Rs 330,Cefoperazone,500mg
Deact,Stand Pharm,Rs 460,Cefoperazone,1000mg
Deezon,Shaigan,Rs 444,Cefoperazone,500mg
Deezon,Shaigan,Rs 382,Cefoperazone,1000mg
Daytaxime,High-Q,Rs 397,Cefotaxime,1gm
Daytaxime,High-Q,Rs 106,Cefotaxime,250mg
Daytaxime,High-Q,Rs 225,Cefotaxime,500mg
Day Fort,High-Q,Rs 319,Ceftazidime,1gm
Dayline,High-Q,Rs 303,Ceftriaxone,500mg
Dayline,High-Q,Rs 440,Ceftriaxone,1gm
Dayline,High-Q,Rs 303,Ceftriaxone,500mg
Dolgina,Hilton,Rs 335,Dexlansoprazole,60mg
Dorlol,Genix,Rs 900,"Dorzolamide and Timolol, Eye",20mg
Dexibu,Hirani's Pharma,Rs 427,Dexibuprofen,300mg
Dexibu,Hirani's Pharma,Rs 529,Dexibuprofen,400mg
Dexy,Tabroos,Rs 202,Dexibuprofen,100mg|5ml
Diarox,Atco,Rs 239,Diacerein,50mg
Diclorep,Sami,Rs 101,Diclofenac potassium,50 mg
Dolo-K,Bosch,Rs 81,Diclofenac potassium,50mg
Dyclo-P,Indus Pharma,Rs 110,Diclofenac potassium,50mg
Diclotol,Sante,Rs 405,Diclofenac Sodium and Misoprostol,50mg
Dimis,Genix,Rs 251,Diclofenac Sodium and Misoprostol,75mg
Dipros,Helix Pharma,Rs 200,Diclofenac Sodium and Misoprostol,50
Dipros,Helix Pharma,Rs 230,Diclofenac Sodium and Misoprostol,75
Dolact,Hirani's Pharma,Rs 175,Diclofenac Sodium,50 mg
Dicloran SR,Sami,Rs 170,Diclofenac Sodium,100mg
Dicloran,Sami,Rs 41,Diclofenac Sodium,75mg
Dicloscot,Scotman,Rs 140,Diclofenac Sodium,75mg
Dicloscot,Scotman,Rs 90,Diclofenac Sodium,100mg
Dyclo,Indus Pharma,Rs 62,"Diclofenac Sodium, oral",100mg
Dyclo,Indus Pharma,Rs 67,Diclofenac Sodium,50mg
Dyclo,Indus Pharma,Rs 22,Diclofenac Sodium,75mg
Dyclo,Indus Pharma,Rs 19,Diclofenac Sodium,75mg
Dentifen,Hirani's Pharma,Rs 175,Flurbiprofen,100mg
Dermy,Woodwards,Rs 282,"Fusidic Acid, topical",2%
"Dan-D 5,000 IU",CCL,Rs 182,Cholecalciferol,
Dolonap,Platinum,Rs 186,Naproxen,500mg
Dolonap,Platinum,Rs 103,Naproxen,250mg
Dolonap,Platinum,Rs 226,Naproxen,750mg
Dolotec,kaizen,Rs 143,Naproxen,550mg
Dextop,Searle,Rs 359,Dexlansoprazole,60mg
Dudex 30 mg,Global-Vision,Rs 500,,
Depilus 13.9%,Atco,"Rs 1,694",Eflornithine,
Depsit,Genix,Rs 280,Escitalopram,5mg
Diagesic Extra 37.5/325mg,Wilson's,Rs 199,Tramadol and Paracetamol,
Decadron,OBS,Rs 112,"Dexamethasone, Inj/Oral",4mg
Dopamine 200mg,LCPW,Rs 115,Dopamine,
Divestra,Aspin Pharma,Rs 369,Cyproterone acetate,2mg
Daba,Hirani's Pharma,Rs 145,Strontium Ranelate,2 gm
Dolgina,Hilton,Rs 218,Dexlansoprazole,30mg
Dr. Koff,Himont,Rs 675,,
Depotone,Greenstar,Rs 159,Medroxyprogesterone Acetate,150mg
Diasar 10/160mg,Shaigan,Rs 290,Amlodipine,
Duprex 30mg,CCL,Rs 412,Duloxetine,
Dapa,Hilton,Rs 535,Dapagliflozin,10mg
DX3,Macter,Rs 325,Cholecalciferol,200000IU
Dalacin C,Pfizer,Rs 170,Clindamycin,300 mg
Dexamex 4mg/ml,Bosch,Rs 351,,
Dextop,Searle,Rs 252,,
Duphaston,Abbott Laboratories,Rs 625,Dydrogesterone,10mg
Dalacin C 150mg,Wilson's,Rs 92,Clindamycin,
D4U,Genix,Rs 458,Cholecalciferol,200000 I.U
Dowfen,Martin Dow,Rs 212,,
Depo-Medrol,Pfizer,Rs 207,,
Dermoquin,Wilson's,Rs 120,Hydroquinone,4%
Deslavid,Abbott Laboratories,Rs 177,Desloratadine,5mg
Dr. Flu,Himont,Rs 274,,
Duvel Plus,Martin Dow,Rs 219,,
Dyclo SR,Indus Pharma,Rs 80,"Diclofenac Sodium, oral",100mg
Desora,Continental Pharma,Rs 145,,
Dol-p,Genix,Rs 210,Tramadol,37.5
Dimis,Genix,Rs 242,,
Diabold Plus,Barrett,Rs 90,Glimepiride,1mg
Dobutel,Icon,Rs 339,Dobutamine,250mg
Dopamine Inj,LCPW,Rs 129,Dopamine,200mg
Dinemic,Maple,Rs 231,Trimetazidine dihydrochloride,20mg
Dologin,Opal,Rs 620,Mefenamic Acid,500 mg
Dosik,Adamjee Pharmaceuticals,Rs 23,Haloperidol,5mg
D4U,Genix,Rs 175,Cholecalciferol,"5mg 200,000 I.U"
D Tres,Sami,Rs 190,Cholecalciferol,5mg
Dan-D,CCL,Rs 403,Vitamin D3,"200,000 IU"
Dilair,Helix Pharma,Rs 261,Montelukast,10mg
Dilair,Helix Pharma,Rs 300,Montelukast,5mg
Diampa,Getz Pharma,Rs 330,Empagliflozin,25 mg
Duphalac,Abbott Laboratories,Rs 475,Lactulose,66.7 gm
Duragesic-T 37.5mg + 325mg,Tabroos,Rs 152,Tramadol,
Diampa,Getz Pharma,Rs 220,Empagliflozin,10 mg
Diampa-M,Getz Pharma,Rs 260,Empagliflozin,12.5 mg
Dan-D 5mg Ampoule,CCL,Rs 205,,
Erythrocin 500mg,Indus Pharma,Rs 232,Erythromycin,500mg
Evion,Martin Dow,Rs 57,Vitamin E,200mg
Evion,Martin Dow,Rs 108,Vitamin E,400 mg
Ebixa,Lundbeck,"Rs 3,629",Memantine,10mg
Evokalm 100mg,Pharm Evo,Rs 388,Quetiapine,
Exelon,Novartis,"Rs 3,500",Rivastigmine,3mg
Enterogermina Oral Suspension 20ampx5ml,Sanofi,Rs 65,Bacillus Clausii,
Entocid,Herbion,Rs 225,,
Eventone-c Cream,Pharma Health,"Rs 1,895",Glucosamine,
Evion,Martin Dow,Rs 128,Vitamin E,600mg
Easair 80mcg,Platinum,Rs 319,Formoterol,
Envepe,Maple,Rs 90,Doxylamine,10mg
Exforge HCT  5/160/25mg,Novartis,Rs 536,Valsartan+Amlodipine+Hydrochlorothiazide,
Etipro 20mg,ICI Pakistan Limited,Rs 175,Omeprazole,20mg
Enflor Sachet,Martin Dow,Rs 86,Saccharomyces Boulardii,250mg
Exelon,Novartis,"Rs 4,645",Rivastigmine,6mg
Emadine Eye Drops 0.05%,Alcon Pharma,Rs 727,Emedastine,
Erythrocin 200mg/5ml,Indus Pharma,Rs 137,Erythromycin,200mg
Ecotec Probiotic Sachet,Searle,Rs 78,,
Effidex Cream,Pharma Health,Rs 151,"Betamethasone Dipropionate, Topical",15 gm
Effigenta,Mass-PH Health,Rs 122,"Betamethasone Dipropionate, Topical",0.05%
Enziclor  Dental Gel,Platinum,Rs 248,Benzydamine,50gm
Eplazyme,Epla,Rs 132,Digestive Enzyme,
Ezita,Getz Pharma,Rs 552,Ezetimibe,10 mg
Effidex Lotion 60ml,Mass-PH Health,Rs 142,"Betamethasone Dipropionate, Topical",0.05%
Estar,Pharm Evo,Rs 134,Escitalopram,5mg
Estar 10 mg,Pharm Evo,Rs 213,Escitalopram,10mg
Euglucon,Martin Dow,Rs 32,Glibenclamide,5mg
Evopride,Pharm Evo,Rs 75,Glimepiride,1mg
Evopride,Pharm Evo,Rs 152,Glimepiride,2mg
Evopride,Pharm Evo,Rs 190,Glimepiride,3mg
Evopride,Pharm Evo,Rs 240,Glimepiride,4mg
Evopride Plus,Pharm Evo,Rs 92,Glimepiride,1 mg
Evopride Plus,Pharm Evo,Rs 131,Glimepiride,2mg
Epival CR,Abbott Laboratories,Rs 243,Divalproex Sodium,500mg
Epival,Abbott Laboratories,Rs 195,Divalproex Sodium,500mg
Epival Syrup,Abbott Laboratories,Rs 233,Divalproex Sodium,250mg
Epival,Abbott Laboratories,Rs 84,Divalproex Sodium,250mg
Epival,Abbott Laboratories,Rs 224,Divalproex Sodium,500mg
Epicetam,CCL,Rs 414,Levetiracetam,500mg
Epicetam,CCL,Rs 571,Levetiracetam,100mg
Epicetam,CCL,Rs 383,Levetiracetam,250mg
Epicetam,CCL,Rs 603,Levetiracetam,500mg
Eplipsa,Helix Pharma,Rs 340,Levetiracetam,500mg
Eplipsa,Helix Pharma,Rs 340,Levetiracetam,250mg
Epitoin,Adamjee Pharmaceuticals,Rs 124,Phenytoin,30 mg
Ecogab,Global-Vision,Rs 250,Pregabalin.,50mg
Exforge,Novartis,"Rs 1,218",Amlodipine,5mg
Exforge,Novartis,"Rs 1,250",Valsartan,5mg
Extor,Searle,Rs 532,Valsartan,10mg
Extor,Searle,Rs 446,Amlodipine,5mg
Extor,Searle,Rs 350,Valsartan,5mg
Exforge HCT,Novartis,Rs 807,Valsartan,10mg
Exforge HCT,Novartis,Rs 811,Valsartan,10mg
Exforge HCT,Novartis,Rs 787,Valsartan,10mg
Exforge HCT,Novartis,Rs 752,Valsartan,5mg
Eziday,Werick,Rs 319,Losartan Potassium,100mg
Eziday,Werick,Rs 283,Losartan Potassium,25mg
Eziday,Werick,Rs 478,Losartan Potassium,50mg
Edonax IV,S.J. & G. Fazul Ellahie,"Rs 17,736",Zoledronic Acid,5mg
Ezonex,Mass-PH Health,Rs 470,Azithromycin,250mg
E-Clar,Tabroos,Rs 230,Clarithromycin,125mg
E-Clar,Tabroos,Rs 300,Clarithromycin,125mg
E-Clar,Tabroos,Rs 270,Clarithromycin,250mg
E-Clar DS,Tabroos,Rs 450,Clarithromycin,500mg
E-Clar,Tabroos,Rs 230,Clarithromycin,500mg
Eziklar,Davis Pharma,Rs 195,Clarithromycin,250mg
Eziklar,Davis Pharma,Rs 295,Clarithromycin,500mg
Emidone,Pharmix,Rs 107,Domperidone,5mg|5ml
Emidone,Pharmix,Rs 67,Domperidone,10mg
Emiset,Platinum,Rs 147,Domperidone Maleate,5mg|5ml
Emiset,Platinum,Rs 75,Domperidone Maleate,10mg
Epo,CCL,"Rs 1,084",Epoetin Alfa,2000IU
Epokine,RG Pharma,"Rs 4,845",Epoetin Alfa,10000IU
Epokine,RG Pharma,"Rs 1,100",Epoetin Alfa,2000IU
Epokine,RG Pharma,"Rs 1,035",Epoetin Alfa,2000IU
Epokine,RG Pharma,"Rs 2,270",Epoetin Alfa,4000IU
Epokine,RG Pharma,"Rs 2,270",Epoetin Alfa,4000IU
Eritrogen,Ferozsons,"Rs 1,083",Epoetin Alfa,2000IU
Eritrogen,Ferozsons,"Rs 2,000",Epoetin Alfa,4000IU
E-Cap,Brookes,Rs 75,Esomeperazole,20mg
E-Cap,Brookes,Rs 100,Esomeperazole,40mg
Eger,Glitz,Rs 77,Esomeperazole,20mg
Emess,Amarant,Rs 78,Esomeperazole,20mg
Emess,Amarant,Rs 130,Esomeperazole,40mg
Es-Loprot,Nabi Qasim,Rs 120,Esomeperazole,20mg
Es-Loprot,Nabi Qasim,Rs 330,Esomeperazole,40mg
Esante,Macter,Rs 100,Esomeperazole,20mg
Esante,Macter,Rs 199,Esomeperazole,40mg
Esgerd,Biogenics,Rs 60,Esomeperazole,20mg
Esgerd,Biogenics,Rs 145,Esomeperazole,40mg
Eskem,High-Q,Rs 177,Esomeperazole,20mg
Eskem,High-Q,Rs 280,Esomeperazole,40mg
Esocool,Sante,Rs 400,Esomeperazole,40mg
Esofil,Saffron,Rs 170,Esomeperazole,20mg
Esomap,Maple,Rs 245,Esomeperazole,20mg
Esomap,Maple,Rs 400,Esomeperazole,40mg
Esomax,Martin Dow,Rs 143,Esomeperazole,20mg
Esomax,Martin Dow,Rs 281,Esomeperazole,40 mg
Esomega,Ferozsons,Rs 100,Esomeperazole,20mg
Esomega,Ferozsons,Rs 205,Esomeperazole,40mg
Esonext,Nexpharm,Rs 91,Esomeperazole,20mg
Esonext,Nexpharm,Rs 140,Esomeperazole,40mg
Esopase,Cirin,Rs 342,Esomeperazole,40mg
Esopep,Global-Vision,Rs 98,Esomeperazole,20mg
Esopep,Global-Vision,Rs 300,Esomeperazole,40mg
Esophag,Bryon,Rs 87,Esomeperazole,20mg
Esophag,Bryon,Rs 145,Esomeperazole,40mg
Esoprazol,Werick,Rs 145,Esomeperazole,20mg
Esoprazol,Werick,Rs 225,Esomeperazole,40mg
Esorid,Hilton,Rs 118,Esomeperazole,20mg
Esorid,Hilton,Rs 198,Esomeperazole,40mg
Esoscot,Scotman,Rs 250,Esomeperazole,20mg
Esoscot,Scotman,Rs 150,Esomeperazole,40mg
Espra,CCL,Rs 156,Esomeperazole,20mg
Espra,CCL,Rs 275,Esomeperazole,40mg
Esso,Shaigan,Rs 298,Esomeperazole,20mg
Esso,Shaigan,Rs 530,Esomeprazole,40mg
Esso IV,Shaigan,Rs 500,Esomeperazole,40mg
Esvin,Martin Dow,Rs 115,Esomeperazole,20mg
Esvin,Martin Dow,Rs 191,Esomeperazole,40mg
Ezium,Searle,Rs 143,Esomeperazole,20mg
Ezium,Searle,Rs 249,Esomeperazole,40mg
Ezomol,Abbott Laboratories,Rs 104,Esomeperazole,20mg
Ezomol,Abbott Laboratories,Rs 173,Esomeperazole,40mg
Eyemox-D,Vega,Rs 350,Dexamethasone,0.1%
Ebective,Remington,Rs 110,Ebastine,10mg
Ebective,Remington,Rs 233,Ebastine,20mg
Evastel,Valor,Rs 134,Ebastine,10mg
Evastel,Valor,Rs 288,Ebastine,20mg
Elergifen,Semos,Rs 222,Fexofenadine,180mg
Elergifen,Semos,Rs 163,Fexofenadine,60mg
Epilene,Crystolite Pharma,Rs 224,Adapalene,0.1%
Exazole,Amarant,Rs 393,Lansoprazole,30mg
Effiflox,Sami,Rs 350,Levofloxacin,500mg
Effiflox,Sami,Rs 260,Levofloxacin,250mg
Effiflox,Sami,Rs 370,Levofloxacin,500mg
Effiquin,Wood Wards,Rs 225,Levofloxacin,250mg
Effiquin,Wood Wards,Rs 370,Levofloxacin,500mg
Efloxin,Herbion,Rs 200,Levofloxacin,250mg
Efloxin,Herbion,Rs 320,Levofloxacin,500mg
Eplalev,Epla,Rs 185,Levofloxacin,250mg
Eplalev,Epla,Rs 300,Levofloxacin,500mg
Exocin,Barrett,Rs 145,Ofloxacin,0.3%
Exocin,Barrett,Rs 147,Ofloxacin,0.3%
Epler,Platinum,Rs 851,Eplerenone,50mg
Estezene,Adamjee Pharmaceuticals,Rs 16,Trifluoperazine,1mg
Exlor,Indus Pharma,Rs 125,Cefaclor,125mg|5ml
Exlor,Indus Pharma,Rs 225,Cefaclor,250mg|5ml
Efroxil,Wood Wards,Rs 185,Cefadroxil,500mg
Efroxil,Wood Wards,Rs 176,Cefadroxil,125mg|5ml
Efroxil,Wood Wards,Rs 268,Cefadroxil,250mg|5ml
Evacef,Highnoon,Rs 230,Cefadroxil,125mg|5ml
Evacef,Highnoon,Rs 213,Cefadroxil,250mg|5ml
Efix,Highnoon,Rs 366,Cefixime,400mg
Efix,Highnoon,Rs 200,Cefixime,100mg
Evofix,Pharm Evo,Rs 370,Cefixime,400mg
Evofix,Pharm Evo,Rs 185,Cefixime,100mg|5ml
Evofix,Pharm Evo,Rs 240,Cefixime,100mg|5ml
Evofix,Pharm Evo,Rs 250,Cefixime,200mg|5ml
Eleva,Wilshire,Rs 285,Cefoperazone,500mg
Eleva,Wilshire,Rs 390,Cefoperazone,1000mg
Exef,Indus Pharma,Rs 295,Cefotaxime,1gm
Exef,Indus Pharma,Rs 137,Cefotaxime,500mg
Evodoxim,SiTech,Rs 300,Cefpodoxime,100mg
Enier 8 mg,Sami,Rs 135,Betahistine,
Erwin,Sami,Rs 150,Diclofenac Sodium and Misoprostol,50mg
Erwin,Sami,Rs 150,Diclofenac Sodium and Misoprostol,75mg
Etoxib,Hirani's Pharma,Rs 190,Etoricoxib,60 mg
Eyelub Eye Drops,Shaigan,Rs 360,Polyethylene Glycol and Propylene Glycol,
Ebixa 20 mg,Lundbeck,"Rs 5,646",Memantine,
ENFYS,Cure 9 Pharmaceutical,Rs 174,,
Ezilax,Himont,Rs 526,,
Espidone 2mg,Surge,Rs 270,Risperidone,
Estezene,Adamjee Pharmaceuticals,Rs 59,Trifluoperazine,5mg
Ecos,CosDerm,Rs 672,,
Exval-A,Genix,Rs 325,Amlodipine besylate,5mg
Encid,Wilson's,Rs 112,Omeprazole,20mg
Es-Pramcit 5mg,Nabi Qasim,Rs 268,Escitalopram,5mg
Enervit,Himont,Rs 283,Vitamin B complex plain and with Vitamin C,
EseGrow,Barrett,Rs 150,,
Epuram,Macter,Rs 93,,
Emglif,Genix,Rs 308,Empagliflozin,10mg
Eno Fruit Salt Lemon Sachet,GlaxoSmithKline,Rs 110,Tartaric Acid Containing Antacid Effervescent Salt,5 gm
Ezilax,Himont,Rs 485,,
EseGrow,Barrett,Rs 97,Ossein Mineral Complex,
Epitize Plus,Himont,Rs 633,,
Exnal,Indus Pharma,Rs 775,Nalbuphine,10 mg|ml
Exnal,Indus Pharma,Rs 99,Nalbuphine,20 mg|ml
Exlant,Genix,Rs 400,Dexlansoprazole,60mg
Enervit,Himont,Rs 428,Vitamin B complex plain and with Vitamin C,
Esair,Platinum,Rs 405,"Formoterol,Oral",100 mcg
Exelon,Novartis,"Rs 4,000",Rivastigmine,4.5mg
Eyebradex Ophthalmic Drops 5ml,Barrett,Rs 270,Tobramycin,
ES-Pramcit,Nabi Qasim,Rs 560,Escitalopram,20mg
Elezo,Sami,Rs 85,Iron Polysaccharide Complex,150 mg
Elezo Syrup 120 ml,Sami,Rs 181,,
Epliron,Highnoon,Rs 411,Eplerenone,25mg
Enflor Capsule,Martin Dow,Rs 600,Saccharomyces Boulardii,250mg
Entpro,Matrix,"Rs 1,010",Lactobacillus reuteri,100mg
Flux,Hilton,Rs 375,Fluoxetine,20mg
Flagyl 400mg,Sanofi,Rs 32,Metronidazole,400mg
Fenoget,Getz Pharma,Rs 400,Fenofibrate,200 mg
Fenoget,Getz Pharma,Rs 212,Fenofibrate,67 mg
Fefol Vit,GlaxoSmithKline,Rs 84,Iron with Multiple Vitamins,
Freehale,High-Q,Rs 220,Montelukast,10mg
Femiroz,Efroze,Rs 65,Doxylamine,
Foster Inhaler,Chiesi,"Rs 1,436",Beclomethasone,100
Femara,Novartis,"Rs 4,011",Letrozole,2.5mg
Fixval Suspension 100mg/5ml 30ml,GlaxoSmithKline,Rs 180,Cefixime,
Funge 250mg,Wilshire,Rs 248,Terbinafine,
Ferrocite 500,Martindale Health Care,Rs 470,Iron,
Famot,Shaigan,Rs 146,Famotidine,20mg
Flosure,Ferozsons,Rs 637,Tamsulosin HCl,0.4 mg
Ferosoft - FA,Hilton,Rs 163,Iron,III Hydroxide Polymaltose Complex + Folic A
Ferosoft,Hilton,Rs 367,Iron Polymaltose,
Flagyl Infusion,Sanofi,Rs 188,Metronidazole,500mg
Fusiderm 15g Cream,Searle,Rs 310,"Fusidic Acid, topical",
Famopsin,High-Q,Rs 200,Famotidine,40mg
Flogocid,Continental Pharma,Rs 288,Bufexamac,
Flogocid,Continental Pharma,Rs 288,Neomycin,
Foreva Plus,Matrix,Rs 513,Folic Acid,400mcg
Forsteo,Eli Lilly,"Rs 47,906",Teriparatide,20mcg
Famila,Zafa,Rs 163,Medroxyprogesterone Acetate,150mg
Fantasia,Wilshire,Rs 175,Pioglitazone,30mg
Fantasia,Wilshire,Rs 112,Pioglitazone,45mg
Flexodin,Remington,Rs 26,Orphenadrine,35mg
Fernor,Amarant,Rs 121,Tizanidine,2mg
Fernor,Amarant,Rs 256,Tizanidine,6mg
Febhil,Hilton,Rs 160,Febuxostat,40mg
Febhil,Hilton,Rs 238,Febuxostat,80mg
Febugout,Hirani's Pharma,Rs 360,Febuxostat,40mg
Febux,CCL,Rs 175,Febuxostat,40mg
Febux,CCL,Rs 620,Febuxostat,80mg
Fosamax,OBS,"Rs 2,384",Alendronate,70mg
Fasteso,Pharm Evo,Rs 115,Esomeperazole,20mg
Fasteso,Pharm Evo,Rs 160,Esomeperazole,40mg
Fortecin,Searle,Rs 164,Amoxicillin,875mg|125mg
Fortecin Ds,Searle,Rs 183,Amoxicillin,250mg|62mg
Fortecin,Searle,Rs 115,Amoxicillin,250mg|125mg
Fortecin,Searle,Rs 165,Amoxicillin,500mg|125mg
Florozil,Sante,Rs 187,cinnarizine,0.1%
Femicon,Remington,Rs 141,cinnarizine,0.1%
Fortecin,Searle,Rs 233,Amoxicillin,1gm
Fortecin,Searle,Rs 155,Amoxicillin,1.2gm
Fortecin,Searle,Rs 79,Amoxicillin,500mg
Fortecin,Searle,Rs 117,Amoxicillin,156.25mg
Fortecin,Searle,Rs 150,Amoxicillin,312.5mg
Fortecin,Searle,Rs 115,Amoxicillin,375mg
Fortecin,Searle,Rs 176,Amoxicillin,625mg
Fegix,Crystolite Pharma,Rs 212,Fexofenadine,180mg
Fexet,Getz Pharma,Rs 298,Fexofenadine,120 mg
Fexet,Getz Pharma,Rs 348,Fexofenadine,180 mg
Fexet,Getz Pharma,Rs 173,Fexofenadine,60 mg
Fexo,Hilton,Rs 123,Fexofenadine,120mg
Fexo,Hilton,Rs 293,Fexofenadine,180mg
Fexo,Hilton,Rs 143,Fexofenadine,60mg
Fexofast,Platinum,Rs 480,Fexofenadine,120mg
Fexofast,Platinum,Rs 320,Fexofenadine,180mg
Fexofast,Platinum,Rs 150,Fexofenadine,60mg
Fenap,Valor,Rs 280,Nepafenac,0.1
Freac,Wilshire,Rs 335,Isotretinoin Topical,20mg
Filgen,Ferozsons,"Rs 3,900",Filgrastim,300mcg
Filgras,Pharmadic,"Rs 3,300",Filgrastim,300mcg
Flucon,Bryon,Rs 140,Fluconazole,150mg
Flucon,Bryon,Rs 560,Fluconazole,50mg
Flucon,Bryon,Rs 309,Fluconazole,50mg
Flucoval,Valor,Rs 168,Fluconazole,150mg
Flucoval,Valor,Rs 210,Fluconazole,50mg
Fluderm,Nabi Qasim,Rs 205,Fluconazole,150mg
Fluderm,Nabi Qasim,Rs 699,Fluconazole,50mg
Fumac,Crystolite Pharma,Rs 768,Fluconazole,150mg
Fungix,Platinum,Rs 235,Fluconazole,150mg
Fungone,Sami,Rs 210,Fluconazole,150mg
Fludakebir,Oncogene,"Rs 9,280",Fludarabine Phosphate,50mg
Flurwood,Wood Wards,Rs 175,Flurbiprofen,100mg
Froben,Abbott Laboratories,Rs 108,Flurbiprofen,100mg
Flutinate,Valor,Rs 116,Fluticasone Propionate,0.0005
Flixotide,GlaxoSmithKline,Rs 593,Fluticasone Propionate,125 mcg
Flixotide,GlaxoSmithKline,Rs 963,Fluticasone Propionate,250 mcg
Focin,Tabletros,Rs 253,Fosfomycin,500mg
Focin,Tabletros,Rs 210,Fosfomycin,250mg
Focin,Tabletros,Rs 329,Fosfomycin,500mg
Fosomin,CCL,Rs 169,Fosfomycin,500mg
Fosomin,CCL,Rs 161,Fosfomycin,250mg
Floralac,Platinum,Rs 264,Lactulose,3.35gm|5ml
Floxer,Efroze,Rs 185,Levofloxacin,500mg
Floxolev,Platinum,Rs 200,Levofloxacin,250mg
Floxolev,Platinum,Rs 310,Levofloxacin,500mg
Fuvelox,Martin Dow,Rs 220,Levofloxacin,250mg
Fuvelox,Martin Dow,Rs 340,Levofloxacin,500mg
Fortius,High-Q,Rs 296,Rosuvastatin calcium,10mg
faverin 50 mg,Abbott Laboratories,Rs 392,Fluvoxamine maleate,
Febrol Xtra,Barrett,Rs 33,Paracetamol,500mg
Febrol,Barrett,Rs 32,Paracetamol,500mg
Fitamol,Icon,Rs 665,Paracetamol,500mg
Fitamol,Icon,Rs 18,Paracetamol,500mg
Fitamol,Icon,Rs 350,Paracetamol,500mg
Fixitil,Tabroos,Rs 416,Cefixime,400mg
Fixitil,Tabroos,Rs 230,Cefixime,100mg
Fixitil,Tabroos,Rs 295,Cefixime,200mg
Fixitil,Tabroos,Rs 388,Cefixime,200mg
Fixval,GlaxoSmithKline,Rs 449,Cefixime,400mg
Fixval,GlaxoSmithKline,Rs 270,Cefixime,100mg|5ml
Fixval,GlaxoSmithKline,Rs 378,Cefixime,200mg|5ml
Flexeril,Global-Vision,Rs 150,Cefixime,100mg
Famopsin,High-Q,Rs 100,Famotidine,20mg
Fitem,Searle,Rs 329,Ceftazidime,1gm
Fitem,Searle,Rs 123,Ceftazidime,250mg
Fitem,Searle,Rs 170,Ceftazidime,500mg
Fortazim,Bosch,Rs 315,Ceftazidime,1gm
Fortazim,Bosch,Rs 170,Ceftazidime,500mg
Fortum,GlaxoSmithKline,Rs 797,Ceftazidime,1gm
Fortum,GlaxoSmithKline,Rs 170,Ceftazidime,250mg
Fortexone,ICI Pakistan Limited,Rs 368,Ceftriaxone,1gm
Freehale,High-Q,Rs 128,Montelukast,5mg
Fusac H Cream 15 gm`,Sante,Rs 378,"Hydrocortisone and Fusidic Acid, topical",
Foracort,Highnoon,Rs 784,Budesonide,200mg
Ferosoft,Hilton,Rs 162,Iron Polymaltose,
Fastaid Plus,Platinum,Rs 96,Diclofenac potassium,50mg
Fastaid,Platinum,Rs 93,Diclofenac Sodium,50mg
Fastaid,Platinum,Rs 105,Diclofenac Sodium,75mg
Fastaid-R,Platinum,Rs 89,Diclofenac Sodium,50mg
Flamex,Werick,Rs 58,Diclofenac Sodium,100mg
Flamex,Werick,Rs 58,Diclofenac Sodium,50mg
Froben,Abbott Laboratories,Rs 106,Flurbiprofen,50mg
Flexin,Abbott Laboratories,Rs 122,Naproxen,250mg
Flexin,Abbott Laboratories,Rs 219,Naproxen,500mg
Feldene,Pfizer,Rs 183,Piroxicam,20mg
Feldene,Pfizer,Rs 183,Piroxicam,10mg
Felbex,Martin Dow,Rs 210,Piroxicam-beta-cyclodextrin,20mg
Fusil Cream 15 gram,Tabroos,Rs 230,"Fusidic Acid, topical",2%
Freehale,High-Q,Rs 27,Montelukast,4mg
Feldene,Pfizer,Rs 254,Piroxicam,
Fitzloc 250mg,Aspin Pharma,Rs 335,Levetiracetam,
Fitzloc  500mg,Aspin Pharma,Rs 580,Levetiracetam,
Fitzloc  750mg,Aspin Pharma,Rs 580,Levetiracetam,
Ferinject,OBS,"Rs 9,000",Ferric Carboxymaltose Complex,
Fefan DS 300+5mg,Amson,Rs 88,Folic Acid,
Foro B12,Amson,Rs 469,,
Foro B12,Amson,Rs 299,,
Flexion Moisturizing Lotion,Maxitech Pharma,"Rs 1,395",,
Fosedic,Maxitech Pharma,Rs 279,,
Fosedic,Maxitech Pharma,Rs 195,,
Fosedic-B,Maxitech Pharma,Rs 240,,
Fosedic-H,Maxitech Pharma,Rs 260,,
Faverin 100mg,Abbott Laboratories,Rs 650,Fluvastatin,
Ferfer Orange,Pharm Evo,Rs 27,Iron with Multiple Vitamins,
Flytro Cream tropical,Tabroos,Rs 160,"Hydroquinone, Tretinoin, and Fluocinolone Acetonid",
Fusil - HC,Tabroos,Rs 270,"Hydrocortisone and Fusidic Acid, topical",
Fortius,High-Q,Rs 412,,
Fusac-H 5gm,Sante,Rs 135,Fusidic Acid,20 mg
Floaid,Abbott Laboratories,Rs 202,Montelukast,10 mg
Fusiderm,Martin Dow,"Rs 1,550",,
Febrol fast,Barrett,Rs 207,Tramadol,37.5|325 mg
Flocard,Nabi Qasim,Rs 223,Nicronadil,10mg
Flocard,Nabi Qasim,Rs 250,Nicronadil,20mg
Faast,CCL,Rs 436,Omeprazole,40mg
Fibrocol - Orange,Biogenics,Rs 43,Ispaghula Husk,
Fibrocol - Strawberry,Biogenics,Rs 390,Ispaghula Husk,
Finset,Maxitech Pharma,Rs 108,,
Fastaid SR,Platinum,Rs 182,,
Fortide MDI Hfa Inh,Getz Pharma,Rs 952,Formoterol,6 mcg
Formiget,Getz Pharma,Rs 130,,
Fortius,High-Q,Rs 186,Rosuvastatin calcium,5mg
Formiget,Getz Pharma,Rs 156,Budesonide,400 mcg+12mcg
Foreva plus,Matrix,Rs 600,,
Fermalac Vaginal,Matrix,Rs 990,,
Foxamine 200mg,CCL,Rs 359,Rifaximin,200mg
Ferris,Hudson Pharma's,Rs 470,Iron Sucrose,100mg
Fersip,Scotman,Rs 140,Iron Polymaltose,
Fersip,Scotman,Rs 115,Iron Polymaltose,100mg
Feldene,Pfizer,Rs 219,Piroxicam,20mg
Ferrocite 500,Martindale Health Care,Rs 850,,
FC Forte,Medics,Rs 364,,
Feldene,Pfizer,Rs 521,Piroxicam,10mg
Famicol,Alaska Spring Pharmaceuticals,"Rs 1,302",,
Focin Ultra,Tabroos,Rs 599,Fosfomycin Trometamol,3gm
Fastum,Pharmatec,Rs 396,Ketoprofen,
FPR,A.R. Nutraceutical Pharma,Rs 305,,
FPR,A.R. Nutraceutical Pharma,Rs 325,,
Famot,Shaigan,Rs 285,Famotidine,40 mg
Foxamine,CCL,Rs 924,Rifaximin,550 mg
Foster,Chiesi,"Rs 1,840",Beclomethasone,200
Feveral,Surge,Rs 16,Paracetamol BP/Lidocaine HCI BP,300 mg
Favipra,CCL,Rs 600,Favipiravir,200 mg
Flagyl,Sanofi,Rs 137,Metronidazole,200 mg
Ferosoft-S,Hilton,Rs 396,Iron Sucrose,
Ferosoft,Hilton,Rs 249,Iron Polymaltose,
Floxin,Hilton,Rs 183,"Norfloxacin, Oral",400 mg
Folli Care,RAS Health Care,Rs 100,L-Methylfolate,400 mcg
FCM,Genix,"Rs 3,490",Ferric Carboxymaltose,500 mg
Fusac Topical,Sante,Rs 351,"Fusidic Acid, topical",
Fusicare,Serving Health Pakistan,Rs 216,"Fusidic Acid, topical",2 %
Fusicare-H,Serving Health Pakistan,Rs 392,,
Faizol,Serving Health Pakistan,Rs 135,,
Febuxin,AGP,Rs 150,Febuxostat,40 mg
Febuxin,AGP,Rs 225,Febuxostat,80 mg
Floxigem,AGP,Rs 625,Gemifloxacin,320 mg
Febugout,Hirani's Pharma,Rs 308,Febuxostat,80 mg
Ganaton OD,Abbott Laboratories,Rs 550,Itopride,150mg
Gaviscon,Reckitt,Rs 199,Alginate Compound,
Gempid,Atco,Rs 151,Gemfibrozil,600mg
Ganaton 50mg,Abbott Laboratories,Rs 332,Itopride,50mg
Genesis 1mg,Ferozsons,Rs 117,Finasteride,
Gaviscon Advance,Reckitt,Rs 224,Alginate Compound,
Glycerine 150gm,oval pharma,Rs 258,,
Gen-M,Genix,Rs 183,Artemether/Lumafantrine,15mg
Gen-M,Genix,Rs 470,Artemether/Lumafantrine,40mg
Gen-M,Genix,Rs 587,Artemether/Lumafantrine,80mg
Genurin Semplice 200mg,Pacific Pharma,Rs 283,Flavoxate,
Gonadil-F,Getz Pharma,Rs 308,Tribulus terrestris,300 mg
Gentle Iron Formula,The Vitamin Company,Rs 650,,
Gutcare,Searle,Rs 66,,
Galza-Met,CCL,Rs 273,Metformin,50mg
Gvia-M,Genix,Rs 245,Metformin,50mg
Glucobay,Bayer,Rs 159,Acarbose,100mg
Glicon,Efroze,Rs 59,Glibenclamide,5mg
Glimet,CCL,Rs 49,Glibenclamide,2.5mg
Glimet,CCL,Rs 56,Glibenclamide,5mg
Glucomet,Pharmatec,Rs 51,Glibenclamide,2.5mg
Glucomet,Pharmatec,Rs 57,Glibenclamide,5mg
Glucovance,Martin Dow,Rs 115,Glibenclamide,2.5mg
Glucovance,Martin Dow,Rs 85,Glibenclamide,5mg
Glemex,Schazoo Pharmaceuticals,Rs 88,Glimepiride,1mg
Glemex,Schazoo Pharmaceuticals,Rs 200,Glimepiride,4mg
Glio,Macter,Rs 82,Glimepiride,1mg
Glio,Macter,Rs 125,Glimepiride,2mg
Glio,Macter,Rs 166,Glimepiride,3mg
Glio,Macter,Rs 270,Glimepiride,4mg
Glioptim,Martin Dow,Rs 97,Glimepiride,2mg
Glioptim,Martin Dow,Rs 170,Glimepiride,3mg
Glioptim,Martin Dow,Rs 213,Glimepiride,4mg
Gluconorm,AGP,Rs 88,Glimepiride,1mg
Gluconorm,AGP,Rs 133,Glimepiride,2mg
Gluconorm,AGP,Rs 173,Glimepiride,3mg
Gluconorm,AGP,Rs 230,Glimepiride,4mg
Glyper,Maple,Rs 68,Glimepiride,3mg
Glyper,Maple,Rs 90,Glimepiride,4mg
Glyset,Wilshire,Rs 70,Glimepiride,1mg
Glyset,Wilshire,Rs 105,Glimepiride,2mg
Glyset,Wilshire,Rs 150,Glimepiride,3mg
Glyset,Wilshire,Rs 230,Glimepiride,4mg
Getformin,Getz Pharma,Rs 120,Glimepiride,1 mg
Getformin,Getz Pharma,Rs 173,Glimepiride,2 mg
Gluconormet,AGP,Rs 92,Glimepiride,1mg
Gluconormet,AGP,Rs 138,Glimepiride,2mg
Glucophage,Martin Dow,Rs 37,Metformin,500mg
Glio-P,Macter,Rs 289,Pioglitazone,15mg
Glio-P,Macter,Rs 418,Pioglitazone,30mg
Gaba,Nabi Qasim,Rs 76,Gabapentin,100mg
Gaba,Nabi Qasim,Rs 222,Gabapentin,300mg
Gabafix,S.J. & G. Fazul Ellahie,Rs 60,Gabapentin,100mg
Gabafix,S.J. & G. Fazul Ellahie,Rs 180,Gabapentin,300mg
Gabafix,S.J. & G. Fazul Ellahie,Rs 300,Gabapentin,600mg
Gabaplus,Platinum,Rs 266,Gabapentin,300mg
Gabatin,Zaka Healthcare,Rs 120,Gabapentin,100mg
Gabatin,Zaka Healthcare,Rs 189,Gabapentin,300mg
Gabix,Getz Pharma,Rs 319,Gabapentin,300 mg
Gaboz,Glitz,Rs 170,Gabapentin,300mg
Gepent,Amarant,Rs 266,Gabapentin,300mg
Gepent,Amarant,Rs 230,Gabapentin,400mg
Gabica,Getz Pharma,Rs 275,Pregabalin.,100 mg
Gabica,Getz Pharma,Rs 338,Pregabalin.,150 mg
Gabica,Getz Pharma,Rs 235,Pregabalin.,50 mg
Gabica,Getz Pharma,Rs 248,Pregabalin.,75 mg
Gablin,CCL,Rs 265,Pregabalin.,100mg
Gablin,CCL,Rs 304,Pregabalin.,150mg
Gablin,CCL,Rs 173,Pregabalin.,25mg
Gablin,CCL,Rs 619,Pregabalin.,300mg
Gablin,CCL,Rs 194,Pregabalin.,50mg
Gablin,CCL,Rs 243,Pregabalin.,75mg
Gynacin,Valor,Rs 350,Clindamycin,
Gynosafe,Bryon,Rs 62,Clotrimazole,100mg
Gynosafe,Bryon,Rs 110,Clotrimazole,500mg
Gynosporin,Nabi Qasim,Rs 146,Clotrimazole,2%
Gynosporin,Nabi Qasim,Rs 114,Clotrimazole,500mg
Gyno-Daktarin V-Cream,Aspin Pharma,Rs 234,Miconazole,
Glandin E-2,Nabi Qasim,Rs 425,Dinoprostone,2mg
Glandin E-2,Nabi Qasim,Rs 625,Dinoprostone,3mg
Gooday,Wilson's,Rs 105,Irbesartan,75mg
Gouric,Pharm Evo,Rs 275,Febuxostat,40mg
Gouric,Pharm Evo,Rs 483,Febuxostat,80mg
Gerepo,Titlis Pharma,Rs 650,Epoetin Alfa,2000IU
Gerepo,Titlis Pharma,"Rs 1,150",Epoetin Alfa,4000IU
Gerdpill,Platinum,Rs 104,Esomeperazole,20mg
Gerdpill,Platinum,Rs 173,Esomeperazole,40mg
Gocid,Wilson's,Rs 135,Esomeperazole,40mg
Gravinate,Searle,Rs 17,Dimehydrinate,50mg
Gravinate,Searle,Rs 19,Dimehydrinate,50mg
Genart,Genix,Rs 30,Artemether,20mg
Genart,Genix,Rs 50,Artemether,40mg
Genart,Genix,Rs 125,Artemether,80mg
Gen-M,Genix,Rs 330,Artesunate,120mg
Gen-M,Genix,Rs 133,Artesunate,30mg
Gen-M,Genix,Rs 207,Artesunate,60mg
Gallet,Mass-PH Health,Rs 298,Adapalene,0.001
Grasil,Sami,Rs 128,Amikacin,100mg
Grasil,Sami,Rs 35,Amikacin,25mg
Grasil,Sami,Rs 195,Amikacin,250mg
Grasil,Sami,Rs 305,Amikacin,500mg
Grastin,CCL,"Rs 3,300",Filgrastim,300mcg
Gen-Levo,Brookes,Rs 150,Levofloxacin,500mg
Gen-Levo,Brookes,Rs 150,Levofloxacin,500mg
Glit,S.J. & G. Fazul Ellahie,Rs 325,Levofloxacin,500mg
Glit,S.J. & G. Fazul Ellahie,Rs 220,Levofloxacin,250mg
Glit,S.J. & G. Fazul Ellahie,Rs 350,Levofloxacin,500mg
Glusit 50 mg,Scilife,Rs 375,Sitagliptin,
Getofin,Getz Pharma,Rs 395,Ceftriaxone,1 gm
Getofin,Getz Pharma,Rs 214,Ceftriaxone,250 mg
Galvecta Plus 50 mg/ 850 mg,Pharm Evo,Rs 265,Metformin,50mg
Gvia-M,Genix,Rs 252,Metformin,50mg
Genoxen,Genix,Rs 75,Naproxen,500mg
Gia,Hirani's Pharma,Rs 143,Naproxen,500mg
Glucophage XR,Martin Dow,Rs 124,Metformin,750mg
Gravibinan 1ml,Bayer,Rs 239,Hydroxyprogesterone Caproate and Estradiol Valerat,
Gravibinan 2ml,Bayer,Rs 601,Hydroxyprogesterone Caproate and Estradiol Valerat,
Gpride,Sami,Rs 380,,
Gentic 160mg,Bosch,Rs 283,Gentamicin,
Gentic 80mg,Bosch,Rs 181,,
Gvia-M,Genix,Rs 250,Metformin,50mg
Galvecta Plus 50/1000mg,Pharm Evo,Rs 238,Metformin,50mg
Grat,Genix,Rs 980,Gemifloxacin,320mg
Gvia,Genix,Rs 370,,
Galza-Met,CCL,Rs 273,Metformin,50mg
Galza-Met,CCL,Rs 273,Metformin,50mg
Gvia,Genix,Rs 590,Sitagliptin,100mg
Gebon Plus,Genix,Rs 779,,
Gen-M,Genix,Rs 276,Artemether/Lumafantrine,20mg
G-Cal Vitamin D3,Amarant,"Rs 1,440",Vitamin D3,"200,000IU"
Galvecta 50mg,Pharm Evo,Rs 293,,
Glusimet 50mg/500mg,Scilife,Rs 224,Metformin,
Glantrim Ophthalmic 5ml,Atco,"Rs 1,150",,
Gpride-MSR 1mg/500mg,Sami,Rs 85,Glimepiride,
Gabolest,Aspin Pharma,Rs 380,Pregabalin,100 mg
Gabolest,Aspin Pharma,Rs 360,Pregabalin,150 mg
Gabolest,Aspin Pharma,Rs 504,Pregabalin,300 mg
Gabolest,Aspin Pharma,Rs 126,Pregabalin,25 mg
Gabolest,Aspin Pharma,Rs 299,Pregabalin,50 mg
Gabolest,Aspin Pharma,Rs 355,Pregabalin,75 mg
Gneb,Genix,Rs 280,Nebivolol HCl,5mg
Gneb,Genix,Rs 350,,
Galvecta Plus,Pharm Evo,Rs 225,Metformin,50mg
Grip,Scotman,Rs 230,Escitalopram,10mg
Glyzia,AGP,Rs 430,Sitagliptin,50mg
Gebon,Genix,"Rs 1,440",Glucosamine,
Gpride,Sami,Rs 304,Glimepiride,2mg
Glinext,Nexpharm,Rs 353,Gliclazide,30mg
Gneb,Genix,Rs 168,Nebivolol HCl,2.5mg
Glinext,Next Pharmaceutical,Rs 293,Gliclazide,60mg
Gastron,A.R. Nutraceutical Pharma,Rs 190,,
Glio-P,Macter,Rs 492,Glimepiride,4 mg
Gonal F,Martin Dow Marker,"Rs 3,356",Follitropin Alfa,75 IU 5.5 mcg
Gabilis,Titlis Pharma,Rs 177,Pregabalin,100 mg
Gabilis,Titlis Pharma,Rs 193,Pregabalin,150 mg
Gabilis,Titlis Pharma,Rs 141,Pregabalin,75 mg
Gynophilus,Titlis Pharma,"Rs 1,190","Terbinafine,Oral",
Gerepo,Titlis Pharma,"Rs 2,000",Epoetin Alfa,4000 IU
Gerepo,Titlis Pharma,"Rs 1,084",Epoetin Alfa,2000 IU
Gen-M,Genix Pharma,Rs 365,Artemether,15 mg
Glucophage-XR,Martin Dow,Rs 72,Metformin,500 mg
Guja Sit,CCL,Rs 345,Ertugliflozin,15 mg
Guja Sit,CCL,Rs 589,Ertugliflozin,5 mg
Glovar,Hirani's Pharma,Rs 240,Pantoprazole,40 mg
Glyzia,AGP,Rs 567,Sitagliptin,100 mg
Glyziamet,AGP,Rs 385,Metformin,1000 mg
Glyziamet,AGP,Rs 385,Metformin,500 mg
Glyzia Met,AGP,Rs 243,Metformin,1000 mg
Glyzia Met,AGP,Rs 243,Metformin,500 mg
Glyrate-SR,Maple,Rs 89,Glyceryl Trinitrate,2.6 mg
Getryl,Getz,Rs 230,Glimepiride,3 mg
Getryl,Getz Pharma,Rs 204,Glimepiride,2 mg
Getryl,Getz,Rs 371,Glimepiride,4 mg
Gpride,Sami,Rs 166,Glimepiride,1 mg
Glyrate SR,Maple,Rs 105,Glyceryl Trinitrate,6.4 mg
Glusimet,Scilife,Rs 224,,
Gla Prelox,Galaxy,"Rs 1,533",,
Glowin,Avant,"Rs 1,500",,
Getryl,Getz Pharma,Rs 105,Glimepiride,1 mg
GENTICYN ( Gentamicin ) 10 G CREAM,Ray Pharma,Rs 33,Gentamicin,
Gynaecosid,Efroze,Rs 100,Methyloestradiol,0.3mg
Glukil,swiss pharma,Rs 48,Glibenclamide,5mg
Glimet,CCL,Rs 23,Glibenclamide,1.25mg
Glucovance,Martin Dow Marker,Rs 46,Glibenclamide,1.25mg
Glioptim,Martin Dow,Rs 52,Glimepiride,1mg
Glyper,Maple,Rs 25,Glimepiride,1mg
Glyper,Maple,Rs 45,Glimepiride,2mg
Glucophage,Martin Dow,Rs 21,Metformin,250mg
Gabaplus,Platinum,Rs 89,Gabapentin,100mg
Gabix,Getz Pharma,Rs 120,Gabapentin,100 mg
Gaboz,Glitz,Rs 61,Gabapentin,100mg
Gepent,Amarant,Rs 69,Gabapentin,100mg
Gynosporin,Nabi Qasim,Rs 80,Clotrimazole,10%
Genticyn HC Eye / Ear,Ray Pharma,Rs 54,Hydrocortisone,1%
Gravinate 60ml,Searle,Rs 68,Dimehydrinate,12.5mg
Gixer,Barrett,Rs 55,Cetirizine,1mg|ml
Gixer,Barrett,Rs 88,Cetirizine,10mg
Genticyn Topical Discontinue,Ray Pharma,Rs 33,Gentamicin,0.1%
Gen-Levo,Brookes,Rs 94,Levofloxacin,250mg
Gentic 10mg,Bosch,Rs 34,Gentamicin,
Indrop D.,Neutro,Rs 284,Cholecalciferol,
Irovant,Avant,Rs 125,,
Iberogast Solution 20ml,Bayer,Rs 325,,
Ipride 50mg,Horizon Pharma,Rs 225,Itopride,50 mg
Iberet Folic 500 Gradumet,Abbott Laboratories,Rs 236,Iron with Multiple Vitamins,
Imidol,Siza International (Pvt.) Ltd,Rs 32,Imipramine,25mg
Ivermite,Atco,Rs 483,Ivermectin,6mg
IVF-M,Galaxy,"Rs 3,847",Menotropin,75IU
IVF-C,Galaxy,"Rs 4,941","Chorionic Gonadotropic, Human",HCG
Inosita,Pharm Evo,Rs 323,Sitagliptin,100mg
Inosita,Pharm Evo,Rs 200,Sitagliptin,25mg
Inosita,Pharm Evo,Rs 234,Sitagliptin,50mg
Inosita Plus,Pharm Evo,Rs 239,Sitagliptin,50mg
Inosita Plus,Pharm Evo,Rs 233,Sitagliptin,50mg
Imazole,Himont,Rs 169,Clotrimazole,100mg
Imazole,Himont,Rs 145,Clotrimazole,500mg
Irecon,Barrett,Rs 325,Irbesartan,150mg
Irecon,Barrett,Rs 410,Irbesartan,300mg
Irecon,Barrett,Rs 158,Irbesartan,75mg
Irecon-H,Barrett,Rs 310,Irbesartan,150mg
Irecon-H,Barrett,Rs 460,Irbesartan,300mg
Ibnate,Genix,"Rs 1,800",Losartan Potassium,1mg 3mg
Indazole,Indus Pharma,Rs 200,Esomeprazole,20 mg
Indazole,Indus Pharma,Rs 400,Esomeperazole,40mg
Ipneb,Atco,Rs 168,Ipratropium Bromide,250mg
Isozam,Leo-Zam Zam,Rs 501,Isotretinoin Topical,10mg
Isozam,Leo-Zam Zam,Rs 417,Isotretinoin Topical,20mg
Isotin,Shaigan,Rs 169,Isotretinoin Oral,0.05%
Icon,Ferozsons,Rs 394,Itraconazole,100mg
Itraderm,Derma Techno,Rs 299,Itraconazole,100mg
Itraneu,Neutro,Rs 300,Itraconazole,100mg
Itrazox,Varioline,Rs 400,Itraconazole,100mg
Itrofit,Bryon,Rs 375,Itraconazole,100mg
Inhibitol,Highnoon,Rs 156,Lansoprazole,30mg
Insuget 70/30,Getz Pharma,Rs 840,Soluble Insulin,100 IU
Insuget Regular,Getz Pharma,Rs 900,Insulin Regular,100 IU
Insulatard HM,Novo Nordisk,Rs 916,Insulin NPH,100IU
ICEF,ICI Pakistan Limited,Rs 217,Cefixime,200mg
ICEF,ICI Pakistan Limited,Rs 448,Cefixime,400mg
ICEF,ICI Pakistan Limited,Rs 250,Cefixime,100mg
ICEF,ICI Pakistan Limited,Rs 349,Cefixime,200mg
Incetax,Brookes,Rs 200,Cefotaxime,1gm
Incetax,Brookes,Rs 125,Cefotaxime,500mg
Ivcef,Bosch,Rs 400,Cefpirome,1gm
Ivcef,Bosch,Rs 210,Cefpirome,500mg
Inocef I.V,Barrett,Rs 300,Ceftriaxone,500mg
Inocef,Barrett,Rs 575,Ceftriaxone,1gm
Inocef,Barrett,Rs 880,Ceftriaxone,2gm
Inocef,Barrett,Rs 170,Ceftriaxone,250mg
Invanz,OBS,"Rs 4,551",Ertapenem,1gm
Infexin,Martin Dow Marker,Rs 139,Cephradine,250mg
Infexin,Martin Dow Marker,Rs 315,Cephradine,500mg
Infexin,Martin Dow Marker,Rs 126,Cephradine,1gm
Infexin,Martin Dow Marker,Rs 103,Cephradine,125mg|5ml
Infexin,Martin Dow Marker,Rs 176,Cephradine,250mg|5ml
Idarac,Sanofi,Rs 41,Floctafenine,200mg
Inflamatix,Asian Continental,Rs 83,Flurbiprofen,100mg
Inflamatix,Asian Continental,Rs 250,Flurbiprofen,200mg
Inflam,Icon,Rs 92,Ibuprofen,200mg
Inflam,Icon,Rs 18,Ibuprofen,400mg
ITP 50 mg,Sami,Rs 260,,
Ironone 120ml,RG Pharma,Rs 229,Iron Polysaccharide Complex,
ITORIDE 50 mg,Amarant,Rs 226,Itopride,
Inoquin 500mg,Barrett,Rs 205,Ciprofloxacin,500mg
Ikodil 10mg,Aspin Pharma,Rs 220,Nicorandil,
Inspirol HFA,Macter,Rs 357,,
Imutec,Searle,Rs 642,,
I-Lite-Roll-On,Maxitech Pharma,Rs 900,,
Izilon 400mg,Bosch,Rs 380,"Moxifloxacin, Oral",
Izilon,Bosch,Rs 380,"Moxifloxacin, Oral",400 mg
Intig-D 250mg 60ml,Sami,Rs 190,,
ITP OD 150mg,Sami,Rs 460,Itopride,
Itaglip Plus,Sami,Rs 208,,
Introcan - W,B.Braun,Rs 121,,
Intig-D,Sami,Rs 150,,
Indokast 10mg,Indus Pharma,Rs 237,Montelukast,10mg
Itaglip Plus,Sami,Rs 212,,
Itaglip Plus,Sami,Rs 218,,
Iberet Gradumet 500,Abbott Laboratories,Rs 233,Vitamin C,
Indokast 5mg,Indus Pharma,Rs 165,Montelukast,5mg
Incobal 500 mcg,Indus Pharma,Rs 167,Mecobalamin,500mcg
Intapan,Valor,Rs 480,Nalbuphine,10mg
Isdin,Maple,Rs 31,Isosorbide Dinitrate,10 mg
Imdur,Barrett,Rs 197,Isosorbide Mononitrate,60mg
Isotrate,Mass-PH Health,Rs 107,Isosorbide Mononitrate,10mg
Isotrate,Mass-PH Health,Rs 160,Isosorbide Mononitrate,40mg
Ivagen,Genix,Rs 420,Ivabradine,5mg
Ivagen,Genix,Rs 420,Ivabradine,7.5mg
Ivaset,Highnoon,Rs 182,Ivabradine,5mg
Ivaset,Highnoon,Rs 280,Ivabradine,7.5mg
Ivatab,Nabi Qasim,Rs 462,Ivabradine,5mg
Ivatab,Nabi Qasim,Rs 217,Ivabradine,7.5mg
Ikodil,OBS,Rs 330,Nicronadil,20mg
Inspra,Martin Dow,Rs 290,Montelukast,4mg
Inspra,Martin Dow,Rs 500,Montelukast,10mg
Inspra,Martin Dow,Rs 190,Montelukast,4mg
Inspra,Martin Dow,Rs 248,Montelukast,5mg
Inosita Plus,Pharm Evo,Rs 258,Sitagliptin,50mg
Ironone 150mg,RG Pharma,Rs 203,,
Inograf,Platinum,Rs 483,"Tacrolimus, Oral",0.5 mg
Inograf,Platinum,Rs 783,"Tacrolimus, Oral",1 mg
Inograf,Platinum,"Rs 4,073","Tacrolimus, Oral",5 mg
Inaba,Matrix,Rs 593,,
Inosita Plus XR,Pharm Evo,Rs 275,Metformin,50mg
Inosita Plus XR,Pharm Evo,Rs 283,Metformin,50mg
Inosita Plus XR,Pharm Evo,Rs 333,Metformin,100mg
Ilevro Eye Drop,Novartis,Rs 773,Nepafenac,3mg
Itaglip,Sami,Rs 375,Sitagliptin,50mg
Infexin,Martin Dow Marker,Rs 137,,
Irobest,Titlis Pharma,Rs 159,Iron Polymaltose,
Irobest-F,Titlis Pharma,Rs 120,Iron Polymaltose,
Indazole,Indus Pharma,Rs 240,Esomeprazole,20 mg
Itotab,Hirani's Pharma,Rs 190,Itopride,50 mg
Itotab-OD,Hirani's Pharma,Rs 300,Itopride,150 mg
Imuzer,AGP,Rs 15,Zinc,
Inderal,ICI Pakistan Limited,Rs 71,Propranolol HCl,10 mg
Infacol Plus Gel Suspension 60 ml,Ambrosia,Rs 155,Dicyclomine,
Inderal 40 mg,ICI Pakistan Limited,Rs 136,Propranolol HCl,
Imodium 2 mg Capsule 5 x 12's Pack,Aspin Pharma,Rs 69,Loperamide,
Imutrex,Crystolite Pharma,Rs 100,,
Indiga,Indus Pharma,Rs 50,Gabapentin,100mg
Incetax,Brookes,Rs 75,Cefotaxime,250mg
Infexin,Martin Dow Marker,Rs 49,Cephradine,250mg
Infexin,Martin Dow Marker,Rs 65,Cephradine,500mg
Inflam,Icon,Rs 24,Ibuprofen,100mg
Inflam,Icon,Rs 48,Ibuprofen,100mg
Inflam,Icon,Rs 36,Ibuprofen,100mg
Inflam,Icon,Rs 24,Ibuprofen,600mg
Ibulis,Titlis Pharma,Rs 98,Ibuprofen,100 mg
Irobest,Titlis Pharma,Rs 94,Iron Polymaltose,
Inosita Plus 50/1000mg,Pharm Evo,Rs 209,Sitagliptin,50mg
Imuran,GlaxoSmithKline,Rs 430,Azathioprine,50 mg
Inofolic,Galaxy,Rs 136,Folic Acid,
Inventive,Amson,Rs 215,,
Insulin Pen,Novo Nordisk,"Rs 2,600",Insulin,
IMIGRAN 100MG TABLET,GlaxoSmithKline,Rs 512,,
IMIGRAN FDT( Sumatriptan Succinate) 50MG TABLET,GlaxoSmithKline,Rs 330,,
INFANRIX  HEXA,GlaxoSmithKline,"Rs 1,750",DPT+Polio+Hib+Hepatitis B vaccine,
Ismo,Martin Dow,Rs 79,Isosorbide Mononitrate,20mg
Ivatab,Nabi Qasim,Rs 325,Ivabradine,5mg
IVEFER 100MG INJECTION,Bayer,Rs 340,Iron Sucrose,100mg
Inderal,ICI Pakistan Limited,Rs 107,Propranolol HCl,10 mg
Inderal,ICI Pakistan Limited,Rs 224,Propranolol HCl,
Initial,Grays,Rs 85,Glimepiride,2mg
Initial,Grays,Rs 85,Glimepiride,3mg
Initial,Grays,Rs 170,Glimepiride,4mg
Isoflurane inj,Adcare,"Rs 2,110",Isoflurane,99.9%
Isoflurane inj,Akhai,"Rs 2,482",Isoflurane,99.9%
Isoflurane inj,Akhai,"Rs 5,773",Isoflurane,99.9%
Indiga,Indus Pharma,Rs 140,Gabapentin,300mg
Indiga,Indus Pharma,Rs 169,Gabapentin,400mg
Innomax,Avital Pharma,Rs 900,Topiramate,25mg
Innomax,Avital Pharma,"Rs 1,200",Topiramate,50mg
Ibandro,Pharm Evo,Rs 525,Ibandronic Acid,150mg
Irzazitho,Irza,Rs 250,Azithromycin,250mg
Irzazitho,Irza,Rs 165,Azithromycin,200mg
Irzazitho,Irza,Rs 250,Azithromycin,250mg
Irzaphenicol,Irza,Rs 200,Chloramphenicol,125mg
Irzaclare,Irza,Rs 223,Clarithromycin,125mg
Irzaclare,Irza,Rs 240,Clarithromycin,250mg
Irzaclare,Irza,Rs 445,Clarithromycin,500mg
Intezole,Pharma Ethics,Rs 119,Esomeperazole,20mg
Isomez,Isis,Rs 119,Esomeperazole,20mg
Isomez,Isis,Rs 198,Esomeperazole,40mg
Infectoflam,Novartis,Rs 178,cinnarizine,0.1%|0.3%
Infectran,Zafa,Rs 8,Trimethoprim,80mg|400mg
Infectoflam,Novartis,Rs 185,cinnarizine,0.1%
I-Menate,Irza,Rs 4,Dimehydrinate,50mg
I-Mazine,Irza,Rs 135,Promethazine HCL,10mg
Irene,Zephyr Pharmatec,Rs 38,Sulfadoxine,500mg
Ipracin,Ipharm,Rs 125,Amikacin,500mg
I-Cit,Irza,Rs 186,Cetirizine,1mg|ml
I-Cit,Irza,Rs 149,Cetirizine,10mg
Ifosfamin,Pharmadic,"Rs 1,200",Ifosfamide,1gm
Ifosfamin,Pharmadic,"Rs 2,000",Ifosfamide,2gm
INF-A,Ferozsons,Rs 450,Interferon Alfa-2a,3MIU
Intefen,Nova Med,"Rs 1,000",Interferon Alfa-2a,3MIU
Intefen,Nova Med,"Rs 1,000",Interferon Alfa-2a,3MIU
Intefen,Nova Med,"Rs 1,800",Interferon Alfa-2a,5MIU
Inter 2A,Gene-Tech,Rs 750,Interferon Alfa-2a,3MIU
Inter 2A,Gene-Tech,"Rs 1,050",Interferon Alfa-2a,4.5MIU
Inter 2A,Gene-Tech,"Rs 1,500",Interferon Alfa-2a,9MIU
Intermax,Aster,"Rs 1,050",Interferon Alfa-2a,3MIU
Intermax,Aster,"Rs 1,350",Interferon Alfa-2a,6MIU
INF,Ferozsons,Rs 450,Interferon Alfa-2b.,3MIU
Interlong,Accurate,Rs 650,Interferon Alfa-2b.,3MIU
Interlong,Accurate,"Rs 1,100",Interferon Alfa-2b.,5MIU
Ipratec,Highnoon,Rs 251,Ipratropium Bromide,250mcg
Ipratec-S,Highnoon,Rs 150,Ipratropium Bromide,20mcg
Ipratee,Geofman,Rs 250,Ipratropium Bromide,40ug
Iron(PS),English Pharma,Rs 180,Iron Protein Succinylate,800mg
Iron(PS),English Pharma,Rs 300,Iron Protein Succinylate,800mg
Isoniazid Tab,Genera,Rs 138,Isoniazid,100mg
Isoniazid,Irza,Rs 0,Isoniazid,100mg
Isoniazid,Jawa,Rs 143,Isoniazid,100mg
Isoniazid,LCPW,Rs 249,Isoniazid,100mg
Isoniazid,Lisko,Rs 13,Isoniazid,300mg
Isoniazid,Unexo,Rs 159,Isoniazid,100mg
Isoderm,Candid,Rs 304,Isotretinoin Topical,20mg
Isoface,Genome Pharma,Rs 304,Isotretinoin Topical,20mg
Jentin Met,Searle,Rs 232,Sitagliptin,50mg
Jetepar,Popular,Rs 316,Betaine Glucuronate,
Jezeta,Hilton,Rs 561,Atorvastatin calcium trihydrate,20mg
Jentin Met,Searle,Rs 235,Sitagliptin,50mg
Jardin D,High-Q,Rs 259,Desloratadine,0.5mg
Jardin D,High-Q,Rs 259,Desloratadine,5mg
Jezeta,Hilton,Rs 700,Atorvastatin calcium trihydrate,10mg
Jezeta,Hilton,Rs 348,Atorvastatin calcium trihydrate,10mg
Joint care,Schazoo Pharmaceuticals,Rs 284,Glucosamine sulphate,500mg
Jovit,Shaigan,Rs 290,Glucosamine sulphate,500mg
Jentin,Searle,Rs 189,Sitagliptin,50mg
Juvia-M Plus,Helix Pharma,Rs 340,Metformin,50mg
Juvia-M Plus,Helix Pharma,Rs 330,Sitagliptin,50mg
Jantovia-M XR,Aspin Pharma,Rs 532,Metformin,100mg
Jantovia-M XR,Aspin Pharma,Rs 420,Metformin,50mg
Jantovia-M,Aspin Pharma,Rs 420,Metformin,50mg
Jardy,CCL,Rs 330,Empagliflozin,25 mg
Jardy,CCL,Rs 219,Empagliflozin,10 mg
Jade,Scotmann,Rs 100,Loratadine,10 mg
Jentin met XR,Searle,Rs 242,Sitagliptin,50
Jardy-Met,CCL,Rs 260,,
Johar Joshanda Sugar Free,Qarshi,Rs 100,,
Jade,Scotman,Rs 90,Loratadine,5mg
Jardin,High-Q,Rs 128,Desloratadine,10mg
Janumet,OBS,Rs 500,Sitagliptin,50mg
Japanese Matcha Tea,Ocha,"Rs 2,000",,
Januvia,OBS,"Rs 1,550",Sitagliptin,100mg
Janumet,OBS,Rs 775,Sitagliptin,50mg
Jalgesic,Irza,Rs 11,Dextropropoxyphene,32.5mg
Jasartan,Jawa,Rs 100,Losartan Potassium,50mg
Jintrotide,Accurate,"Rs 3,700",Octreotide Acetate,0.1mg
Jawaclar,Jawa,Rs 240,Clarithromycin,250mg
Jawaclar,Jawa,Rs 445,Clarithromycin,500mg
Jperidon,Jawa,Rs 43,Domperidone,10mg
Jits,Unimark,Rs 119,Esomeperazole,20mg
Jits,Unimark,Rs 198,Esomeperazole,40mg
Jalacin,Irza,Rs 150,Clindamycin,150mg
Jalacin,Irza,Rs 275,Clindamycin,300mg
Jilifen,A.J Mirza,"Rs 3,300",Filgrastim,300mcg
Jilifen,A.J Mirza,"Rs 4,500",Filgrastim,450mcg
Jasic,Libra,Rs 205,Flurbiprofen,100mg
Jalac,Jawa,Rs 142,Lactulose,3.35gm|5ml
Jevelexin,Jawa,Rs 250,Levofloxacin,250mg
Jevelexin,Jawa,Rs 416,Levofloxacin,500mg
Jusline 30/70,Julphar Pakistan,Rs 439,Soluble Insulin,100IU
Jusline Regular,Julphar Pakistan,Rs 464,Insulin Regular,100IU
Jetox,Irza,Rs 4,Attapulgite,500 mg
JA-Stan,Irza,Rs 450,Mefenamic Acid,250mg
JA-Stan,Irza,Rs 16,Mefenamic Acid,250mg
JA-Stan,Irza,Rs 20,Mefenamic Acid,500mg
JA-Stan,Irza,Rs 175,Mefenamic Acid,500mg
Jetamol,Jinnah Pharma,Rs 14,Paracetamol,500mg
Jaycil,Akson,Rs 95,Cefadroxil,500mg
Jaycil,Akson,Rs 159,Cefadroxil,250mg|5ml
Joncef,Ferroza,Rs 187,Cefadroxil,500mg
Jewpime,Jawa,Rs 460,Cefepime,1 gm
Jewpime,Jawa,Rs 275,Cefepime,500mg
Joincef,Mcolson,Rs 250,Cefoperazone,500mg
Joincef,Mcolson,Rs 350,Cefoperazone,1000mg
Joop,Danas,Rs 250,Cefoperazone,500mg
Joop,Danas,Rs 350,Cefoperazone,1000mg
Jafotax,Jawa,Rs 160,Cefotaxime,1gm
Jizdime,Jinnah Pharma,Rs 275,Ceftazidime,1gm
Jizdime,Jinnah Pharma,Rs 144,Ceftazidime,500mg
JCEF,Jinnah Pharma,Rs 321,Ceftriaxone,1gm
JCEF,Jinnah Pharma,Rs 450,Ceftriaxone,2gm
JCEF,Jinnah Pharma,Rs 101,Ceftriaxone,250mg
JCEF,Jinnah Pharma,Rs 170,Ceftriaxone,500mg
Jaflex,Jafson,Rs 165,Cephalexin,500mg
Jafzen,Jafson,Rs 195,Cephradine,500mg
Jakavi,Novartis,"Rs 487,438",Ruxolitinib,15mg
Joinix,Shrooq,Rs 16,Glucosamine sulphate,500mg
Jaefen,Irza,Rs 9,Ibuprofen,200mg
Jaefen,Irza,Rs 242,Ibuprofen,400mg
Jorr,Grays,Rs 106,Meloxicam,15mg
Japra,Irza,Rs 42,Naproxen,250mg
Japra,Irza,Rs 72,Naproxen,500mg
Jaldin,Irza,Rs 67,Piroxicam,20mg
Jaldin,Irza,Rs 67,Piroxicam,20mg
Jexim,Bloom Pharma,Rs 256,Tenoxicam,20mg
Jentin,Searle,Rs 306,Sitagliptin,100mg
Jalgesic,Irza,Rs 11,Dextropropoxyphene,
Juvapyrine,Progressive,Rs 300,Aspirin,300mg
JA-stan,Irza,Rs 12,Mefenamic Acid,250 mg
Jointace Rose Hip,Vitabiotics,"Rs 1,000",,
Jingle,Scotman,Rs 120,Atenolol,100mg
Jingle,Scotman,Rs 65,Atenolol,50mg
Jaclamide,Jinnah Pharma,Rs 7,Glibenclamide,5mg
Jperidon,Jawa,Rs 55,Domperidone,5mg|5ml
Jardin D,High-Q,Rs 90,Desloratadine,0.5mg
Jastine,Wisdom,Rs 95,Ebastine,10mg
Jeprin,Genome Pharma,Rs 8,Aspirin,75mg
Jantal,Irza,Rs 19,Albendazole,100mg
Jantal,Irza,Rs 19,Albendazole,200mg
Jenzole,Jawa,Rs 19,Albendazole,100mg
Jenzole,Jawa,Rs 50,Albendazole,200mg
Jenzole,Jawa,Rs 10,Albendazole,200mg
Jade,Scotman,Rs 75,Loratadine,10mg
Japril,Jawa,Rs 33,Enalapril Maleate,10mg
Japril,Jawa,Rs 28,Enalapril Maleate,5mg
Kemadrin,GlaxoSmithKline,Rs 217,Procyclidine,5 mg
Ketress 40 mg,ICI Pakistan Limited,Rs 43,Levamisole,
Kenacomb Cream 20G,GlaxoSmithKline,Rs 292,Triamcinolone,
Kempro,Adamjee Pharmaceuticals,Rs 103,Procyclidine,5mg
Keplin,Genetics Pharmaceuticals,Rs 575,L-Methylfolate,15mg
Kanadex 0.5mg Tabet,Isis,Rs 20,Dexamethasone,
Kinz,Sami,Rs 107,Nalbuphine,10mg
Keppra,GlaxoSmithKline,Rs 471,Levetiracetam,250mg
Keppra,GlaxoSmithKline,Rs 781,Levetiracetam,500mg
Keptiron,Surge,Rs 750,Levetiracetam,250mg
Keptiron,Surge,"Rs 1,399",Levetiracetam,500mg
Klevra,Pharm Evo,Rs 489,Levetiracetam,100mg
Klevra,Pharm Evo,Rs 340,Levetiracetam,250mg
Klevra,Pharm Evo,Rs 638,Levetiracetam,500mg
Kroff,High-Q,Rs 360,,
Kedronico,Oncogene,"Rs 16,150",Zoledronic Acid,4mg
Kinra,Tabroos,Rs 235,Azithromycin,250mg
Kairo,Scotman,Rs 276,Clarithromycin,125mg
Kairo,Scotman,Rs 300,Clarithromycin,250mg
Kairo,Scotman,Rs 500,Clarithromycin,500mg
Klabid,Efroze,Rs 223,Clarithromycin,125mg
Klabid,Efroze,Rs 360,Clarithromycin,500mg
Klaribact,Martin Dow Marker,Rs 428,Clarithromycin,125mg
Klaribact,Martin Dow Marker,Rs 441,Clarithromycin,250mg
Klaribact,Martin Dow,Rs 774,Clarithromycin,500mg
Klaricid Injection,Abbott Laboratories,Rs 394,Clarithromycin,500mg
Klaricid 125mg/5ml 60ml,Abbott Laboratories,Rs 462,Clarithromycin,125mg
Klaricid 125mg/5ml 30ml,Abbott Laboratories,Rs 246,Clarithromycin,125mg
Klaricid DS-Granules,Abbott Laboratories,Rs 737,Clarithromycin,250mg
Klaricid,Abbott Laboratories,Rs 483,Clarithromycin,250mg
Klaricid,Abbott Laboratories,Rs 873,Clarithromycin,500mg
Klaricid XL,Abbott Laboratories,Rs 436,Clarithromycin,500mg
Klofix ES,Himont,Rs 147,Esomeperazole,20mg
Klofix ES,Himont,Rs 429,Esomeperazole,40mg
Kestine,Highnoon,Rs 120,Ebastine,5mg
Konac,Remington,Rs 142,Diclofenac Sodium,0.1%
Ketro,Vega,Rs 138,Ketorolac,0.5%
Ketrosan,Sante,Rs 212,Ketorolac,0.5%
Kovex,Continental Pharma,Rs 108,Amikacin,250mg
Kovex,Continental Pharma,Rs 194,Amikacin,500mg
Ketoval,Valor,Rs 300,Ketoconazole,200mg
Kolac,Asian Continental,Rs 232,Lactulose,3.35gm
KalSob,Pharm Evo,Rs 750,Calcium Supplement,
Keflex,AGP,Rs 173,Cephalexin,250mg
Keflex,AGP,Rs 339,Cephalexin,500mg
Keflex 10 ml Drop,AGP,Rs 127,Cephalexin,100mg
Keflex 60 ml Suspention,AGP,Rs 198,Cephalexin,250mg
Kefzol,AGP,Rs 288,Cephazolin,1gm
Kefril,Werick,Rs 170,Cephradine,500mg
Kefril,Werick,Rs 125,Cephradine,250mg|5ml
Karty,CCL,"Rs 1,091",Diacerein,50mg
Klic,Tabroos,Rs 116,Diclofenac potassium,50mg
Kinz,Sami,Rs 145,Nalbuphine,20mg
Ketor,Genix,Rs 825,Ketorolac tromethamine,30mg
Kast,Semos,Rs 320,Montelukast,10 mg
Kast,Semos,Rs 190,Montelukast,5 mg
Kestore 10mg,Scilife,Rs 200,Rosuvastatin calcium,
Kapdex DR Capsules,Aspin Pharma,Rs 451,Dexlansoprazole,30 mg
Kapdex DR Capsules,Aspin Pharma,Rs 696,Dexlansoprazole,60 mg
Ketoval,Valor,Rs 276,,
Korzin,Venture,Rs 65,Serrapeptase,5mg
Kestore,Scilife,Rs 300,Rosuvastatin calcium,20mg
Kestine,Highnoon,Rs 297,Ebastine,10 mg
Kestine,Highnoon,Rs 465,Ebastine,20 mg
Kefentech,Matrix,Rs 600,Ketoprofen,30 mg
Kosnate - D Plus,AGP,Rs 35,Vitamin D3,
Ketorite,CCL,Rs 429,,
Ketor 10mg,Genix,Rs 136,,
Ketress Syrup,ICI Pakistan Limited,Rs 79,Levamisole,
Kleen Eneema,Nabi Qasim,Rs 85,Enema Liquid,
Keflex,AGP,Rs 114,Cephalexin,125mg
K-Kort 40MG,Ophth Pharma,Rs 93,Triamcinolone,
Kovex,Continental Pharma,Rs 63,Amikacin,100mg
Kuf-go,Werick,Rs 55,,
Kephalexin,Werick,Rs 53,Cephalexin,125mg|5ml
Kefzol,AGP,Rs 86,Cephazolin,500mg
Kefril,Werick,Rs 85,Cephradine,125mg|5ml
Konac,Remington,Rs 40,Diclofenac Sodium,50mg
Karmol,Genix,Rs 80,Paracetamol,1 gm
Kenalog Orabase,GlaxoSmithKline,Rs 135,Triamcinolone,
Ketorex Scalp Lotion 60ml,Neophar,Rs 352,"Ketoconazole, topical",
Ketosteril,Medipak,Rs 910,,
Ketalite,E-Lite,Rs 110,Ketamine,500mg
Ketamax,Haji medicine,Rs 125,Ketamine,500mg
Ketamine inj,Haji medicine,Rs 118,Ketamine,500mg
Ketasol,Indus Pharma,Rs 38,Ketamine,100mg
Ketasol,Indus Pharma,Rs 65,Ketamine,250mg
KM-Lidocaine,Hsc,Rs 676,Lignocaine,2%
Kapen,Kanel Pharma,Rs 150,Gabapentin,300mg
Kozich,Ambrosia,Rs 150,Gabapentin,300mg
Kozich,Ambrosia,Rs 200,Gabapentin,400mg
Klencin Vaginal,Danas,Rs 287,Clindamycin,40gm
Kosart,Pearl,Rs 100,Losartan Potassium,50mg
Kraze,Medicaids,Rs 310,Azithromycin,250mg
Kraze,Medicaids,Rs 215,Azithromycin,200mg
Kemocarb,Atco,"Rs 2,225",Carboplatin,150 mg
Kemocarb,Atco,"Rs 4,450",Carboplatin,450mg
Kalasave,Medisave,Rs 223,Clarithromycin,125mg
Kalasave,Medisave,Rs 240,Clarithromycin,250mg
Kalasave,Medisave,Rs 445,Clarithromycin,500mg
Ketek,Aries,Rs 169,Clarithromycin,250mg
Ketek,Aries,Rs 299,Clarithromycin,500mg
Klabid,Efroze,Rs 200,Clarithromycin,250mg
Klacid,Pharmadic,Rs 223,Clarithromycin,125mg
Klacid,Pharmadic,Rs 273,Clarithromycin,250mg
Klacid,Pharmadic,Rs 498,Clarithromycin,500mg
Klar,Nimrall,Rs 240,Clarithromycin,250mg
Klar,Nimrall,Rs 445,Clarithromycin,500mg
Klaramine,Macquins,Rs 250,Clarithromycin,125mg
Klarazid,Miracle,Rs 240,Clarithromycin,250mg
Klarazid,Miracle,Rs 400,Clarithromycin,500mg
Klarcay,Caylex,Rs 223,Clarithromycin,125mg
Klarcay,Caylex,Rs 240,Clarithromycin,250mg
Klarcay,Caylex,Rs 445,Clarithromycin,500mg
Klarida,Noa Hemis,Rs 190,Clarithromycin,125mg
Klarida,Noa Hemis,Rs 240,Clarithromycin,250mg
Klarida,Noa Hemis,Rs 400,Clarithromycin,500mg
Klaridox,Mediceena,Rs 210,Clarithromycin,125mg
Klaridox,Mediceena,Rs 270,Clarithromycin,250mg
Klaridox,Mediceena,Rs 530,Clarithromycin,500mg
Klarifine,Polyfine,Rs 280,Clarithromycin,125mg
Klarifine,Polyfine,Rs 250,Clarithromycin,250mg
Koncept,Mcolson,Rs 119,Esomeperazole,20mg
Koncept,Mcolson,Rs 198,Esomeperazole,40mg
Koncept,Mcolson,Rs 285,Esomeperazole,40mg
Kepinol Forte,Qintar Pharma,Rs 9,Trimethoprim,160mg|800mg
Klarofid,Regent,Rs 530,Clarithromycin,500mg
Kaytran,Karachi Chemical,Rs 125,Trimethoprim,80mg
Kaytran Ds,Karachi Chemical,Rs 13,Trimethoprim,160mg
Klarifine,Polyfine,Rs 445,Clarithromycin,500mg
Klarimax,Helicon,Rs 165,Clarithromycin,125mg
Klarimax,Helicon,Rs 307,Clarithromycin,250mg
Klarisef,Hansel,Rs 223,Clarithromycin,125mg
Klarisef,Hansel,Rs 240,Clarithromycin,250mg
Klarisef,Hansel,Rs 445,Clarithromycin,500mg
Klarofid,Regent,Rs 260,Clarithromycin,250mg
Klaronil,Akson,Rs 200,Clarithromycin,125mg
Klaronil,Akson,Rs 199,Clarithromycin,250mg
Klaronil,Akson,Rs 340,Clarithromycin,500mg
Klary,Dr.Raza,Rs 230,Clarithromycin,125mg
Klary,Dr.Raza,Rs 250,Clarithromycin,250mg
Klash,Adcare,Rs 370,Clarithromycin,500mg
Klavor,English Pharma,Rs 223,Clarithromycin,125mg
Klavor,English Pharma,Rs 240,Clarithromycin,250mg
Klavor,English Pharma,Rs 445,Clarithromycin,500mg
Kleric,Medizan,Rs 240,Clarithromycin,250mg
Kleric,Medizan,Rs 445,Clarithromycin,500mg
Klencil,Danas,Rs 287,Clindamycin,1%
Kestine,Highnoon,Rs 176,Ebastine,10 mg
Kestine,Highnoon,Rs 296,Ebastine,20 mg
Kami,Goodman,Rs 119,Amikacin,100mg
Kami,Goodman,Rs 382,Amikacin,500mg
Kimdon,Saydon,Rs 125,Amikacin,500mg
Kimsay,Saydon,Rs 125,Amikacin,500mg
Kanagen,Wisdom,Rs 262,Ketoconazole,200mg
Kare,Tagma,Rs 180,Ketoconazole,200mg
Kenzol,Reko,Rs 230,Ketoconazole,200mg
Ketacon,Davis Pharma,Rs 155,Ketoconazole,200mg
Ketone,Genome Pharma,Rs 169,Ketoconazole,200mg
Ketooz,Alliance,Rs 177,Ketoconazole,200mg
Ketor,Saydon,Rs 189,Ketoconazole,200mg
Ketos,Harmann,Rs 186,Ketoconazole,200mg
Ketry,Delta Pharma,Rs 198,Ketoconazole,200mg
Keyned,Nenza,Rs 177,Ketoconazole,200mg
Konazole,Makson,Rs 177,Ketoconazole,200mg
Katifen,PPP,Rs 52,Ketotifen,1mg
Kaylan,Polyfine,Rs 182,Lansoprazole,30mg
Kamflox,Maark,Rs 300,Levofloxacin,500mg
Kavoflox,Rakahposhi,Rs 156,Levofloxacin,250mg
Kavoflox,Rakahposhi,Rs 258,Levofloxacin,500mg
Kingfloxin,Geofman,Rs 174,Levofloxacin,250mg
Kivcin,Honig,Rs 250,Levofloxacin,250mg
Kivcin,Honig,Rs 416,Levofloxacin,500mg
Klust,Rock PhARMA,Rs 138,Levofloxacin,250mg
Klust,Rock PhARMA,Rs 220,Levofloxacin,500mg
Klust,Rock PhARMA,Rs 300,Levofloxacin,750mg
Kaletra,Abbott Laboratories,"Rs 23,000",Lopinavir,133.3mg
Korat,Xenon,Rs 110,Loratadine,10mg
K-Dol,Akson,Rs 102,Ketorolac Trometamol,30mg
Ketrodil,Cirin,Rs 56,Ketorolac Trometamol,10mg
Ketrodil,Cirin,Rs 108,Ketorolac Trometamol,30mg
Kamic,Stanely,Rs 235,Mefenamic Acid,250mg
Kamic Forte,Stanely,Rs 216,Mefenamic Acid,500mg
Kaypan Forte,Karachi Chemical,Rs 13,Mefenamic Acid,500mg
Kemistan Forte,Al Kemy,Rs 6,Mefenamic Acid,500mg
Kaprin,KPL,Rs 3,Paracetamol,200mg
Kanaclor,Bloom Pharma,Rs 313,Cefaclor,250mg
Kanaclor,Bloom Pharma,Rs 554,Cefaclor,500mg
Kefolor,Aries,Rs 117,Cefaclor,250mg
Kefolor,Aries,Rs 205,Cefaclor,500mg
Kefolor,Aries,Rs 147,Cefaclor,125mg|5ml
Kefolor,Aries,Rs 256,Cefaclor,250mg|5ml
Kilbac,Rakahposhi,Rs 194,Cefaclor,250mg
Kilbac,Rakahposhi,Rs 147,Cefaclor,125mg|5ml
Kilbac,Rakahposhi,Rs 256,Cefaclor,250mg|5ml
Kaydrox,Karachi Chemical,Rs 150,Cefadroxil,500mg
Kaydrox,Karachi Chemical,Rs 150,Cefadroxil,250mg|5ml
Klebsil,Paramount,Rs 180,Cefadroxil,500mg
Klebsil,Paramount,Rs 157,Cefadroxil,250mg|5ml
Keflo-4,Paramount,Rs 200,Cefdinir,100mg
Lasix,Sanofi,Rs 115,Furosemide,20mg
Lasix,Sanofi,Rs 192,Furosemide,40mg
Lipiget,Getz Pharma,Rs 319,Atorvastatin calcium trihydrate,10 mg
Lipiget,Getz Pharma,Rs 549,Atorvastatin calcium trihydrate,20 mg
Lipiget,Getz Pharma,Rs 656,Atorvastatin calcium trihydrate,40 mg
Losec 20mg,Barrett,Rs 892,Omeprazole,20mg
Lilac,Getz Pharma,Rs 264,Lactulose,3.35 gm
Lumark  250mg,Searle,Rs 375,Levetiracetam,250mg
Lumark 500mg,Searle,Rs 618,Levetiracetam,500mg
Lipitor,Pfizer,Rs 350,Atorvastatin calcium trihydrate,10mg
Lowplat,Pharm Evo,Rs 253,Clopidogrel Bisulphate,75mg
Lamisil,Novartis,"Rs 2,875",Terbinafine,250mg
Lamisil,Novartis,Rs 955,Terbinafine,125mg
Lerace,Hilton,Rs 348,Levetiracetam,100mg
Lipitor,Pfizer,Rs 550,Atorvastatin calcium trihydrate,20mg
Lowplat Plus,Pharm Evo,Rs 271,Clopidogrel Bisulphate,75mg
Lipitor,Pfizer,Rs 750,Atorvastatin calcium trihydrate,40mg
Levopraid,Pacific Pharma,Rs 203,Levosulpiride,25mg
Laxoberon,Martin Dow Marker,Rs 53,Sodium Picosulphate,5mg
Lacri-lube,Alere,Rs 220,Chlorobutanol,
Lastolip,Wilshire,Rs 335,Atorvastatin calcium trihydrate,20mg
Lincocin,Pfizer,Rs 74,lincomycin,500mg
Lophos Tablets,RG Pharma,Rs 67,Calcium Supplement,
Lochol,Scilife,Rs 225,Atorvastatin calcium trihydrate,10mg
Lescol,Novartis,"Rs 2,243",Fluvastatin,80mg
Levopraid 50mg,Pacific Pharma,Rs 453,Levosulpiride,
Lowplat Plus 150mg,Pharm Evo,Rs 240,Clopidogrel Bisulphate,75mg
Lamisil,GlaxoSmithKline,Rs 298,"Terbinafine, Topical",1%
Lumark 750mg,Searle,Rs 742,Levetiracetam,750mg
Lyta,Getz Pharma,Rs 245,Duloxetine,20 mg
Lastolip,Wilshire,Rs 180,Atorvastatin calcium trihydrate,10mg
Leradip,Himont,Rs 699,Lercanidipine,10mg
Lezra Excel,Excel Health Care,"Rs 2,962",Letrozole,2.5mg
Lipiget EZ,Getz Pharma,Rs 340,Atorvastatin calcium trihydrate,10 mg
Lotepred Forte,Sante,Rs 310,Loteprednol Etabonate,0.5%
Lacasil 10g/15ml,Sami,Rs 265,Lactitol,
LOMEXIN,Pacific Pharma,Rs 481,Fenticonazole,2%
Lodopin 2.5mg,Martin Dow,Rs 72,Amlodipine,
Limopride,Brookes,Rs 100,Glimepiride,2mg
Limopride,Brookes,Rs 150,Glimepiride,3mg
Lamadol,Brookes,Rs 29,Tramadol,100mg
Lacolep,Hilton,Rs 700,Lacosamide,10mg
Lacolep,Hilton,Rs 403,Lacosamide,100mg
Lacolep,Hilton,Rs 435,Lacosamide,150mg
Lacolep,Hilton,Rs 455,Lacosamide,50mg
Lacolit,Searle,Rs 812,Lacosamide,100mg
Lacolit,Searle,Rs 565,Lacosamide,50mg
Lacova,Avant,Rs 470,Lacosamide,100mg
Lacova,Avant,Rs 330,Lacosamide,50mg
Lalap 100 ml Syrup,Genix,Rs 564,Lacosamide,10mg
Lalap,Genix,Rs 534,Lacosamide,150mg
Lalap,Genix,Rs 700,Lacosamide,200mg
Lagintal,Adamjee Pharmaceuticals,Rs 311,Lamotrigine,100mg
Lagintal,Adamjee Pharmaceuticals,Rs 187,Lamotrigine,25mg
Lagintal,Adamjee Pharmaceuticals,Rs 249,Lamotrigine,50mg
Lamictal,GlaxoSmithKline,Rs 876,Lamotrigine,100mg
Lamictal,GlaxoSmithKline,Rs 309,Lamotrigine,25mg
Lamictal,GlaxoSmithKline,Rs 516,Lamotrigine,50mg
Lamnet,Searle,Rs 150,Lamotrigine,25mg
Lamnet,Searle,Rs 203,Lamotrigine,50mg
Lamonil,Platinum,Rs 240,Lamotrigine,100mg
Lamonil,Platinum,Rs 164,Lamotrigine,25mg
Lamonil,Platinum,Rs 200,Lamotrigine,50mg
Limgit,Glitz,Rs 164,Lamotrigine,25mg
Limgit,Glitz,Rs 177,Lamotrigine,50mg
Lojin,Hilton,Rs 330,Lamotrigine,100mg
Lojin,Hilton,Rs 185,Lamotrigine,25mg
Lojin,Hilton,Rs 267,Lamotrigine,50mg
Lomogin,Stand Pharm,Rs 242,Lamotrigine,100mg
Lomogin,Stand Pharm,Rs 136,Lamotrigine,25mg
Lomogin,Stand Pharm,Rs 186,Lamotrigine,50mg
Lekra,Hirani's Pharma,Rs 220,Levetiracetam,250mg
Lekra,Hirani's Pharma,Rs 450,Levetiracetam,500mg
Lepsi,Genetics Pharmaceuticals,Rs 505,Levetiracetam,100mg
Lerace,Hilton,Rs 435,Levetiracetam,500mg
Lerace,Hilton,Rs 196,Levetiracetam,250mg
Lerace,Hilton,Rs 316,Levetiracetam,500mg
Levefil,Pharmatec,Rs 188,Levetiracetam,100mg
Levefil,Pharmatec,Rs 353,Levetiracetam,250mg
Levotam,Platinum,Rs 550,Levetiracetam,500mg
Lyrica,Pfizer,"Rs 2,338",Pregabalin.,150mg
Lyrica,Pfizer,"Rs 1,524",Pregabalin.,75mg
Legent,Amarant,Rs 233,Topiramate,25mg
Legent,Amarant,Rs 274,Topiramate,50mg
Lintiz,Bosch,Rs 140,Tizanidine,4mg
Listan,Amarant,Rs 180,Valsartan,160mg
Listan,Amarant,Rs 312,Valsartan,80mg
Listan-HT,Amarant,Rs 378,Valsartan,160mg
Listan-HT,Amarant,Rs 252,Valsartan,80mg
Losaan,Maple,Rs 345,Losartan Potassium,50mg
Losanta,Asian Continental,Rs 87,Losartan Potassium,25mg
Losanta,Asian Continental,Rs 181,Losartan Potassium,50mg
Lomac,Hirani's Pharma,Rs 104,Esomeperazole,20mg
Lomac,Hirani's Pharma,Rs 173,Esomeperazole,40mg
Larith,Genix,Rs 600,Clarithromycin,500mg
Lamcy-T,Shaigan,Rs 128,cinnarizine,0.1%
Lotepred-T,Sante,Rs 455,Loteprednol Etabonate,0.5 mg
Larith,Genix,Rs 398,Clarithromycin,125mg
Larith,Genix,Rs 350,Clarithromycin,250mg
Lamcy,Shaigan,Rs 116,cinnarizine,0.10%
Lotenol Forte,Remington,Rs 225,Loteprednol,0.50 %
Larinex,Getz Pharma,Rs 220,Desloratadine,5 mg
Leozin,Hilton,Rs 123,Levocetirizine,5mg
Lukodermine,LCPW,Rs 210,Methoxsalen,1%
Lukodermine,LCPW,Rs 211,Methoxsalen,10mg
Lacnovex,Herbion,Rs 209,Lactulose,3.35gm
Lactozaf,Zafa,Rs 236,Lactulose,3.35gm|5ml
Laevolac,Hilton,Rs 232,Lactulose,3.35gm
Lansor,Pharmadic,Rs 229,Lansoprazole,30mg
Lanzit,S.J. & G. Fazul Ellahie,Rs 346,Lansoprazole,30mg
Lasogap,Glitz,Rs 206,Lansoprazole,30mg
Lcyn,High-Q,Rs 320,Levofloxacin,250mg
Lcyn,High-Q,Rs 460,Levofloxacin,500mg
Lcyn,High-Q,Rs 440,Levofloxacin,750mg
Lecin,Valor,Rs 260,Levofloxacin,250mg
Lecin,Valor,Rs 420,Levofloxacin,500mg
Leflo,Avant,Rs 196,Levofloxacin,250mg
Leflo,Avant,Rs 325,Levofloxacin,500mg
Leflotec,Pharmatec,Rs 308,Levofloxacin,250mg
Leflotec,Pharmatec,Rs 487,Levofloxacin,500mg
Leflox,Getz Pharma,Rs 500,"Levofloxacin, Inf/Oral",500 mg
Leflox,Getz Pharma,Rs 430,"Levofloxacin, Inf/Oral",750 mg
Leflox,Getz Pharma,Rs 285,"Levofloxacin, Inf/Oral",250 mg
Leflox,Getz Pharma,Rs 465,"Levofloxacin, Inf/Oral",500 mg
Leflox,Getz Pharma,Rs 627,"Levofloxacin, Inf/Oral",750 mg
Leoflox,Bryon,Rs 170,Levofloxacin,250mg
Leoflox,Bryon,Rs 280,Levofloxacin,500mg
Lequix,Schazoo Pharmaceuticals,Rs 186,Levofloxacin,250mg
Lequix,Schazoo Pharmaceuticals,Rs 310,Levofloxacin,500mg
Levaq,Global-Vision,Rs 185,Levofloxacin,250mg
Levite,Mass-PH Health,Rs 300,Levofloxacin,500mg
Levo,Ferozsons,Rs 185,Levofloxacin,250mg
Levo,Ferozsons,Rs 265,Levofloxacin,500mg
Levo-F,Opal,Rs 212,Levofloxacin,250mg
Levo-F,Opal,Rs 347,Levofloxacin,500mg
Levocil,CCL,Rs 320,Levofloxacin,500mg
Levocil,CCL,Rs 238,Levofloxacin,250mg
Levocil,CCL,Rs 418,Levofloxacin,500mg
Levoday,Davis Pharma,Rs 130,Levofloxacin,250mg
Levoday,Davis Pharma,Rs 250,Levofloxacin,500mg
Levofin,Novartis,Rs 285,Levofloxacin,250mg
Levofin,Novartis,Rs 422,Levofloxacin,500mg
Levofloxa,Rosaco,Rs 400,Levofloxacin,500mg
Levolife,Maple,Rs 114,Levofloxacin,250mg
Levolife,Maple,Rs 270,Levofloxacin,500mg
Levolife,Maple,Rs 326,Levofloxacin,750mg
Levolis,Titlis Pharma,Rs 325,Levofloxacin,500mg
Levomerc,Martin Dow,Rs 250,Levofloxacin,250mg
Levomerc,Martin Dow,Rs 360,Levofloxacin,500mg
Levopal,Pharmix,Rs 170,Levofloxacin,250mg
Levoscot,Scotman,Rs 150,Levofloxacin,250mg
Levoscot,Scotman,Rs 260,Levofloxacin,500mg
Levovis,Global-Vision,Rs 118,Levofloxacin,250mg
Levovis,Global-Vision,Rs 236,Levofloxacin,500mg
Levoxin,Searle,Rs 310,Levofloxacin,250mg
Levoxin,Searle,Rs 456,Levofloxacin,500mg
Locus,Saffron,Rs 320,Levofloxacin,500mg
Locus,Saffron,Rs 300,Levofloxacin,250mg
Locus,Saffron,Rs 350,Levofloxacin,500mg
Loxycin,Batala Pharma,Rs 250,Levofloxacin,250mg
Loxycin,Batala Pharma,Rs 416,Levofloxacin,500mg
Loragix,Bryon,Rs 115,Loratadine,10mg
Lorate,Pharmix,Rs 121,Loratadine,10mg
Lantus solostar,Sanofi,"Rs 1,614",Insulin Glargine,100IU
Lame,Atco,Rs 222,Lisinopril dihydrate,10mg
Lame,Atco,Rs 105,Lisinopril dihydrate,5mg
Lisna,Zafa,Rs 188,Lisinopril dihydrate,20mg
Lispril,Werick,Rs 170,Lisinopril dihydrate,10mg
Lispril,Werick,Rs 350,Lisinopril dihydrate,20mg
Lotide,Pharmatec,Rs 125,Lisinopril dihydrate,10mg
Lamoretic,Atco,Rs 330,Lisinopril dihydrate,20mg
Limigzol,Genetics Pharmaceuticals,Rs 900,Zolmitriptan,2.5mg
Lasoride,Sanofi,Rs 74,Furosemide,40mg
Lomotil,Searle,Rs 14,Diphenoxylate and Atropine,2.5mg
Low Osmolar ORS,Atco,Rs 19,"sodium chloride, sodium citrate, potassium chlorid",3.5gm
Linzim,Bosch,Rs 410,Cefixime,400mg
Linzim,Bosch,Rs 250,Cefixime,100mg
Linzim,Bosch,Rs 255,Cefixime,100mg
Linzim,Bosch,Rs 294,Cefixime,200mg
Lincocin,Pfizer,Rs 99,lincomycin,600mg
Lenwin,Getz Pharma,Rs 169,Cephradine,250 mg
Lenwin,Getz Pharma,Rs 288,Cephradine,500 mg
Lenwin,Getz Pharma,Rs 103,Cephradine,1 gm
Lenwin,Getz Pharma,Rs 195,Cephradine,250 mg
Lonac,Pharmatec,Rs 22,Diclofenac Sodium,75mg|3ml
Lonac,Pharmatec,Rs 86,Diclofenac Sodium,50mg
Lonac,Pharmatec,Rs 61,Diclofenac Sodium,75mg
Lonac,Pharmatec,Rs 92,Diclofenac Sodium,100mg
Liometacen,Chiesi,Rs 223,Indomethacin,50mg
Lefanor,Macter,Rs 450,Leflunomide,10mg
Lefanor,Macter,Rs 475,Leflunomide,20mg
Lefora,Hilton,Rs 367,Leflunomide,10mg
Lefora,Hilton,Rs 587,Leflunomide,20mg
Loxidol,Amarant,Rs 170,Meloxicam,15mg
Loster,Helix Pharma,Rs 280,Rosuvastatin calcium,10mg
Letrozone,Pharmadic,"Rs 2,000",Letrozole,2.5 mg
Loster,Helix Pharma,Rs 400,Rosuvastatin calcium,20mg
Lezoxib 200mg,Horizon Pharma,Rs 137,,
Liptin 50mg,Tabroos,Rs 260,Vildagliptin,
Loratine,Maxitech Pharma,Rs 152,Loratadine,
Lizobal 500mcg,Bosch,Rs 30,Mecobalamin,
Lizobal,Bosch,Rs 146,Mecobalamin,500mcg
Lorin-NSA 10mg,Asian Continental,Rs 151,Loratadine,10mg
Lipotrim,Maple,Rs 350,Atorvastatin calcium trihydrate,20mg
Lacticare-HC (Hydrocortisone USP),Stiefel,Rs 554,,
Lacticare HC,Stiefel,Rs 411,Hydrocortisone,1%
Lodopin 10mg,Martin Dow,Rs 109,Amlodipine,
Loster,Helix Pharma,Rs 150,Rosuvastatin calcium,5 mg
Lyta,Getz Pharma,Rs 450,Duloxetine,30 mg
Lyta,Getz Pharma,Rs 256,Duloxetine,40 mg
Lyta,Getz Pharma,Rs 650,Duloxetine,60 mg
Lochol,Scilife,Rs 420,,
Lamadol,Brookes,Rs 178,Tramadol,50mg
Lamoretic,Atco,Rs 330,Lisinopril dihydrate,20mg
Lodopin,Martin Dow Marker,Rs 82,Amlodipine,5 mg
Laxoberon,Martin Dow,Rs 166,Sodium Picosulphate,5mg
Lucast Sachet,AGP,Rs 385,Montelukast,4mg
Lucast,AGP,Rs 405,Montelukast,10mg
Lucast,AGP,Rs 224,Montelukast,4mg
Lucast,AGP,Rs 310,Montelukast,5mg
Lukomon,Platinum,Rs 330,Montelukast,4 mg
Lukomon,Platinum,Rs 355,Montelukast,10 mg
Lukomon,Platinum,Rs 340,Montelukast,5 mg
Lungair,Nabi Qasim,Rs 285,Montelukast,4 mg
Lungair,Nabi Qasim,Rs 180,Montelukast,4 mg
Lungair,Nabi Qasim,Rs 300,Montelukast,5 mg
Losanta DIU,Asian Continental,Rs 250,Hydrochlorothiazide,12.5mg
Lipirex,Highnoon,Rs 525,Atorvastatin calcium trihydrate,40mg
Limol,Matrix,Rs 280,,
Lian,Matrix,Rs 410,,
Lian,Matrix,Rs 450,,
Lipiron Natural Iron Supplement,ICI Pakistan Limited,Rs 35,,
Listan-AM,Amarant,Rs 292,Amlodipine,5mg
Lipotrim,Maple,Rs 180,,
Lerace,Hilton,Rs 666,Levetiracetam,100mg
Lorin-NSA,Asian Continental,Rs 412,Loratadine,10mg
Lincocin,Pfizer,Rs 66,lincomycin,300mg
Lacolep,Hilton,Rs 550,Lacosamide,50 mg
Lomexin,Pacific Pharma,Rs 105,Fenticonazole,2%
Lurisa,Helix Pharma,Rs 325,Lurasidone,40 mg
Luner,Saffron,Rs 89,Flunarizine,5 mg
Lodopin-V,Martin Dow,Rs 311,Amlodipine besylate,5 mg
Levolis,Titlis Pharma,Rs 200,"Levofloxacin, Inf/Oral",250 mg
LVT,Titlis Pharma,Rs 250,Levetiracetam,250 mg
LVT,Titlis Pharma,Rs 430,Levetiracetam,500 mg
Lanzol,Pharmatec,Rs 565,Lansoprazole,30 mg
Losaan,Maple,Rs 345,Losartan Potassium,50 mg
Lamitor,Genetics Pharmaceuticals,Rs 200,Lamotrigine,50 mg
Lubrisol,Genix,Rs 168,Hypromellose,
Lomisec,Scilife,Rs 222,Omeprazole,20 mg
Lerace,Hilton,Rs 355,Levetiracetam,
Lerace XR,Hilton,Rs 620,Levetiracetam,500 mg
Lodopin-V,Martin Dow,Rs 444,Amlodipine besylate,5 mg
Lodopin-V,Martin Dow,Rs 535,Amlodipine besylate,10 mg
Limol,Matrix,Rs 400,L-Methylfolate,400 mcg
Lamitor,Genetics Pharmaceuticals,Rs 205,Lamotrigine,50 mg
Locyst,RG Pharma,Rs 590,B12,490 mcg
Lipomax,AGP,Rs 41,Multivitamin with Mineral,
Lexotanil,Martin Dow,Rs 112,Bromazepam,3 mg
Limet,Bristol Mayer Biotech Pakistan,Rs 675,Linezolid,600 mg
Lalap,Genix Pharma,Rs 211,Lacosamide,50 mg
Lalap,Genix Pharma,Rs 351,Lacosamide,100 mg
Lungair,Nabi Qasim,Rs 213,Montelukast,10 mg
Lochol,Scilife,Rs 525,Atorvastatin calcium trihydrate,40 mg
Levotam,Platinum,Rs 350,Levetiracetam,250 mg
Lixer,Barrett,Rs 117,,
Levelanz,Abbott Laboratories,Rs 505,,
Lipirex,Highnoon,Rs 455,Atorvastatin calcium trihydrate,20mg
Lanoxin 0.25mg,GlaxoSmithKline,Rs 81,Digoxin,
Lysovit,Pfizer,Rs 148,Vitamin B complex plain and with Vitamin C,
Lidosporin Ear Drops,GlaxoSmithKline,Rs 45,Polymyxin B,
Lederplex,ICI Pakistan Limited,Rs 112,Vitamin B complex plain and with Vitamin C,
Lincocin,Pfizer,Rs 111,lincomycin,250mg
Labetalol,Zafa,Rs 52,Labetalol,50mg
Limopride,Brookes,Rs 50,Glimepiride,1mg
Lintiz,Bosch,Rs 83,Tizanidine,2mg
Leviva,Highnoon,Rs 59,Levocetirizine,2.5mg|5ml
Leviva,Highnoon,Rs 93,Levocetirizine,5mg
Levocit,Brookes,Rs 89,Levocetirizine,5mg
Loprin,Highnoon,Rs 27,Aspirin,150mg
Loprin,Highnoon,Rs 24,Aspirin,75mg
Loragix,Bryon,Rs 70,Loratadine,1mg|ml
Lisna,Zafa,Rs 40,Lisinopril dihydrate,5mg
Lispril,Werick,Rs 85,Lisinopril dihydrate,5mg
Lotide,Pharmatec,Rs 65,Lisinopril dihydrate,5mg
Lenwin,Getz Pharma,Rs 42,Cephradine,250 mg
Lenwin,Getz Pharma,Rs 60,Cephradine,500 mg
Lenwin,Getz Pharma,Rs 119,Cephradine,125 mg
Loxic,L A Kurative,Rs 64,Meloxicam,7.5mg
Loxidol,Amarant,Rs 81,Meloxicam,7.5mg
Lice-o-Nil,Wilson's,Rs 130,,
Loratine,Maxitech Pharma,Rs 42,,
Lorel,Stand Pharm,Rs 140,Loratadine,10mg
Lorin-NSA 5mg/5ml,Asian Continental,Rs 59,,
Lanoxin,GlaxoSmithKline,Rs 91,Digoxin,500mcg
Loratine,Delux,Rs 42,Loratadine,5mg
Lisformin,Titlis Pharma,Rs 14,Metformin,500 mg
Lexotanil,Martin Dow,Rs 85,Bromazepam,3 mg
Lederiif 300mg,Wyeth,Rs 130,Rifampicin,300mg
Lipirex,Highnoon,Rs 225,Atorvastatin calcium trihydrate,10 mg
Myteka,Hilton,Rs 200,Montelukast,5mg
Myteka Tablet,Hilton,Rs 264,Montelukast,10mg
Myteka Sachet,Hilton,Rs 32,Montelukast,4mg
Myrin-P Forte,Wyeth,Rs 147,Rifampicin,
Maxflow 0.4mg,CCL,Rs 618,Tamsulosin HCl,0.4mg
Montiget,Getz Pharma,Rs 252,Montelukast,10mg
Motival,GlaxoSmithKline,Rs 91,Fluphenazine,
Mercip,Martin Dow Marker,Rs 331,Ciprofloxacin,500mg
Mercip,Martin Dow Marker,Rs 221,Ciprofloxacin,250mg
Maxolon 10mg,GlaxoSmithKline,Rs 43,Metoclopramide,
Mirtazep 30mg,Zafa,Rs 600,Mirtazapine,
Mirtazep 15mg,Zafa,Rs 348,Mirtazapine,15 mg
Myteka,Hilton,Rs 162,Montelukast,4mg
Monopril 10mg,GlaxoSmithKline,Rs 383,Fosinopril Sodium,
Mexaderm Tablets,Mpc Health,Rs 220,,
M-low 10mg,Scilife,Rs 148,Amlodipine,
Morcet,Searle,Rs 449,Escitalopram,10mg
Mecobal 500mcg,Nabi Qasim,Rs 175,Mecobalamin,500mcg
Myonal,Hilton,Rs 284,Eperisone,50mg
Myfortic,Novartis,"Rs 2,949",Mycophenolate,360mg
Minirin,Atco,"Rs 8,782",Desmopressin,0.1mg
Mucolator Sachet,Abbott Laboratories,Rs 21,Acetylcysteine,
Methycobal,Hilton,Rs 183,Mecobalamin,500mcg
Maltofer,OBS,Rs 329,Iron Polymaltose,
Maxius Lemon,Pacific Pharma,Rs 32,Tibezonium iodide,
Montiget (pediatric Granules),Getz Pharma,Rs 26,Montelukast,4 mg
Montiget,Getz Pharma,Rs 217,Montelukast,5 mg
Motilium-V,Aspin Pharma,Rs 104,Domperidone Maleate,10mg
Mebever MR,Getz Pharma,Rs 375,Mebeverine,200 mg
Moxiget,Getz Pharma,Rs 554,"Moxifloxacin, Oral",400 mg
Mezeron,Aspin Pharma,Rs 625,Mirtazapine,30mg
Moksi 400mg,Abbott Laboratories,Rs 648,"Moxifloxacin, Oral",
Monis XR,Maple,Rs 228,Isosorbide Mononitrate,60mg
Mosegor,Novartis,Rs 150,Pizotifen,
MOSEGOR 120ML SYP,Novartis,Rs 253,Pizotifen,
Movcol,Genix,Rs 40,Macrogol,
Myfol 400 mcg,RG Pharma,Rs 192,,
Mytil 125MG/5ML SYP,Wilson's,Rs 232,Ciprofloxacin,
MYTIL 250MG/5ML SYP,Wilson's,Rs 402,Ciprofloxacin,
Maxfol,High-Q,Rs 113,Folic Acid,400mg
Maxfol,Searle,Rs 342,,
Moxigan Opthalmic Solution 0.5 %,Barrett,Rs 350,"Moxifloxacin, Eye",0.5%
Myofolic,Matrix,Rs 80,Folic Acid,
Mirena,Bayer,"Rs 14,791",Levonorgestrel,52mg
Monitor,Werick,Rs 315,Bisoprolol,10mg
Merol,Atco,Rs 68,Metoprolol,5mlx5amp
Monitor,Werick,Rs 220,Bisoprolol,5mg
Monocor,Stand Pharm,Rs 210,Bisoprolol,10mg
Monocor,Stand Pharm,Rs 144,Bisoprolol,5mg
Merol,Atco,Rs 68,Metoprolol tartrate,5mlx5amp
Merol,Atco,Rs 99,Metoprolol tartrate,100mg
Merol,Atco,Rs 58,Metoprolol tartrate,50mg
Metcon Plus,Efroze,Rs 42,Glibenclamide,5mg
Megapride,Mega,Rs 70,Glimepiride,2mg
Megapride,Mega,Rs 120,Glimepiride,4mg
Metphage,Efroze,Rs 27,Metformin,500mg
Mictra,Bosch,Rs 40,Tramadol,100mg
Micort,Ophth Pharma,Rs 215,Isoconazole,7x5gm
Metni-V,Shaigan,Rs 173,Metronidazole,75gm
Myzovag,Nabi Qasim,Rs 206,Miconazole,
Medigesic,Wilshire,Rs 77,Orphenadrine,35mg
Medigesic Forte,Wilshire,Rs 147,Orphenadrine,50mg
Movax,Sami,Rs 315,Tizanidine,4mg
Musidin,Martin Dow,Rs 461,Tizanidine,6mg
Musidin,Martin Dow,Rs 227,Tizanidine,2mg
Musidin,Martin Dow,Rs 319,Tizanidine,4mg
Muscor,Leo-Zam Zam,Rs 252,Thiocolchicoside,4 mg
Muscoril,Sanofi,Rs 600,Thiocolchicoside,4mg
Muscoril,Sanofi,Rs 147,Thiocolchicoside,4mg
Myolax,Genetics Pharmaceuticals,Rs 443,Thiocolchicoside,4mg
Myolax,Genetics Pharmaceuticals,Rs 242,Thiocolchicoside,4 mg
Myosoft,Pharmix,Rs 120,Thiocolchicoside,4mg
Misar H,Highnoon,Rs 380,Telmisartan,80mg
Macrobac,Asian Continental,Rs 264,Azithromycin,250mg
Makazi,Crystolite Pharma,Rs 385,Azithromycin,250mg
Maldom,Semos,Rs 136,Domperidone,5mg|5ml
Motilium,Aspin Pharma,Rs 160,Domperidone,5mg
Motilium,Aspin Pharma,Rs 86,Domperidone,10mg
Maldom,Semos,Rs 50,Domperidone Maleate,10mg
Moticol,Novins,Rs 30,Domperidone Maleate,10mg
Meldere,Sanofi,Rs 85,Esomeperazole,20mg
Maclacin,Bosch,Rs 324,Clarithromycin,125mg
Maclacin,Bosch,Rs 507,Clarithromycin,250mg
Maclacin,Bosch,Rs 309,Clarithromycin,250mg
Maclacin,Bosch,Rs 550,Clarithromycin,500mg
Maclara,Zafa,Rs 256,Clarithromycin,250mg
Maclara,Zafa,Rs 406,Clarithromycin,500mg
Megaklar Ds,Barrett,Rs 600,Clarithromycin,250mg
Megaklar,Barrett,Rs 350,Clarithromycin,125mg
Megaklar,Barrett,Rs 310,Clarithromycin,250mg
Megaklar,Barrett,Rs 590,Clarithromycin,500mg
Maxidex,Novartis,Rs 200,Dexamethasone,0.001
Mydex,Shaigan,Rs 214,Dexamethasone,0.1%
Misonate,Tabroos,Rs 175,Artesunate,60mg
Mydrex,Vega,Rs 170,Tropicamide,1%
Mydromide,Remington,Rs 155,Tropicamide,1%
Mydropic,Innvotek,Rs 130,Tropicamide,1%
Mingle,Valor,Rs 197,Adapalene,0.001
Mifate,swiss pharma,Rs 170,Amikacin,250mg
Mycolock,Bryon,Rs 372,Ketoconazole,200mg
Mifos,Remington,Rs 161,Fosfomycin,250mg
Mclevo,Macter,Rs 200,Levofloxacin,250mg
Mclevo,Macter,Rs 325,Levofloxacin,500mg
Mosl'VE,Semos,Rs 210,Levofloxacin,250mg
Mosl'VE,Semos,Rs 280,Levofloxacin,500mg
Moduretic,OBS,Rs 37,Amiloride,5mg
Meronem,Pfizer,"Rs 3,164",Meropenem,1gm
Meronem,Pfizer,"Rs 1,635",Meropenem,500mg
Metaplaxel,CCL,"Rs 6,000",Paclitaxel,30mg
Masacol,Getz Pharma,Rs 372,Mesalazine,400 mg
Masacol,Getz Pharma,Rs 620,Mesalazine,800 mg
Mycoderm 250 mg,Nabi Qasim,Rs 529,Terbinafine,
Maxipime,GlaxoSmithKline,"Rs 1,420",Cefepime,1 gm
Maxipime,GlaxoSmithKline,Rs 754,Cefepime,500mg
M-Span,Aspin Pharma,Rs 351,Cefixime,400mg
M-Span,Aspin Pharma,Rs 239,Cefixime,200mg|5ml
Magnett,Continental Pharma,Rs 419,Cefixime,400mg
Magnett,Continental Pharma,Rs 234,Cefixime,100mg
Magnett,Continental Pharma,Rs 286,Cefixime,200mg|5ml
Magnett,Continental Pharma,Rs 390,Cefixime,200mg
Maxima,Macter,Rs 398,Cefixime,400mg
Maxima,Macter,Rs 275,Cefixime,100mg
Maxima,Macter,Rs 281,Cefixime,100mg
Maxima,Macter,Rs 275,Cefixime,200mg
Maxima,Macter,Rs 390,Cefixime,200mg
Maxophine,Global-Vision,Rs 313,Cefixime,200mg
Maxophine,Global-Vision,Rs 292,Cefixime,400mg
Maxophine,Global-Vision,Rs 240,Cefixime,100mg|5ml
Maxophine,Global-Vision,Rs 300,Cefixime,100mg|5ml
Maxpan,Indus Pharma,Rs 455,Cefixime,200mg
Maxpan,Indus Pharma,Rs 430,Cefixime,400mg
Maxpan,Indus Pharma,Rs 285,Cefixime,100mg
Maxpan,Indus Pharma,Rs 365,Cefixime,200mg
Mixel,High-Q,Rs 304,Cefixime,200mg
Mixel,High-Q,Rs 580,Cefixime,400mg
Mixel,High-Q,Rs 321,Cefixime,100mg
Mixel,High-Q,Rs 535,Cefixime,200mg
Mitaz,Macter,Rs 248,Ceftazidime,1gm
Mitaz,Macter,Rs 144,Ceftazidime,500mg
Maxef,Indus Pharma,Rs 415,Ceftriaxone,1gm
Maxef,Indus Pharma,Rs 175,Ceftriaxone,250mg
Maxef,Indus Pharma,Rs 325,Ceftriaxone,500mg
Mercefex,Martin Dow Marker,Rs 140,Ceftriaxone,250mg
Mercefex,Martin Dow Marker,Rs 690,Ceftriaxone,1gm
Mercefex,Martin Dow Marker,Rs 297,Ceftriaxone,500mg
Mylaxon,Barrett,Rs 82,Mecobalamin,500mcg
Mylaxon,Barrett,Rs 123,Mecobalamin,500mcg
Meteospasmyl,Tabroos,Rs 243,Alverine Citrate and Simethicone,60
Moveryl,Sami,Rs 110,Celecoxib,100mg
Moveryl,Sami,Rs 175,Celecoxib,200mg
Miso Plus,Global-Vision,Rs 200,Diclofenac Sodium and Misoprostol,50mg
Magnofenac,AGP,Rs 16,Diclofenac Sodium,75mg
Mobikare,Barrett,Rs 265,Diclofenac Sodium,100mg
Mobikare SR,Barrett,Rs 88,Diclofenac Sodium,100 mg
Mobikare,Barrett,Rs 43,Diclofenac Sodium,50mg
Mobikare DR,Barrett,Rs 65,Diclofenac Sodium,75mg
Mobikare,Barrett,Rs 45,Diclofenac Sodium,75mg|3ml
Motaar,Stand Pharm,Rs 19,Diclofenac Sodium,75mg|3ml
Motaar SR,Stand Pharm,Rs 162,Diclofenac Sodium,100mg
Motaar,Stand Pharm,Rs 85,Diclofenac Sodium,50mg
Macprofen,Macter,"Rs 1,681",Ibuprofen,100mg
Movelef,Genix,"Rs 1,384",Leflunomide,20mg
Miura -D Ampoule,Getz Pharma,Rs 165,Cholecaliceferol,5 mg
M-Com,Wilshire,Rs 138,Meloxicam,15mg
Melfax,AGP,Rs 210,Meloxicam,15mg
Melor,Sami,Rs 150,Meloxicam,15mg
Micam,Bosch,Rs 101,Meloxicam,15mg
Mits DS,Shaigan,Rs 195,Meloxicam,15mg
Mits,Shaigan,Rs 94,Meloxicam,7.5mg
Mesulid,Atco,Rs 125,Nimesulide,100mg
Modact-IR,Platinum,Rs 147,Nimesulide,100mg
Mobicam,Global-Vision,Rs 25,Piroxicam,20mg
Melas Cream,Atco,Rs 290,"Fusidic Acid, topical",
Menactra,Sanofi,"Rs 4,532",Meningitis vaccine A,4mcg|0.5 ml
METEOR 500 mg,Asian Continental,Rs 27,Metformin,
Mibega,Getz Pharma,Rs 720,Mirabegron,25 mg
M-Span 100mg,Aspin Pharma,Rs 200,Cefixime,
Maltofer-Fol,OBS,Rs 550,Iron,III Hydroxide Polymaltose Complex + Folic A
Maltofer,OBS,Rs 294,Iron Polymaltose,
Mecobal 500mcg,Nabi Qasim,Rs 100,Mecobalamin,500mcg
Maxithro,Maxitech Pharma,Rs 366,Azithromycin,500mg
Medimax,Maxitech Pharma,Rs 450,,
Melano,Maxitech Pharma,Rs 700,,
Multical-1000,Nabi Qasim,Rs 21,,
Metrozine,Searle,Rs 22,Metronidazole,200mg
Mosegor,Novartis,Rs 124,Pizotifen,0.5mg
MNTK,Macter,Rs 153,Montelukast,5mg
Movelat 50gm,Atco,Rs 815,,
Megamox Ophthalmic Sol 0.5% 5ml,Sante,Rs 325,,
Manipram,Werick,Rs 229,Citalopram,20mg
Myo Sachet,Helix Pharma,Rs 70,Folic Acid,
Metodine,Searle,Rs 73,,
Mofest,Sami,Rs 420,"Moxifloxacin, Eye",400mg
Mytil,Wilson's,Rs 339,Ciprofloxacin,500mg
Mytil,Wilson's,Rs 200,Ciprofloxacin,250mg
Miura-D,Getz Pharma,Rs 195,Cholecaliceferol,5 mg
Mibega,Getz Pharma,Rs 800,Mirabegron,50 mg
Multibionta Inj 5Ampx10ml,Martin Dow,Rs 89,,
Maradol,Atco,Rs 394,Tramadol,50 mg|ml
Melas-H Cream 15gm,Atco,Rs 313,,
Monis,Maple,Rs 161,Isosorbide Mononitrate,20mg
Monis,Maple,Rs 242,Isosorbide Mononitrate,40 mg
Milron,Atco,"Rs 1,844",Nicronadil,10mg
Mefnac D.S.,Efroze,Rs 36,Mefenamic Acid,500 mg
Metrozine,Searle,Rs 33,Metronidazole,400mg
Mincowin,Avant,Rs 325,,
Mibega,Getz Pharma,Rs 950,Mirabegron,50 mg
Momate,Maxitech Pharma,Rs 183,"Mometasone Furoate, topical",0.001
Maxfyl,Neutro,Rs 280,Doxofylline,400 mg
Mingair,PCW,Rs 314,Montelukast,10 mg
Mingair,PCW,Rs 243,Montelukast,5 mg
MNTK,Macter,Rs 316,Montelukast,10mg
Montair,CCL,Rs 182,Montelukast,4 mg
Montair,CCL,Rs 238,Montelukast,5 mg
Montaza,Zafa,Rs 225,Montelukast,10 mg
Montec,Pharmatec,Rs 630,Montelukast,10 mg
Montec,Pharmatec,Rs 370,Montelukast,5 mg
Mucosoft,Novins,Rs 130,Montelukast,10 mg
MMS nasal Spray,Remington,Rs 330,,
Misar-AM,Highnoon,Rs 200,Telmisartan,40mg
Meflox,Nabi Qasim,Rs 390,,
Moxiopt,Hudson Pharma's,Rs 191,"Moxifloxacin, Eye",
Mozart,Scotman,Rs 141,Risperidone,1mg
Maxius Lozenges-Flavor-Pineapple,Pacific Pharma,Rs 32,,
Maxius Lozenges-Flavor-Mint,Pacific Pharma,Rs 32,,
Maxius Lozenges-Flavor-Honey,Pacific Pharma,Rs 32,,
Macrobac,Asian Continental,Rs 436,Azithromycin,500mg
Migram,Amarant,Rs 170,Flunarizine,5mg
Miura,Getz Pharma,Rs 450,Cholecalciferol,400 IU
Montika,Sami,Rs 460,Montelukast,10mg
Montika,Sami,Rs 310,Montelukast,5mg
M-Floxin,Searle,Rs 549,"Moxifloxacin, Oral",400mg
Momate,Maxitech Pharma,Rs 354,"Mometasone Furoate, topical",
Myfortic,Novartis,"Rs 1,326",Mycophenolate,180 mg
Mefnac,Efroze,Rs 28,Mefenamic Acid,250mg
Mydosone,Remington,Rs 111,Prednisolone,10%
Monis,Maple,Rs 175,Isosorbide Mononitrate,20mg
Moxilis,Titlis Pharma,Rs 475,"Moxifloxacin, Oral",400 mg
Merocit,CCL,"Rs 2,292",Meropenem,1 gm
Merocit,CCL,"Rs 1,168",Meropenem,500 mg
Medimax Lotion 150 ml Pack,Maxitech Pharma,Rs 275,Vitamin E,
Mabil,Sami,Rs 115,Mecobalamin,500 mcg
Min-D (Suger Free),Hirani's Pharma,Rs 50,Cholecalciferol,50000 I.U
Min-D,Hirani's Pharma,Rs 299,Cholecalciferol,400 I.U
Metax,CCL,Rs 985,L-Methylfolate,3 mg
Maxflow-D,CCL,Rs 559,Dutasteride,0.5 mg
Mizicin,Serving Health Pakistan,Rs 446,Azithromycin,250 mg
Multibionta - M,Martin Dow,Rs 319,Multivitamin and mineral,
Maxna,AGP,Rs 254,Tranexamic Acid,500 mg
Mecovate,AGP,Rs 118,Mecobalamin,500 mcg
Melor,Sami,Rs 176,Meloxicam,15 mg
Melor,Sami,Rs 102,Meloxicam,7.5 mg
Mether Plus,Helix Pharma,Rs 260,Artemether,20 mg
Mucaine,ICI Pakistan Limited,Rs 138,Aluminium Hydroxide,
Movax,Sami,Rs 230,Tizanidine,2 mg
Meprex,La Kurative,Rs 152,Esomeprazole,40 mg
Multibionta,Martin Dow,Rs 65,,
Mebecol SR,Genetics Pharmaceuticals,Rs 250,,
Myzic,Excel Health Care,Rs 998,,
Mabil,Sami,Rs 451,,
Mecogen SL,Genetics Pharmaceuticals,Rs 660,,
Modrin,Pharmadic,Rs 312,,
Mupir,Valor,Rs 316,,
Maxinoin,Maxitech Pharma,Rs 931,Isotretinoin Oral,20 mg
Miday-M,Helix Pharma,Rs 212,,
"Maxtin Plus Hair,Nail & Skin",Pharma Health,Rs 144,,
Mucogin,Horizon Pharma,Rs 220,,
Misar AM,Highnoon,Rs 380,Amlodipine,80mg
Misar AM,Highnoon,Rs 280,Amlodipine,40mg
Misar H,Highnoon,Rs 280,Telmisartan,40mg
Misar 80 mg,Highnoon,Rs 370,Telmisartan,
Mucosta,Otsuka,"Rs 5,778",,
Methycobal Tablet,Hilton,Rs 300,Mecobalamin,500mcg
Multibionta Syrup,Martin Dow,Rs 104,,
Monitor,Werick,Rs 64,Bisoprolol,2.5mg
Merol,Atco,Rs 31,Metoprolol tartrate,25mg
Minidiab,Pfizer,Rs 29,Glipizide,5mg
Metfor,Valor,Rs 11,Metformin,500mg
Mydosone,Remington,Rs 74,Prednisolone,0.25%
Mydosone,Remington,Rs 79,Prednisolone,10%
Metodine DF,Searle,Rs 99,Diloxanide Furoate,250mg
Mildopred,Remington,Rs 48,Prednisolone,0.50%
Methachlor,Remington,Rs 50,Dexamethasone,
Methachlor,Remington,Rs 35,Dexamethasone,0.1%
Methasul,Remington,Rs 60,Dexamethasone,0.1%
Maladar,Efroze,Rs 72,Sulfadoxine,500mg
Mifate,swiss pharma,Rs 100,Amikacin,100mg
Mactifen,Macter,Rs 62,Ketotifen,0.2mg
Mitaz,Macter,Rs 89,Ceftazidime,250mg
Magnofenac,AGP,Rs 20,Diclofenac Sodium,75mg
Magnofenac,AGP,Rs 50,Diclofenac Sodium,50mg
Megit,Glitz,Rs 99,Meloxicam,15mg
Megit,Glitz,Rs 57,Meloxicam,7.5mg
Melfax,AGP,Rs 120,Meloxicam,7.5mg
Melor,Sami,Rs 87,Meloxicam,7.5mg
Micam,Bosch,Rs 91,Meloxicam,7.5mg
M-LOW 5 mg,Scilife,Rs 70,Amlodipine,
Myconil,Amson,Rs 82,Nystatin,100000IU
Muconyl,Barrett,Rs 67,Guaifenesin,
Metrozine,Searle,Rs 86,Metronidazole,200mg
Neomercazole,Ray Pharma,Rs 244,Carbimazole,5mg
Nuberol,Searle,Rs 65,Orphenadrine,35mg
Nuberol Forte,Searle,Rs 58,Orphenadrine,50mg
Navidoxine,AGP,Rs 35,Meclizine,25mg
Neurobion,Martin Dow,Rs 130,"Vitamin B1, B6, B12 combinations",
Novidat,Sami,Rs 400,Ciprofloxacin,500mg
Novidat,Sami,Rs 247,Ciprofloxacin,250mg
Noclot 75mg,CCL,Rs 237,Clopidogrel Bisulphate,75mg
Neuromet,Martin Dow,Rs 200,Mecobalamin,500mcg
Nepanac 0.1% Eye Drops,Remington,Rs 351,Nepafenac,
Natrilix 2.5mg,Servier,Rs 249,Indapamide,2.5 mg
Novasalic Ointment 15gm,Pharma Health,Rs 178,Betamethasone,
Novipraz 10mg,Alere,Rs 213,Rabeprazole,
NT-Tox,Genix,Rs 300,"Nitazoxanide, Oral",500mg
Nervon,Getz Pharma,Rs 160,Mecobalamin,500 mcg
Novipraz 20mg,Novins,Rs 379,Rabeprazole,
Nezkil,Continental Pharma,"Rs 1,550",Linezolid,600mg
Nirvaslim,,"Rs 1,900",,
Novidat 250mg / 5ml Dry Powder Suspension,Sami,Rs 250,Ciprofloxacin,250mg
Nimixa,Getz Pharma,Rs 450,Rifaximin,200 mg
Nizoral Cream,Aspin Pharma,Rs 219,"Ketoconazole, topical",
Nogerd,Helix Pharma,Rs 260,Itopride,50mg
Nasacort AQ,Sanofi,"Rs 1,053",Triamcinolone,55 mcg
Nassa,Genetics Pharmaceuticals,Rs 340,Mirtazapine,15mg
Nebcin,AGP,Rs 237,Tobramycin,20mg
Nebra 5ml,Remington,Rs 212,Tobramycin,0.3 %
NO-SPA(Drotaverine HCL)40mg/2 ml INJECTION,Sanofi,Rs 61,Drotaverine,
Novidat 200MG Inj,Sami,Rs 245,Ciprofloxacin,200mg
Noclot-EA,CCL,Rs 254,Aspirin,75mg
Nebil,Getz Pharma,Rs 100,Nebivolol HCl,2.5 mg
Nebil,Getz Pharma,Rs 190,Nebivolol HCl,5 mg
Nebix,Highnoon,Rs 429,Nebivolol HCl,10mg
Nidonil,Merck,Rs 61,Gliclazide,80mg
Novirep,Novins,Rs 231,Repaglinide,2mg
Novonorm,Novo Nordisk,Rs 290,Repaglinide,0.5mg
Novonorm,Novo Nordisk,Rs 705,Repaglinide,1mg
Novonorm,Novo Nordisk,Rs 897,Repaglinide,2mg
Novafol Tablets 30s,AGP,Rs 303,,
Neogab,Hilton,Rs 207,Gabapentin,100mg
Neogab,Hilton,Rs 424,Gabapentin,300mg
Neogab,Hilton,Rs 545,Gabapentin,400mg
Nervex,Stand Pharm,Rs 206,Gabapentin,300mg
Nervex,Stand Pharm,Rs 275,Gabapentin,400mg
Neurogabin-M,Martin Dow Marker,Rs 188,Gabapentin,300mg
Nurosa,Helix Pharma,"Rs 1,001",Lacosamide,200mg
Nurosa,Helix Pharma,Rs 208,Lacosamide,50mg
Nergab,AGP,Rs 240,Pregabalin.,100mg
Nergab,OBS,Rs 525,Pregabalin.,150mg
Neutop,Nabi Qasim,Rs 225,Topiramate,50mg
Normisar,Nabi Qasim,Rs 160,Telmisartan,20mg
Normisar,Nabi Qasim,Rs 250,Telmisartan,40mg
Normisar,Nabi Qasim,Rs 360,Telmisartan,80mg
Normisar Plus,Nabi Qasim,Rs 163,Telmisartan,40mg
Newday,Werick,Rs 434,Valsartan,10mg
Newday,Werick,Rs 392,Valsartan,5mg
Newday,Werick,Rs 333,Valsartan,5mg
Nebralot,Remington,Rs 288,Loteprednol Etabonate,5mg
Nicotrim Forte,Ray Pharma,Rs 562,Trimethoprim,160mg
Nicotrim,Ray Pharma,Rs 585,Trimethoprim,80mg
Neo-Klar,CCL,Rs 180,Clarithromycin,125mg
Neo-Klar,CCL,Rs 416,Clarithromycin,125mg
Neo-Klar,CCL,Rs 428,Clarithromycin,250mg
Neo-Klar,CCL,Rs 693,Clarithromycin,500mg
Novibaxin,Novins,Rs 276,Clarithromycin,250mg
Novibaxin,Novins,Rs 445,Clarithromycin,500mg
Noviclar,Platinum,Rs 360,Clarithromycin,125mg
Noviclar,Platinum,Rs 350,Clarithromycin,250mg
Noviclar,Platinum,Rs 510,Clarithromycin,500mg
Neo-Antial,Sami,Rs 120,Desloratadine,0.5mg|ml
Neo-Antial,Sami,Rs 210,Desloratadine,5mg
Nostin,Venture,Rs 145,Ebastine,10mg
Nafen,Helix Pharma,Rs 375,Nepafenac,0.001
Nepac,Sante,Rs 497,Nepafenac,0.1%
Nepanac,Kobec,Rs 414,Nepafenac,0.1%
Nepatek,Innvotek,Rs 285,Nepafenac,0.1%
Nevanac,Novartis,Rs 543,Nepafenac,0.001
Neotret,Mass-PH Health,Rs 904,Acitretin,25mg
Navis,Avant,Rs 286,Esomeprazole,40mg
Nexprazole,Aspin Pharma,Rs 137,Esomeprazole,20 mg
Nexprazole,Aspin Pharma,Rs 225,Esomeprazole,40mg
Nexum,Getz Pharma,Rs 176,Esomeprazole,20 mg
Nexum,Getz Pharma,Rs 300,Esomeprazole,40 mg
Nexum,Getz Pharma,Rs 500,Esomeprazole,40 mg
Novoteph,Sami,Rs 250,Esomeprazole,20mg
Novoteph,Sami,Rs 445,Esomeprazole,40mg
Novoteph,Sami,Rs 390,Esomeprazole,40mg
Nexole,Akhai,Rs 250,Lansoprazole,30mg
Neumo,Wilshire,Rs 300,Levofloxacin,500mg
Neumo,Wilshire,Rs 240,Levofloxacin,250mg
Novatec,OBS,Rs 190,Lisinopril dihydrate,10mg
Norvasc,Pfizer,Rs 167,Amlodipine,5mg
Norvasc,Pfizer,Rs 327,Amlodipine,10mg
Nocid,Novartis,Rs 270,Famotidine,40mg
Natrilix SR,Servier,Rs 234,Indapamide,1.5mg
Nopain,Schazoo Pharmaceuticals,Rs 28,Paracetamol,200mg
Neucef,Sami,Rs 363,Cefadroxil,500mg
Neucef,Sami,Rs 196,Cefadroxil,125mg|5ml
Neucef,Sami,Rs 315,Cefadroxil,250mg|5ml
Nospor,KPL,Rs 176,Cefotaxime,1gm
Nospor,KPL,Rs 121,Cefotaxime,500mg
Nivador,Sami,Rs 322,Ceftazidime,1gm
Nivador,Sami,Rs 127,Ceftazidime,250mg
Nivador,Sami,Rs 193,Ceftazidime,500mg
Neon,Stand Pharm,Rs 141,Ceftriaxone,250mg
Neon,Stand Pharm,Rs 237,Ceftriaxone,500mg
Neon,Stand Pharm,Rs 379,Ceftriaxone,1gm
Neon,Stand Pharm,Rs 141,Ceftriaxone,250mg
Neon,Stand Pharm,Rs 172,Ceftriaxone,500mg
Norbac,Global-Vision,Rs 360,Ceftriaxone,1gm
Norbac,Global-Vision,Rs 130,Ceftriaxone,250mg
Norbac,Global-Vision,Rs 210,Ceftriaxone,500mg
Novosef,Himont,Rs 360,Ceftriaxone,1gm
Novosef,Himont,Rs 123,Ceftriaxone,250mg
Novosef,Himont,Rs 220,Ceftriaxone,500mg
Nogerd SR,Helix Pharma,Rs 395,Itopride,150mg
Neo Q10,Pharm Evo,Rs 643,,
Norplat 75 mg,Scilife,Rs 310,Clopidogrel Bisulphate,
Neulexin,kaizen,Rs 138,Cephalexin,500mg
Nuzib,Bosch,Rs 140,Celecoxib,200mg
Neurofenac,Merck,Rs 58,Diclofenac Sodium,50mg
Neurofenac,Martin Dow Marker,Rs 27,Diclofenac Sodium,75mg|3ml
Neobutinal,Schazoo Pharmaceuticals,Rs 28,Ibuprofen,200mg
Naplex,Global-Vision,Rs 19,Naproxen,500mg
Naprox,Pharmadic,Rs 141,Naproxen,250 mg
Naprox,Pharmadic,Rs 221,Naproxen,500mg
Naptrol,Zafa,Rs 96,Naproxen,500mg
Neoprox,Martin Dow,Rs 67,Naproxen,250mg
Neoprox,Martin Dow,Rs 130,Naproxen,500mg
Narcogen,Himont,Rs 116,Nimesulide,100mg
Nimerol,Bryon,Rs 68,Nimesulide,100mg
Nymsel,Cibex,Rs 78,Nimesulide,100mg
Nise,Pharm Evo,Rs 112,Nimesulide,100mg
Nysa,Scilife,Rs 181,Piroxicam-beta-cyclodextrin,20mg
NORMITAB 100 mg,Nabi Qasim,Rs 168,Atenolol,100mg
Nebivol 5 mg,Tabroos,Rs 238,Nebivolol HCl,
NIB 2.5 m,Wilson's,Rs 98,Nebivolol HCl,
Normitab,Nabi Qasim,Rs 149,Atenolol,50mg
Noroxin,OBS,Rs 215,,
Nodep 5mg,Aspin Pharma,Rs 125,Escitalopram,
Nodep,Aspin Pharma,Rs 185,Escitalopram,10mg
Nodep 20mg,Aspin Pharma,Rs 252,Escitalopram,
Nausidox,OBS,Rs 73,Doxylamine,10mg
Neo-Cotecxin,Amson,Rs 390,Artemether,80mg
Neo-Cotecxin,Amson,Rs 180,Artemether,15mg
Neo-Cotecxin,Amson,Rs 319,Artemether,40mg
Neo-Cotecxin,Amson,Rs 399,Artemether,80mg
Nassa,Genetics Pharmaceuticals,Rs 450,,
Neoglip,Atco,Rs 275,Metformin,50
Nordox 100mg Capsule,Platinum,Rs 91,,
Norocin 400mg,Bosch,Rs 177,,
Novidat 125mg/5ml,Sami,Rs 141,Ciprofloxacin,125mg
Neurobion,Martin Dow,Rs 34,"Vitamin B1, B6, B12 combinations",
Normacid syrup 60ml,Wilson's,Rs 169,,
Nocid,Novartis,Rs 150,Famotidine,20mg
Neoglip,Atco,Rs 275,Sitagliptin,50
NoviPram,Novins,Rs 253,Citalopram,20mg
Neuromet,Martin Dow,Rs 118,Mecobalamin,500mcg
Neo-Risp 3mg,Wilshire,Rs 300,Risperidone,
Nature's Bounty CoQ10,Nature’s Bounty,"Rs 4,995",,
Nezkil,Continental Pharma,Rs 925,,
Nolvadex,ICI Pakistan Limited,Rs 257,Tamoxifen,10mg
Nixa,Schazoo Pharmaceuticals,Rs 506,Nalbuphine,10 mg|ml
Nitroscot SR,Scotman,Rs 117,Glyceryl Trinitrate,2.6mg
Nitroscot,Scotman,Rs 133,Glyceryl Trinitrate,6.4mg
Nicoget,Getz Pharma,Rs 251,Nicronadil,10mg
Nicoril,Ferozsons,Rs 248,Nicronadil,10mg
Neurobedoxine,Schazoo Pharmaceuticals,Rs 78,Paracetamol,50 mg
NT-Tox,Genix,Rs 158,,
Nifty,Maxitech Pharma,Rs 235,Fexofenadine,120 mg
Nifty,Maxitech Pharma,Rs 254,Fexofenadine,180 mg
Nifedil Cap SG,Zafa,Rs 59,Nifedipine,10 mg
Nifedil XL,Zafa,Rs 250,Nifedipine,30 mg
Nib,Wilson's,Rs 156,Nebivolol HCl,5 mg
Neolexa,Amarant,Rs 550,Escitalopram,15mg
Noctis 40 mg,Saffron,Rs 320,Omeprazole,
Noctis 20 mg,Saffron,Rs 113,Omeprazole,
Norplate-S,Scilife,Rs 235,Aspirin,75mg
Natrilam,Servier,Rs 240,Indapamide,1.5mg
Natrilam,Servier,Rs 227,Amlodipine,1.5
Nepopt,Hudson Pharma's,Rs 509,Nepafenac,
Nobu,Scotman,Rs 253,Nebivolol HCl,2.5mg
Nilstat,ICI Pakistan Limited,Rs 158,Nystatin,"100,000IU"
Nebra,Remington,Rs 140,Tobramycin,0.3%
No-Spa Forte,Sanofi,Rs 173,Drotaverine,80mg
Nimixa,Getz Pharma,"Rs 1,030",Rifaximin,550 mg
No-Spa,Sanofi,Rs 210,Drotaverine,40mg
Nervon,Getz Pharma,Rs 330,Mecobalamin,
Novatec,OBS,Rs 97,Lisinopril dihydrate,5mg
Novirep,Novins,Rs 179,Repaglinide,1mg
Nasomet,Sante,Rs 760,Mesalazine,50mcg
Navis,Avant,Rs 74,Esomeprazole,20mg
Neoglip,Atco,Rs 228,Sitagliptin,50mg
Novelink,Platinum,Rs 208,lincomycin,500mg
Navis 40 mg Tablet 2 x 7's Pack,Avant,Rs 122,Esomeprazole,40 mg
Neulin,Avant,Rs 500,Choline Compound,500 mg
Noctis,Saffron,Rs 183,Omeprazole,40 mg
Neuro Bedoxine,Schazoo Pharmaceuticals,Rs 78,"Vitamin B1, B6, B12 combinations",
Neo-Sedil,Sami,Rs 95,Levocetirizine,5 mg
Neutop,Nabi Qasim,Rs 349,Topiramate,25 mg
Neudopa,Platinum,"Rs 1,427",Carbidopa,25 mg
Nicotrim,Ray Pharma,Rs 29,Sulfamethoxazole,80 mg
Nasonex,Serving Health Pakistan,Rs 135,"Hydrocortisone and Fusidic Acid, topical",0.1 %
Nergab,AGP,Rs 205,Pregabalin,150 mg
Nergab,AGP,Rs 170,Pregabalin.,50 mg
Naprox,Pharmadic,Rs 71,Naproxen,250 mg
Nims,Sami,Rs 110,Nimesulide,100 mg
Naprosyn,Martin Dow,Rs 231,Naproxen,500 mg
Nurosa,Helix Pharma,Rs 351,Lacosamide,100 mg
Nobu,Scotmann,Rs 160,Nebivolol HCl,5 mg
Neevo,Hiranis,Rs 435,,
Nebix,Highnoon,Rs 203,Nebivolol HCl,5 mg
Nervon Inj,Getz Pharma,Rs 65,Mecobalamin,
Nebix,Highnoon,Rs 122,Nebivolol HCl,2.5 mg
Nipsso MR,Horizon Pharma,Rs 231,,
Normitab Plus,Nabi Qasim,Rs 115,,
Novophane Cap 60's,Zam Zam Pharma,"Rs 1,967",,
Norsaline-P (Nasal Drops),Atco,Rs 53,Sodium Chloride,0.9%
Novodol,Social Marketing,Rs 36,Levonorgestrel,0.15mg
Norsaline-P (Nasal Spray),Atco,Rs 64,Sodium Chloride,
Nervex,Stand Pharm,Rs 69,Gabapentin,100mg
Neurogabin-M,Martin Dow Marker,Rs 63,Gabapentin,100mg
Nicotrim,Ray Pharma,Rs 45,Trimethoprim,40mg
Novodol,Greenstar,Rs 19,Levonorgestrel,0.15mg
Neucef,Sami,Rs 89,Cefadroxil,100mg
Nospor,KPL,Rs 66,Cefotaxime,250mg
Nuzib,Bosch,Rs 95,Celecoxib,100mg
Naptrol,Zafa,Rs 113,Naproxen,250mg
Neopres,Biogenics,Rs 31,Amlodipine,5mg
Nifedil,Zafa,Rs 102,Nifedipine,10mg
Nymbex,Cibex,Rs 80,Paracetamol,120 mg
Nymbex,Cibex,Rs 79,Paracetamol,250 mg
Nifty,Maxitech Pharma,Rs 112,Fexofenadine,60 mg
Nimotop,Bayer,Rs 880,Nimodipine,30 mg
No-Spa,Sanofi,Rs 111,Drotaverine,40mg
Nivaquine-P,Sanofi,Rs 17,Chloroquine,250mg
Neurolith SR,Adamjee Pharmaceuticals,Rs 63,Lithium Carbonate,400mg
Noctamid 1mg,Bayer,Rs 25,Lormetazepam,
Niflam Mouth Wash 200ml,Platinum,Rs 141,Benzydamine Hydrochloride,
Novelink Cap 500mg,Platinum,Rs 126,lincomycin,500mg
Neoral,Novartis,Rs 348,Cyclosporin,25mg
Nospa Forte 80mg,Sanofi,Rs 109,Drotaverine,
Nootropil 800mg,GlaxoSmithKline,Rs 201,Piracetam,
Nootropil,GlaxoSmithKline,Rs 570,Piracetam,1gm
NITROFURANTOIN 10mg,Glitz,Rs 134,Nitrofurantoin,
Nebra,Remington,Rs 212,Tobramycin,
Neulin 500mg,Avant,Rs 750,Choline Compound,500 mg
Nitromint Retard,EGIS Pharmaceuticals,Rs 94,Glyceryl Trinitrate,6.5mg
Negram,Searle,Rs 89,Nalidixic acid,500mg
Nebix,Highnoon,Rs 170,Nebivolol HCl,2.5 mg
Nebix,Highnoon,Rs 284,Nebivolol HCl,5 mg
Nodibet,Stand Pharm,Rs 64,Gliclazide,30mg
Nodibet,Stand Pharm,Rs 53,Gliclazide,80mg
Neoglim,Everest,Rs 100,Glimepiride,2mg
Neoglim,Everest,Rs 150,Glimepiride,3mg
Neoglim,Everest,Rs 200,Glimepiride,4mg
Norlim,Nabi Qasim,Rs 75,Glimepiride,3mg
Norlim,Nabi Qasim,Rs 100,Glimepiride,4mg
Nyloride,Highnoon,Rs 88,Glimepiride,3mg
Nyloride,Highnoon,Rs 110,Glimepiride,4mg
Neodipar,Sanofi,Rs 33,Metformin,500mg
Novirep,Novins,Rs 92,Repaglinide,1mg
Nelizig,Highnoon,Rs 130,Rosiglitazone,4mg
Nelizig,Highnoon,Rs 220,Rosiglitazone,8mg
Nelizamet,Highnoon,Rs 110,Rosiglitazone,2mg
Nelizamet,Highnoon,Rs 175,Rosiglitazone,4mg
Nalbin,Global Pharma,Rs 100,Nalbuphine,10mg
Nalbin,Global Pharma,Rs 118,Nalbuphine,20mg
Nalbuphine,Dosaco,Rs 45,Nalbuphine,10mg
Nalburax,Mediceena,Rs 63,Nalbuphine,10mg
Nalgesic,Dosaco,Rs 45,Nalbuphine,10mg
Neusthetic,Neutro,Rs 14,Lignocaine,2%
Neotonophos,LCPW,Rs 83,Methyl testosterone,100mg
Naze,Schazoo Pharmaceuticals,Rs 36,Clonazepam,0.5mg
Naze,Schazoo Pharmaceuticals,Rs 66,Clonazepam,2mg
Neurol-EP,Valor,Rs 30,Divalproex Sodium,250mg
Neurol-EP,Valor,Rs 32,Divalproex Sodium,500mg
Nervex,Stand Pharm,Rs 240,Gabapentin,600mg
Neupentin,Highnoon,Rs 150,Gabapentin,300mg
Neupentin,Highnoon,Rs 200,Gabapentin,400mg
Neupentin,Highnoon,Rs 300,Gabapentin,600mg
Neurogab,Lowitt,Rs 150,Gabapentin,300mg
Neurogab,Lowitt,Rs 200,Gabapentin,400mg
Neurogabin-M,Martin Dow Marker,Rs 218,Gabapentin,400mg
Nevton,U nison,Rs 150,Gabapentin,300mg
Nevton,U nison,Rs 200,Gabapentin,400mg
Notensil,Liberty,Rs 150,Gabapentin,300mg
Nurosa,Helix Pharma,Rs 524,Lacosamide,100 mg
Nergab,OBS,Rs 170,Pregabalin.,50 mg
Nergab,OBS,Rs 215,Pregabalin.,75mg
Neutop,Nabi Qasim,Rs 900,Topiramate,25mg
Nazole,Shrooq,Rs 170,Isoconazole,40gm
Nesgesic,Pearl,Rs 26,Orphenadrine,35mg
Nesgesic,Pearl,Rs 38,Orphenadrine,35mg
Nuval,Pharm Evo,Rs 153,Valsartan,160mg
Nuval,Pharm Evo,Rs 109,Valsartan,80mg
Nuval-D,Pharm Evo,Rs 167,Valsartan,160mg
Nuval-D,Pharm Evo,Rs 116,Valsartan,80mg
Nixetil,Nimrall,Rs 175,Candesartan Cilexetil,16mg
Nixetil,Nimrall,Rs 140,Candesartan Cilexetil,8mg
Normet,Valor,Rs 43,Methyldopa,250mg
Onset 8 Mg,Pharmadic,Rs 450,Ondansetron,
Omega 20mg,Ferozsons,Rs 168,Omeprazole,20mg
Omega 40mg,Ferozsons,Rs 223,Omeprazole,40mg
Osnate D Suspension 120 ml,AGP,Rs 566,Calcium supplement products,
Omnitor,Macter,Rs 185,Rosuvastatin calcium,5mg
Omnitor,Macter,Rs 319,Rosuvastatin calcium,10mg
Omnitor,Macter,Rs 440,Rosuvastatin calcium,20mg
Onita 2g sachets,Pharm Evo,Rs 157,Strontium,
Oxycrom Nasal Spray,Sante,Rs 359,Xylometazoline,
Ossobon-d Kids,Platinum,Rs 425,Calcium Supplement,
Ossobon-d,Platinum,Rs 117,Calcium Supplement,
Ovi-F 50mg,Martin Dow,Rs 385,Clomiphene,50mg
Olesta-AM 5/40mg,Searle,Rs 371,Amlodipine,5mg
Olepra,Genetics Pharmaceuticals,Rs 243,Olanzapine,10mg
Orinase Met 2.0,CCL,Rs 188,Glimepiride,
Olepra,Genetics Pharmaceuticals,Rs 115,Olanzapine,5mg
Ocudine Eye Drops 5 ml Pack,Barrett,Rs 530,Olopatadine,
Orlis 120mg,Ferozsons,Rs 784,Orlistat,120mg
Orelox Suspension 40mg/ 5ml,Sanofi,Rs 664,Cefpodoxime,
Osnate-800,AGP,Rs 94,Calcium Supplement,
One-alpha Drops 2mcg/ml,Leo-Zam Zam,"Rs 2,322",Alfacalcidol,
Osnate-D,AGP,Rs 110,Calcium supplement products,
Osam-D,Getz Pharma,Rs 150,Ossein Mineral Complex,830 mg
Ospamox,Novartis,Rs 178,Amoxicillin,500mg
Oxycrom-P Nasal Spray,Sante,Rs 448,"Sodium Cromoglycate, Nasal",
ONSET 8mg,Pharmadic,Rs 185,Ondansetron,
Ogrel,Bosch,Rs 235,Clopidogrel Bisulphate,75mg
Optifam 40mg Tablet,Martin Dow,Rs 261,Famotidine,
OPTIFAM ( Fmotidine ) 20 MG TABLET,Martin Dow Marker,Rs 120,Famotidine,
OSNATE 60ML SYP,AGP,Rs 202,Calcium Supplement,
OTOFLOX ( Ofloxacin 0.3% ) 5ML EAR DROP,Sante,Rs 207,Ofloxacin,0.3%
Oculerg,Sante,Rs 114,Antazoline,
OFLOBID,Hilton,Rs 305,Ofloxacin,200mg
Oflobid,Hilton,Rs 260,Ofloxacin,400mg
Oxiva,High-Q,Rs 800,Acetylcysteine,
Omezol,Bosch,Rs 161,Omeprazole,20mg
Opinol,Glitz,Rs 805,Propranolol HCl,40mg
Opinol,Glitz,Rs 18,Propranolol HCl,40mg
Orinase,CCL,Rs 95,Glimepiride,1mg
Orinase 2mg Tablets,CCL,Rs 156,Glimepiride,2mg
Orinase,CCL,Rs 170,Glimepiride,3mg
Orinase,CCL,Rs 318,Glimepiride,4mg
Orinase-Met,CCL,Rs 158,Glimepiride,1.0
Oligyn,Platinum,Rs 116,Clotrimazole,500mg
Olesta AM,Searle,Rs 687,Olmesartan Medoxomil,10mg
Olesta AM,Searle,Rs 765,Amlodipine,10 mg
Olesta AM,Searle,Rs 254,Olmesartan Medoxomil,5mg
Olesta AM,Searle,Rs 371,Amlodipine,5mg
Omsana AM,Hilton,Rs 402,Olmesartan Medoxomil,10mg
Omsana AM,Hilton,Rs 466,Olmesartan Medoxomil,10mg
Omsana AM,Hilton,Rs 351,Olmesartan Medoxomil,5mg
Omsana AM,Hilton,Rs 559,Olmesartan Medoxomil,5mg
Omsana Diu,Hilton,Rs 440,Olmesartan Medoxomil,20mg
Omsana Diu,Hilton,Rs 220,Olmesartan Medoxomil,20mg
Omsana Diu,Hilton,Rs 708,Olmesartan Medoxomil,40mg
Orion Diu,Ferozsons,Rs 205,Olmesartan Medoxomil,20mg
Olesta,Searle,Rs 278,Olmesartan Medoxomil,20 mg
Olesta,Searle,Rs 349,Olmesartan Medoxomil,40mg
Omsana,Hilton,Rs 335,Olmesartan Medoxomil,10mg
Omsana,Hilton,Rs 431,Olmesartan Medoxomil,20mg
Omsana,Hilton,Rs 630,Olmesartan Medoxomil,40mg
Orion,Ferozsons,Rs 297,Olmesartan Medoxomil,40mg
Ovafin 50mg,OBS,Rs 411,Clomiphene,
Ophth-Tobra-D,Ophth Pharma,Rs 132,Dexamethasone,0.1%|0.3%
Ocuflur,Sante,Rs 187,cinnarizine,0.25%
Ophth-Tobra-D,Ophth Pharma,Rs 177,Dexamethasone,0.1%|0.3%
Ophth-Tobra-D,Ophth Pharma,Rs 194,Dexamethasone,0.1%
Ophth-Fluogen,Ophth Pharma,Rs 198,cinnarizine,0.1%
Oflopred,Barrett,Rs 192,Prednisolone,10mg
Ocuflur,Sante,Rs 187,cinnarizine,0.10%
Ocumox D,Remington,Rs 406,Dexamethasone,0.1%
Obradex,Vega,Rs 227,Dexamethasone,0.1%
Ophth-Dilate,Ophth Pharma,Rs 127,Tropicamide,1%
Optra,Getz Pharma,Rs 580,Ipratropium Bromide,20 mcg
Oratane,Crystolite Pharma,Rs 998,Isotretinoin Topical,20mg
Oratane,Crystolite Pharma,Rs 193,Isotretinoin Topical,0.05%
Omeplus,Stand Pharm,Rs 115,Esomeprazole,20mg
Omeplus,Stand Pharm,Rs 215,Esomeprazole,40mg
Oxilant,Valor,Rs 100,Esomeprazole,20mg
Oxilant,Valor,Rs 330,Esomeprazole,40mg
Onamed,Nova Med,Rs 221,Fluconazole,150mg
Onlezol,Pharmix,Rs 165,Fluconazole,150mg
Olgon,Himont,Rs 180,Flurbiprofen,100mg
Onvate,Crystolite Pharma,Rs 282,Fluticasone Propionate,0.05%
Oflexer,Schazoo Pharmaceuticals,Rs 110,Ofloxacin,0.3%
Ophth-Oflox,Ophth Pharma,Rs 112,Ofloxacin,0.3%
Orlifit,Getz Pharma,Rs 800,Orlistat,120 mg
Orslim,Pharm Evo,Rs 758,Orlistat,120mg
Osker,Genix,Rs 263,Orlistat,120mg
Osstium 2g,Atco,Rs 175,Strontium,
"OPT-D 200,000 IU",Pharm Evo,Rs 320,Vitamin D3,
"OPT-D Soft Gel Capsule 100,000 IU",Pharm Evo,Rs 277,Cholecalciferol,
Opsite 10x14cm,GlaxoSmithKline,Rs 440,,
Orasal-F,Wilson's,Rs 15,"sodium chloride, sodium citrate, potassium chlorid",3.5gm
Osmolar (Banana),Atco,Rs 13,"sodium chloride, sodium citrate, potassium chlorid",3.5gm
Oroxizaf,Zafa,Rs 183,Cefadroxil,125mg|5ml
Oroxizaf,Zafa,Rs 279,Cefadroxil,250mg|5ml
Ozix,Wns Field,Rs 183,Cefadroxil,500mg
Omixim,Searle,Rs 448,Cefixime,400mg
Omixim,Searle,Rs 275,Cefixime,100mg
Omixim,Searle,Rs 349,Cefixime,200mg
Omixim,Searle,Rs 459,Cefixime,200mg
Orpase,Martin Dow,Rs 475,Cefixime,400mg
Orpase,Martin Dow,Rs 291,Cefixime,100mg
Orpase,Martin Dow,Rs 250,Cefixime,100mg
Orpase,Martin Dow,Rs 390,Cefixime,200mg
Orpase,Martin Dow,Rs 380,Cefixime,400mg
Orelox,Sanofi,Rs 752,Cefpodoxime,100mg
Oribro,Tabroos,Rs 220,Cefpodoxime,40mg
Oribro,Tabroos,Rs 375,Cefpodoxime,100mg
Oribro,Tabroos,Rs 450,Cefpodoxime,200mg
Oxidil,Sami,Rs 385,Ceftriaxone,1gm
Oxidil,Sami,Rs 245,Ceftriaxone,250mg IV
Oxidil,Sami,Rs 245,Ceftriaxone,500mg IV
Oxidil,Sami,Rs 245,Ceftriaxone,500mg
Oloft,Hirani's Pharma,Rs 760,Sertraline,100mg
Oloft,Hirani's Pharma,Rs 600,Sertraline,50mg
Osteotec,CCL,Rs 190,Diclofenac Sodium and Misoprostol,50mg
Osteotec,CCL,Rs 409,Diclofenac Sodium and Misoprostol,75mg
Orthofenac,Bosch,Rs 58,Diclofenac Sodium,75mg|3ml
Orthofenac,Bosch,Rs 83,Diclofenac Sodium,100mg
Orthofenac,Bosch,Rs 62,Diclofenac Sodium,50mg
Ogrel Plus-81 Tab,Bosch,Rs 225,Aspirin,
Oram,Bryon,Rs 116,Piroxicam,20mg
Otek,S.J. & G. Fazul Ellahie,Rs 141,Piroxicam-beta-cyclodextrin,20mg
OMC D,Genix,Rs 160,Calcium Supplement,830mg
Omni Forte,Genetics Pharmaceuticals,"Rs 1,050",,
One-Alpha 0.5mcg,Leo-Zam Zam,Rs 410,Alfacalcidol,
One-Alpha 1mcg,Leo-Zam Zam,Rs 467,Alfacalcidol,
Osso-D,Amson,Rs 102,,
Omepral,Amson,Rs 145,Omeprazole,20mg
Oridone,Organic Pharma,Rs 272,Risperidone,2mg
Ophth-Cyclovir 3%,Ophth Pharma,Rs 205,,
OPT-D 25000 IU,Pharm Evo,Rs 188,Cholecalciferol,
Ozix 250mg,Maxitech Pharma,Rs 151,,
Ozix 125,Maxitech Pharma,Rs 125,,
Oslia,High-Q,Rs 360,Cholecalciferol,200000IU
Omezol,Bosch,Rs 165,Omeprazole,40mg
Omezol,Bosch,Rs 340,Omeprazole,40mg
Olcuf (Sugar free),Getz Pharma,Rs 250,Ivy Leaf Extract,
Osicom-D,Hirani's Pharma,Rs 117,Calcium Supplement,
Osmin D3,Himont,Rs 335,,
Orva,Bosch,Rs 270,Atorvastatin calcium trihydrate,20mg
Orva,Bosch,Rs 144,Atorvastatin calcium trihydrate,10mg
Osmin D3,Himont,Rs 123,Calcium supplement products,400IU
Ofylin,Continental Pharma,Rs 138,Doxofylline,100mg
Optoflox Plus 5ml,Sante,Rs 172,Ofloxacin,
Orinase Met 1.0,CCL,Rs 73,Glimepiride,1.0
Ocumox Eye Drop,Remington,Rs 239,,
Ostegem OD,Searle,Rs 759,,
Oratraxin Gel,Crystolite Pharma,Rs 396,Isotretinoin Topical,
Olcuf Plus (Sugar free),Getz Pharma,Rs 390,Ivy Leaf Extract,
Orthofenac 100SR,Bosch,Rs 195,Diclofenac Sodium,100mg
Optidine,Hudson Pharma's,Rs 332,Olopatadine,
Optidine,Hudson Pharma's,Rs 439,Olopatadine,
Osfit,Scotman,Rs 500,Ibandronic Acid,150mg
Oscar,Scotman,Rs 180,Atorvastatin calcium trihydrate,10mg
Oscar,Scotman,Rs 238,Atorvastatin calcium trihydrate,20mg
Oscar,Scotman,Rs 600,Atorvastatin calcium trihydrate,40mg
Oscar Plus,Scotman,Rs 200,Atorvastatin calcium trihydrate,5mg
Oscar Plus,Scotman,Rs 287,Atorvastatin calcium trihydrate,5mg
Onem IV,Aspin Pharma,"Rs 1,054",,
Oxaliplatin,Novartis,"Rs 12,813",Oxaliplatin,50mg
Oxidil,Sami,Rs 185,Ceftriaxone,250mg
Oxcym DR,Atco,Rs 475,Duloxetine,30mg
Onseron,Indus Pharma,Rs 460,Ondansetron,4mg
Oratane,Crystolite Pharma,"Rs 1,500",Isotretinoin Oral,10mg
Onato,Sami,Rs 176,Amlodipine,10mg
Onseron,Indus Pharma,Rs 260,Ondansetron,
Oracea,Crystolite Pharma,Rs 166,Doxycycline,100mg
Olonase,Sante,Rs 830,Olopatadine,
Oxcym DR,Atco,Rs 312,Duloxetine,60 mg
Orison,Semos,Rs 127,Pregabalin,50 mg
Ostabol-D sachets,A.R. Nutraceutical Pharma,Rs 98,,
Omelinz,Bosch,Rs 84,Omeprazole,20 mg
Oligyn,Platinum,Rs 116,Clotrimazole,100 mg
Osicom-D,Hirani's Pharma,Rs 322,Ossein Mineral Complex,250 mg
Oxivant,Avant,Rs 750,Supplements,500 mg
Ozempic,Novo Nordisk,"Rs 25,225",Semaglutide,1 mg
Olesta-AM,Searle,Rs 459,Amlodipine,10 mg
Orpase,Martin Dow,Rs 366,Cefixime,200 mg
Optoflox,Sante,Rs 145,Ofloxacin,0.3 %
Oxcym DR,Atco,Rs 238,Duloxetine,20 mg
Onato,Sami,Rs 76,,
OvaFlow,Health Aid,"Rs 1,350",,
Ovitex,Bristol Mayer Biotech Pakistan,"Rs 1,991",,
Oliprox-S Liquid,Crystolite Pharma,Rs 242,,
Ongene 8mg,High-Q,Rs 380,Ondansetron,
Ondonix 8 mg,Genix,Rs 500,,
Omvit 20mg,Bion life Sciences,Rs 550,,
ORTie,Otsuka,Rs 21,"sodium chloride, sodium citrate, potassium chlorid",
Opti-Cal 1000,Sois Life Sciences,Rs 237,,
Otosporin,GlaxoSmithKline,Rs 51,Polymyxin B,
Optachlor 1%  5GM,Remington,Rs 30,Chloramphenicol,
Oligyn,Platinum,Rs 142,Clotrimazole,
Optadex,Remington,Rs 27,Dexamethasone,0.10%
Ophthpred,Ophth Pharma,Rs 46,Prednisolone,0.50%
Optopred,Sante,Rs 79,Prednisolone,1%
Ophth-Neodex,Ophth Pharma,Rs 99,Dexamethasone,0.1%
Ocuzine,Ethical Laboratories,Rs 79,cinnarizine,0.1%
Ophth-S-Pred,Ophth Pharma,Rs 68,Prednisolone,0.2%
Optadex-N,Remington,Rs 36,Dexamethasone,0.1%
Oflocin-D,Helix Pharma,Rs 135,Dexamethasone,0.1%
Ophth-Atropine 10ml Drop,Ophth Pharma,Rs 59,Atropine,1%
Ophth-Atropine Ointment,Ophth Pharma,Rs 29,Atropine,1%
Oclonac,Barrett,Rs 96,Diclofenac Sodium,0.1%
Ophth-Diclofen,Ophth Pharma,Rs 107,Diclofenac Sodium,0.1%
Optofen,Sante,Rs 100,Flurbiprofen,0.03%
Optra,Getz Pharma,Rs 696,Ipratropium Bromide,250 mcg
Oflocin,Helix Pharma,Rs 142,Ofloxacin,0.003
Ofly,Kobec,Rs 130,Ofloxacin,0.3%
Ophth-flox,Ophth Pharma,Rs 102,Ofloxacin,0.3%
Optachlor Eye Drop,Remington,Rs 34,Chloramphenicol,
Ophth Hypertonic Saline 5%,Ophth Pharma,Rs 83,"Sodium Chloride, Eye",
Orthram Plus,Davis Pharma,Rs 43,Piroxicam,20mg
Onset 4mg,Pharmadic,Rs 72,Ondansetron,
Orazinc,Amson,Rs 80,Vit B1,20mg
Olisa,Maple,Rs 105,Olanzapine,5mg
Omezol,Bosch,Rs 48,Omeprazole,10mg
Ophth-Dex,Ophth Pharma,Rs 53,Dexamethasone,0.1%
Olanzia 10mg,Werick,Rs 272,Olanzapine,
Olanzia 5mg,Werick,Rs 154,Olanzapine,
Ospamox,Novartis,Rs 144,Amoxicillin,1gm
Oilatum Cream junior,GSK Consumer Healthcare,Rs 990,Paraffin Liquid Light,
Onbrez Breezhaler,Novartis,"Rs 2,495",Indacaterol,150mcg
Osnate D Suspension 60 ml,AGP,Rs 153,Calcium supplement products,
O.H.S Hydration Tablet,Clinova,Rs 582,,
Oxcym DR 20mg,Atco,Rs 198,Duloxetine,20 mg
Oxcym DR 60mg,Atco,Rs 87,Duloxetine,60 mg
Onbrez Breezhaler,Novartis,"Rs 4,025",Indacaterol,300mcg
OCUFEN DROP 0.03 %,Barrett,Rs 123,Flurbiprofen,
Olgon Flex,Himont,"Rs 1,005",Flurbiprofen,
Omarid,Shawan,Rs 55,Glimepiride,2mg
Omarid,Shawan,Rs 80,Glimepiride,3mg
Omarid,Shawan,Rs 105,Glimepiride,4mg
Orinase-Met,CCL,Rs 112,Glimepiride,
Opinor,Global Pharma,Rs 35,Buprenorphine,0.3mg
Opinor,Global Pharma,Rs 80,Buprenorphine,0.2mg
Orgesic,OBS,Rs 32,Buprenorphine,0.3mg
Opagesic,Jinnah Pharma,Rs 30,Codeine,15mg
Ottogab,Ottoman,Rs 150,Gabapentin,300mg
Ottogab,Ottoman,Rs 150,Gabapentin,300mg
Oxalepsy,S.J. & G. Fazul Ellahie,Rs 259,Oxcarbazepine,150mg
Oxalepsy,S.J. & G. Fazul Ellahie,Rs 142,Oxcarbazepine,300mg
Oxalepsy,S.J. & G. Fazul Ellahie,Rs 242,Oxcarbazepine,600mg
Oxaze,Shrooq,Rs 118,Oxcarbazepine,300mg
Oxaze,Shrooq,Rs 250,Oxcarbazepine,150mg
Oxaze,Shrooq,Rs 400,Oxcarbazepine,300mg
Oxaze,Shrooq,Rs 860,Oxcarbazepine,600mg
Oxytocin inj,Amros,Rs 5,Oxytocin,10IU
Oxytocin inj,Dosaco,Rs 2,Oxytocin,5IU
Oxytocin inj,Geofman,Rs 1,Oxytocin,10IU
Oxytocin inj,Geofman,Rs 8,Oxytocin,10IU
Oxytocin inj,Harmann,Rs 3,Oxytocin,10IU
Orphenalax,Eros,Rs 45,Orphenadrine,100mg
Olmedip,Shrooq,Rs 360,Olmesartan Medoxomil,10mg
Olmedip,Shrooq,"Rs 1,145",Olmesartan Medoxomil,10mg
Olmedip,Shrooq,Rs 510,Olmesartan Medoxomil,5mg
Olmedip,Shrooq,Rs 600,Amlodipine,5mg
Orion,Ferozsons,Rs 105,Olmesartan Medoxomil,10mg
Orion,Ferozsons,Rs 200,Olmesartan Medoxomil,20mg
Orthonate,Schazoo Pharmaceuticals,Rs 600,Alendronate,70mg
Obemax-D,Noa Hemis,Rs 450,Alendronate,70mg
Osteopam,CCL,"Rs 2,375",Pamidronate Disodium,30mg
Osteopam,CCL,"Rs 6,330",Pamidronate Disodium,90mg
Osteonil,Stand Pharm,Rs 412,Raloxifene,60mg
Osteorise,Nexpharm,Rs 700,Risedronate Sodium,35mg
Osteorise,Nexpharm,Rs 250,Risedronate Sodium,5mg
Orgalutran,OBS,"Rs 1,950",Ganirelix,0.25mg
Oxitrin,Dr.Raza,Rs 93,Oxybutynin,3mg
Oxitrin,Dr.Raza,Rs 160,Oxybutynin,5mg
Oxityn,Rakahposhi,Rs 130,Oxybutynin,5mg
Oxycystin,Pulse,Rs 130,Oxybutynin,5mg
Oxynin,Venus,Rs 130,Oxybutynin,5mg
Oxynin,Venus,Rs 80,Oxybutynin,3mg
OD-3,Adamjee Pharmaceuticals,Rs 83,Azithromycin,250mg
Ottocin,Ottoman,Rs 150,Azithromycin,250mg
Ottocin,Ottoman,Rs 125,Azithromycin,500mg
Olidon,Olive Health Care,Rs 135,Domperidone,10mg
Optilium,Pakheim,Rs 30,Domperidone,10mg
Otatone,Orta,Rs 34,Domperidone,10mg
Olidon-M,Olive Health Care,Rs 135,Domperidone Maleate,10mg
Omperin,Bio Labs,Rs 43,Domperidone Maleate,10mg
Osveral,Nextar,Rs 156,Desferrioxamine Mesylate,250mg
Osveral,Nextar,"Rs 7,280",Desferrioxamine Mesylate,500mg
Opatil,Isis,Rs 205,Diphenoxylate,2.5mg|0.025mg
Orcydex,Jaens,Rs 102,Dexamethasone,0.1%
Ocutrol,Farmigea,Rs 112,Dexamethasone,0.1%
Obitran,Obasons,Rs 13,Trimethoprim,80mg
Ostrin Forte,Bryon,Rs 25,Trimethoprim,160mg
Ostrin,Bryon,Rs 14,Trimethoprim,80mg
Osveral,Nextar,"Rs 2,650",Desferrioxamine Mesylate,125mg
Osveral,Nextar,"Rs 4,386",Desferrioxamine Mesylate,250mg
Osveral,Nextar,Rs 260,Desferrioxamine Mesylate,500mg
Omxiclv,Epla,Rs 130,Amoxicillin,875mg
Obradex,Vega,Rs 210,Dexamethasone,0.1%
Ocutob-Dex,Farmigea,Rs 155,Dexamethasone,0.1%
Ocutodex,Ocu Care,Rs 203,Dexamethasone,0.1%
Olivestin,Olive Health Care,Rs 153,Ebastine,10mg
Ocufenac,Farmigea,Rs 168,Diclofenac Sodium,0.1%
Protium 40mg,Abbott Laboratories,"Rs 1,271",Pantoprazole,
Plavix 75mg,Sanofi,Rs 633,Clopidogrel Bisulphate,
Peditral - Orange,Searle,Rs 25,ORS,
Persch 1mg,Barrett,Rs 113,Risperidone,
Persch 2mg,Barrett,Rs 225,Risperidone,
Persch,Barrett,Rs 280,Risperidone,3mg
Persch 4mg,Barrett,Rs 330,Risperidone,
Prozac,Eli Lilly,Rs 919,Fluoxetine,20mg
Plantcal,Werick,Rs 995,Acitretin,
Pan-Amin G,Otsuka,Rs 626,Amino Acid Solution,
Platlo,High-Q,Rs 172,Clopidogrel Bisulphate,75mg
Pro-statin,CCL,Rs 350,Atorvastatin calcium trihydrate,20mg
Pentasa,Atco,Rs 890,Mesalazine,500mg
Pramcit 20mg,Nabi Qasim,Rs 350,Citalopram,20 mg
Prulax,Matrix,Rs 355,,
Prevent 500mg,Platinum,Rs 118,Tinidazole,
Prevent 1gm,Platinum,Rs 258,Tinidazole,1 gm
Pyodine,Brookes,Rs 250,Povidone-Iodine,0.1
Pepcidine 40mg,OBS,Rs 440,Famotidine,
Purin Anti-dandruff Shampoo,CCL,Rs 445,,
Pitalo,Genix,Rs 353,Pitavastatin,2mg
Provate-s Lotion,Saffron,Rs 205,Betamethasone,
Pepzym,Shaigan,Rs 144,,
Pasmolex,Himont,Rs 323,,
Pitalo,Genix,Rs 180,Pitavastatin,1mg
Pitalo,Genix,Rs 380,Pitavastatin,4mg
Pletaal,Otsuka,Rs 726,Cilostazole,100mg
Pletaal,Otsuka,Rs 441,Cilostazole,50mg
Progyluton,Bayer,Rs 320,Estradiol valerate,2mg
Provate-G,Saffron,Rs 132,Betamethasone,0.05%
Pulmonol Lozenges Honey & Lemon,CCL,Rs 78,,
Pyodine,Brookes,Rs 205,Povidone-Iodine,0.5 g
Prospan Cough,Highnoon,Rs 600,,
Paraxyl,CCL,Rs 491,Paroxetine,20mg
Polymalt,High-Q,Rs 154,Iron Polymaltose,100mg
PROTONIX 40MG INJ,Wilshire,Rs 300,Pantoprazole,
Probase,Mass-PH Health,Rs 55,Bisoprolol,2.5mg
Probase,Mass-PH Health,Rs 100,Bisoprolol,5mg
Pamaryl,Himont,Rs 73,Glimepiride,1mg
Pamaryl,Himont,Rs 129,Glimepiride,2mg
Pamaryl,Himont,Rs 199,Glimepiride,3mg
Pamaryl,Himont,Rs 292,Glimepiride,4mg
Pamaryl plus,Himont,Rs 154,Glimepiride,2mg
Piobetic,Genix,Rs 196,Pioglitazone,45mg
Piozer,Hilton,Rs 180,Pioglitazone,15mg
Piozer,Hilton,Rs 263,Pioglitazone,30mg
Piozer,Hilton,Rs 280,Pioglitazone,45mg
Poze,AGP,Rs 280,Pioglitazone,15 mg
Poze,AGP,Rs 365,Pioglitazone,30mg
Poze,AGP,Rs 380,Pioglitazone,45mg
Pyctos,Highnoon,Rs 147,Pioglitazone,30mg
Piozer g,Hilton,Rs 410,Pioglitazone,30mg
Piozer g,Hilton,Rs 520,Pioglitazone,30mg
Poze G,AGP,Rs 210,Pioglitazone,30mg
Poze G,AGP,Rs 275,Pioglitazone,30mg
Piofit plus,Schazoo Pharmaceuticals,Rs 94,Pioglitazone,15mg
Piofit plus,Schazoo Pharmaceuticals,Rs 96,Pioglitazone,15mg
Piomet,CCL,Rs 65,Pioglitazone,15mg
Piomet,CCL,Rs 66,Pioglitazone,15mg
Piozer Plus,Hilton,Rs 220,Pioglitazone,15mg
Piozer Plus,Hilton,Rs 112,Pioglitazone,15mg
Poze met,AGP,Rs 85,Pioglitazone,15mg
Poze met,AGP,Rs 88,Pioglitazone,15mg
Proviron,Bayer,Rs 306,Mesterolone,25mg
Pegalin,Shaigan,Rs 219,Pregabalin.,150 mg
Pegalin,Shaigan,Rs 968,Pregabalin.,300mg
Pegalin,Shaigan,Rs 155,Pregabalin.,75mg
Prefor,Foray,Rs 130,Pregabalin.,75mg
Pregy,Sami,Rs 340,Pregabalin.,100mg
Pregy,Sami,Rs 328,Pregabalin.,75mg
Prelin,Martin Dow,Rs 223,Pregabalin.,100mg
Prelin,Martin Dow,Rs 238,Pregabalin.,150mg
Prelin,Martin Dow,Rs 315,Pregabalin.,300mg
Prelin,Martin Dow,Rs 168,Pregabalin.,50mg
Prelin,Martin Dow,Rs 196,Pregabalin.,75mg
Preglan E-2,Platinum,Rs 798,Dinoprostone,3mg
Prosartan DU,Helix Pharma,Rs 203,Candesartan Cilexetil,16mg
Plazo,Platinum,Rs 270,Azithromycin,200mg
Plazo,Platinum,Rs 255,Azithromycin,250mg
Plazo,Platinum,Rs 421,Azithromycin,500mg
Peridone,Sami,Rs 147,Domperidone,5mg|5ml
Peridone,Sami,Rs 226,Domperidone,10mg
Perilium,Adamjee Pharmaceuticals,Rs 62,Domperidone,10mg
Pyloclar,High-Q,Rs 375,Clarithromycin,250mg
Pyloclar,High-Q,Rs 696,Clarithromycin,500mg
Pred Forte,Barrett,Rs 130,Prednisolone,1%
Piriton,GlaxoSmithKline,Rs 12,Chlorpheniramine,4mg
Pimpal,Brookes,Rs 292,Adapalene,0.001
Paincid,Schazoo Pharmaceuticals,Rs 67,Flurbiprofen,100mg
Proasma,Platinum,Rs 117,Ketotifen,1mg
Prostilet,Remington,Rs 605,Latanoprost,0.005%
Pfiziflox,Pfizer,Rs 149,Levofloxacin,250mg
Pfiziflox,Pfizer,Rs 285,Levofloxacin,500mg
Protektin,Wilson's,Rs 128,Levofloxacin,250mg
Protektin,Wilson's,Rs 195,Levofloxacin,500mg
Pulvilox,Chiesi,Rs 239,Levofloxacin,250mg
Pulvilox,Chiesi,Rs 178,Levofloxacin,500mg
Penro,Bosch,"Rs 2,748",Meropenem,1gm
Penro IV,Bosch,"Rs 1,390",Meropenem,500mg
Paclikebir,Oncogene,"Rs 12,200",Paclitaxel,150mg
Paclikebir,Oncogene,"Rs 20,000",Paclitaxel,300mg
Paclitaxel Ebewe,Novartis,"Rs 16,790",Paclitaxel,150mg
Paclitaxel Ebewe,Novartis,"Rs 20,325",Paclitaxel,300mg
Preterax,Servier,Rs 280,Perindopril,2mg
Polygynax Cap,Atco,Rs 680,Neomycin,
Paedi Care (banana),Wood Wards,Rs 110,"sodium chloride, sodium citrate, potassium chlorid",3.5gm
Peditral - Bubble Gum,Searle,Rs 136,ORS,
Peditral - Orange,Searle,Rs 136,ORS,
Ponstan,Pfizer,Rs 26,Mefenamic Acid,250mg
Ponstan Forte,Pfizer,Rs 43,Mefenamic Acid,500mg
Provas IV,Sami,Rs 155,Paracetamol,1gm
Provas,Sami,Rs 25,Paracetamol,300mg
Perin,Mass-PH Health,Rs 300,Cefepime,500mg
Psulb,Linz,Rs 250,Cefoperazone,1000mg
Prelox,Bosch,Rs 196,Cefpodoxime,40mg
Prelox,Bosch,Rs 380,Cefpodoxime,100mg
Pathonil,Global-Vision,Rs 144,Ceftazidime,500mg
Prolexa,Genetics Pharmaceuticals,Rs 475,Escitalopram,10mg
Prolexa,Genetics Pharmaceuticals,Rs 530,Escitalopram,20mg
Perispa,Platinum,Rs 177,Eperisone,50 mg
PHYSIOGEL CALMING RELIEF A.I. CREAM,GlaxoSmithKline,"Rs 3,250",,
Pain-Aid Plus,Scotman,Rs 145,Diclofenac Sodium and Misoprostol,50mg
Pain-Aid Plus,Scotman,Rs 157,Diclofenac Sodium and Misoprostol,75mg
Panslay,Scilife,Rs 91,Diclofenac Sodium,50mg
Panslay,Scilife,Rs 83,Diclofenac Sodium,75 mg
Phlogin,Brookes,Rs 200,Diclofenac Sodium,50mg
Phlogin,Brookes,Rs 30,Diclofenac Sodium,75mg
Paraxyl CR Tab 25mg 30's,CCL,Rs 728,Paroxetine,25mg
Persch,Barrett,Rs 73,Risperidone,
Polymalt-F,High-Q,Rs 136,Iron Polymaltose,100mg
Peditral Regular,Searle,Rs 136,ORS,
Pat-4,Mass-PH Health,Rs 600,Glucosamine sulphate,500mg
Plaquin-H,Macter,Rs 163,Hydroxychloroquine Sulphate,200mg
Proxen,Martin Dow,Rs 220,Naproxen,250mg
Proxen,Martin Dow,Rs 220,Naproxen,500mg
Paladon,Venture,Rs 99,Piroxicam,20mg
Pcam 0.5 Gel,Martin Dow,Rs 282,Piroxicam,25gm
Pcam,Martin Dow,Rs 156,Piroxicam,20mg
Pcam,Martin Dow Marker,Rs 39,Piroxicam,20mg
Pharox B,Valor,Rs 145,Piroxicam-beta-cyclodextrin,20mg
Pirexen,Saffron,Rs 182,Piroxicam-beta-cyclodextrin,20mg
Pirodex,Schazoo Pharmaceuticals,Rs 71,Piroxicam-beta-cyclodextrin,20mg
Piroxim-Neo,Genix,Rs 184,Piroxicam-beta-cyclodextrin,20mg
Pytex,High-Q,Rs 186,Piroxicam-beta-cyclodextrin,20mg
Pentoxol-M,Scotman,Rs 65,Flupenthixol,0.5mg
Prevenar 13,Pfizer,"Rs 8,052",Pneumococcal vaccine,
Paromax CR,Genetics Pharmaceuticals,Rs 398,Paroxetine,25mg
Paroxin CR,Amarant,Rs 312,Paroxetine,12.5mg
Piride,Amarant,Rs 160,Levosulpiride,25mg
Paraxyl CR 12.5mg,CCL,Rs 502,Paroxetine,12.5mg
Promto 10mg,Scilife,Rs 140,Rabeprazole,
Penbritin 250mg,GlaxoSmithKline,Rs 121,,
Penbritin 500mg,GlaxoSmithKline,Rs 220,,
Prexa 10mg,Nabi Qasim,Rs 299,Escitalopram,
Pulmonol Lozenges Original,CCL,Rs 50,,
Picno Plus,Maxitech Pharma,Rs 398,,
Picno,Maxitech Pharma,Rs 280,,
Peptiloc 20mg,Bosch,Rs 90,Famotidine,
Peptiloc 40mg,Bosch,Rs 180,,
Polypep 20mg,Wilson's,Rs 238,Famotidine,
Peptiban 20mg,Werick,Rs 184,Famotidine,
Pulmonol 120ml,CCL,Rs 126,Chlorpheniramine Maleate,
Plasaline1000ml,Otsuka,Rs 123,Sodium Chloride 0.9% IV solution,
Prostreat 0.4mg,Asian Continental,Rs 490,Tamsulosin HCl,0.4mg
Paedicare 500Ml Orange,Wood Wards,Rs 161,ORS,
Pcam,Martin Dow,Rs 188,,
Photonic Max,Pharma Health,Rs 985,,
Polymalt,High-Q,Rs 240,Iron Polymaltose,
Polyfer,Barrett,Rs 157,Iron Polymaltose,
Polyfer FA,Barrett,Rs 128,,
Polyfer,Barrett,Rs 130,Iron,III Hydroxide Polymaltose Complex + Folic A
Patadin,Shaigan,Rs 250,,
Provate,Saffron,Rs 125,"Betamethasone Dipropionate, Topical",0.05%
Promto,Scilife,Rs 353,Rabeprazole,20mg
Plasil With Enzyme,Pacific Pharma,Rs 113,,
Phlogenzyme,Pacific Pharma,Rs 510,,
Pidogrel-Ap,Highnoon,Rs 230,Clopidogrel Bisulphate,75mg
Pantra,Getz Pharma,Rs 375,Tramadol,100 mg
Pantra Plus,Getz Pharma,Rs 210,Tramadol,37.5 mg
Panaram,Efroze,Rs 470,Paracetamol,500 mg
Paracet,Stand Pharm,Rs 149,Paracetamol,1 gm
Phlogin SR,Brookes,Rs 298,"Diclofenac Sodium, oral",100 mg
Polyfax,GlaxoSmithKline,Rs 169,"Bacitracin and Polymyxin B, topical",
Polyfax Plus,GlaxoSmithKline,Rs 168,"Bacitracin and Polymyxin B, topical",
Polypep,Wilson's,Rs 515,Famotidine,40 mg
Plasenzyme,Pacific Pharma,Rs 142,,
Pulmitac,Platinum,Rs 168,"Bambuterol, Oral",5mg|5ml
Pulmitac,Platinum,Rs 325,"Bambuterol, Oral",10 mg
Pulmitac,Platinum,Rs 411,"Bambuterol, Oral",20 mg
Pulmiterol,kaizen,Rs 150,"Bambuterol, Oral",20 mg
Profylline,kaizen,Rs 141,Doxofylline,400 mg
Plantcal Insta,Wilson's,Rs 34,Acitretin,
Phytus 120ml,Pharm Evo,Rs 410,,
Peroxa,Lisko,Rs 260,Paroxetine HCL,20mg
Panadol CF,GSK Consumer Healthcare,Rs 58,Chlorpheniramine,
Prulax junior,Matrix,Rs 200,,
Prepro-Gg,Matrix,Rs 655,,
Prepro-Z,Matrix,Rs 615,,
Pediamax,Matrix,Rs 500,,
Pidogrel,Highnoon,Rs 215,Clopidogrel Bisulphate,75 mg
Prescot,Scotman,Rs 325,Pregabalin,100mg
Prescot,Scotman,Rs 196,Pregabalin,50mg
Prescot,Scotman,Rs 340,Pregabalin.,150mg
Provas-N Forte,Sami,Rs 76,,
Paclitaxel Ebewe,Novartis,"Rs 12,212",Paclitaxel,100mg
Plavix,Sanofi,Rs 189,Clopidogrel Bisulphate,300mg
Pregy,Sami,Rs 234,Pregabalin,25mg
Pregy,Sami,Rs 271,Pregabalin,50mg
Pramcit,Nabi Qasim,Rs 300,Citalopram,20 mg
Pladex-5,Otsuka,Rs 128,,
Paedicare Strawberry Oral Electrolyte Solution 500 ml Liquid Bottle,Woodwards,Rs 134,ORS,
Proflor 5 ml Oral Suspension 2 x 5's Bottles Pack,Matrix,Rs 500,Bacillus Clausii,
Pofol,Dongkook pharmaceutical,Rs 464,Propofol,200 mg
Pain Aid Plus,Scotmann,Rs 165,Diclofenac Sodium,75 mg
Piravir,Getz Pharma,"Rs 1,500",Favipiravir,200 mg
Plop,Genix,Rs 500,Olopatadine,
Provas-N,Sami,Rs 94,Orphenadrine and Paracetamol,450 mg
Pipbacta,CCL,Rs 942,Piperacillin,4.5 gm
Paraxyl CR,CCL,Rs 542,Paroxetine HCL,37.5 mg
Prolifen,Chiesi,Rs 608,Clomiphene,50 mg
Potassium K+ (Urine) Lab Test,Khan Labs & Diagnostic Center,Rs 500,,
Posterisan Forte,AGP,Rs 421,Hydrocortisone,
Polybion Z,Martin Dow,Rs 129,Multivitamins with Zinc,
Posterisan,AGP,Rs 399,Hydrocortisone,
Prevent,Platinum,Rs 85,Tinidazole,1 gm
Panaram,Efroze,Rs 24,Paracetamol,500 mg
Prescot,Scotmann,Rs 143,Pregabalin,75 mg
Prolexa,Genetics Pharmaceuticals,Rs 420,Escitalopram,10 mg
Paroxin CR,Amarant,Rs 522,,
Pentoxol,Scotmann,Rs 33,Flupenthixol,1 mg
Pregy,Sami,Rs 228,Pregabalin,150 mg
Predheal,Tabroos,Rs 219,,
Predheal,Tabroos,Rs 224,,
Polyfer FA,Barrett,Rs 150,,
Pulse,Werick,Rs 65,,
Preneu,Nabi Qasim,Rs 385,,
Pulmonol Lozenges Honey & Lemon,CCL,Rs 50,,
Pelton-C,Global Pharma,Rs 133,,
Prostryl,Novins,Rs 443,Finasteride,5mg
Panadol Liquid,GSK Consumer Healthcare,Rs 144,Paracetamol,160mg
Phitofert Men,Promopharma,"Rs 1,700",,
Phitofert woman,Promopharma,"Rs 1,700",,
Panadol Extra,GSK Consumer Healthcare,Rs 50,Paracetamol,
Panadol 30 ml Drops,GSK Consumer Healthcare,Rs 87,Paracetamol,
PK-Merz,Brookes,Rs 325,Amantadine,100mg
Piriton 120ml,GlaxoSmithKline,Rs 65,Chlorpheniramine,
PLADEX-5 (PIGGY PACK) 100 ML INFUSION,Otsuka,Rs 85,Dextrose IV Soln,
PREFRIN A 10 ML DROP,Barrett,Rs 93,,
Piobetic,Genix,Rs 84,Pioglitazone,15mg
PG Min,Novins,Rs 49,Pioglitazone,15mg
Pyctomet,Highnoon,Rs 98,Pioglitazone,15mg
Perilium,Adamjee Pharmaceuticals,Rs 98,Domperidone,5mg
Perilium,Adamjee Pharmaceuticals,Rs 61,Domperidone,5mg
Pred +,Schazoo Pharmaceuticals,Rs 70,Prednisolone,1%
Prens,Vega,Rs 65,Prednisolone,1%
Prednisynth,Schazoo Pharmaceuticals,Rs 98,Prednisolone,0.2%
Primox Ds,Atco,Rs 21,Trimethoprim,80mg
Probeta-N,Atco,Rs 54,Betamethasone,0.1%
Phenergan Elixir,Sanofi,Rs 72,Promethazine HCL,5 mg
Paedi Care (apple),Wood Wards,Rs 99,"sodium chloride, sodium citrate, potassium chlorid",3.5gm
Paedi Care (ice cream soda),Wood Wards,Rs 99,"sodium chloride, sodium citrate, potassium chlorid",3.5gm
Paedi Care (lemon),Wood Wards,Rs 95,"sodium chloride, sodium citrate, potassium chlorid",3.5gm
Paedi Care (strawberry),Wood Wards,Rs 94,"sodium chloride, sodium citrate, potassium chlorid",3.5gm
Peditral - Banana,Searle,Rs 99,ORS,
Panadol,GSK Consumer Healthcare,Rs 32,Paracetamol,500 mg
Para 6+,Zafa,Rs 50,Paracetamol,250mg
Provate Lotion,Saffron,Rs 117,"Betamethasone Dipropionate, Topical",0.05 %
Phlogin,Brookes,Rs 76,Diclofenac Sodium,75mg|3ml
Provate-S Ointment,Saffron,Rs 120,"Betamethasone Dipropionate and Salicyclic Acid, to",
Pyodine Mouth Wash,Brookes,Rs 99,Povidone-Iodine,1%
Potassium Chloride Injection 25ml,Otsuka,Rs 29,,
Paedi Care (Regular) 3.5gm / 2.9 gm / 1.5 gm / 20 gm,Wood Wards,Rs 95,,
Polybion Forte,Martin Dow,Rs 105,,
Panadol Forte Pine Apple,GSK Consumer Healthcare,Rs 87,Paracetamol,
Phlogin,Brookes,Rs 80,"Diclofenac Sodium, topical",0.01
Provate,Saffron,Rs 107,"Betamethasone Dipropionate, Topical",0.05%
Plasaline 0.9% Sodium Chloride Infusion,Otsuka,Rs 84,Sodium Chloride 0.9% IV solution,100ml
Panadol CF day Caplet,GSK Consumer Healthcare,Rs 69,Paracetamol,500mg
Provate-G,Saffron,Rs 134,"Betamethasone Dipropionate, Topical",
Panadol Extend,GSK Consumer Healthcare,Rs 69,Paracetamol,
Proscar,OBS,Rs 936,Finasteride,5 mg
Primolut-N,Bayer,Rs 104,Norethisterone,5mg
Physiogel Cream,Physiogel,"Rs 1,950",,
Pro-statin 10mg,CCL,Rs 175,Atorvastatin calcium trihydrate,10mg
Plendil,Barrett,Rs 143,Felodipine,5 mg
Plasaline,Otsuka,Rs 107,Sodium Chloride 0.9% IV solution,
Praz 0.5mg,Scilife,Rs 72,Alprazolam,
Plendil 10mg,Barrett,Rs 793,Felodipine,
Pat-4,Jns International Pvt. Ltd.,"Rs 1,200",Glucosamine,
Phlogin,Brookes,Rs 290,"Diclofenac Sodium, oral",100 mg
Protonix 40mg,Wilshire,Rs 260,Pantoprazole,
Proviva,Better Health Company,Rs 700,,
Praz 0.25mg,Scilife,Rs 51,Alprazolam,
Prelox Galaxy,Galaxy,"Rs 4,620",Cefpodoxime,
PROFENID ( ketoprofen ) 100 MG TABLET,Sanofi,Rs 209,Ketoprofen,100mg
Prothiaden 75 mg,Abbott Laboratories,Rs 66,Dothiepin,
Proxeed Plus,RG Pharma,Rs 390,,
Pyodine Surgical Scrub,Brookes,Rs 182,Povidone-Iodine,0.075
Pyodine,Brookes,"Rs 1,192",Povidone-Iodine,0.1
Pentaglobin,Biotest Pharma,"Rs 13,990",Immune Globulin,0.5gm
Probase,Mass-PH Health,Rs 160,Bisoprolol,10mg
Propranolol Tab,Dawaai,Rs 165,Propranolol HCl,40mg
Propranolol,Siza,Rs 165,Propranolol HCl,40mg
Praba,Tagma,Rs 75,Glimepiride,3mg
Pamaryl plus,Himont,Rs 44,Glimepiride,1mg
Piobetic,Genix,Rs 147,Pioglitazone,30mg
Piofit,Schazoo Pharmaceuticals,Rs 90,Pioglitazone,30mg
Piofit,Schazoo Pharmaceuticals,Rs 120,Pioglitazone,45mg
Piotone,Atco,Rs 140,Pioglitazone,30mg
Piotone,Atco,Rs 200,Pioglitazone,45mg
Piozon,Medicaids,Rs 350,Pioglitazone,15mg
Piozon,Medicaids,Rs 450,Pioglitazone,30mg
Piozone,Pulse,Rs 126,Pioglitazone,30mg
Piozone,Pulse,Rs 200,Pioglitazone,45mg
Pyctos,Highnoon,Rs 196,Pioglitazone,45mg
Piobetic G,Genix,Rs 182,Pioglitazone,30mg
Piobetic G,Genix,Rs 224,Pioglitazone,30mg
Pioton Gem,Atco,Rs 168,Pioglitazone,30mg
Pioton Gem,Atco,Rs 198,Pioglitazone,30mg
Piozer g,Hilton,Rs 290,Pioglitazone,15mg
Piozer g,Hilton,Rs 360,Pioglitazone,15mg
Prenor,Amson,Rs 38,Buprenorphine,0.3mg
Pentafen,Tread Pharma,Rs 108,Pentazocine,30mg
Pentagesic,LCPW,Rs 114,Pentazocine,30mg
Pentagon,Schazoo Pharmaceuticals,Rs 109,Pentazocine,30mg
Pentanor,Global Pharma,Rs 20,Pentazocine,25mg
Penzocine,Amson,Rs 109,Pentazocine,30mg
Pocin,Rakahposhi,Rs 20,Pentazocine,25mg
Pomperc,Mass-PH Health,Rs 85,Tramadol,50mg
Pomperc,Mass-PH Health,Rs 31,Tramadol,50mg
Pofol,Akhai,Rs 310,Propofol,1%
Propofol inf,Zafa,Rs 102,Propofol,1%
Propofol inf,Zafa,Rs 102,Propofol,1%
Propofol Lipuro,B.Braun,Rs 460,Propofol,1%
Parketin,Pfizer,Rs 92,Gabapentin,100mg
Parketin,Pfizer,Rs 562,Gabapentin,300mg
Parketin,Pfizer,Rs 723,Gabapentin,400mg
Penral,CCL,Rs 149,Gabapentin,300mg
Penral,CCL,Rs 199,Gabapentin,400mg
Pingab,Focus & Rulz,Rs 225,Pregabalin.,50mg
Pingab,Focus & Rulz,Rs 325,Pregabalin.,75mg
Prefor,Foray,Rs 158,Pregabalin.,100mg
Prefor,Foray,Rs 200,Pregabalin.,150mg
Prefor,Foray,Rs 100,Pregabalin.,50mg
Pregy,Sami,Rs 455,Pregabalin,150 mg
Pregy,Sami,Rs 108,Pregabalin,50mg
Prostin F-2 Alpha,Pfizer,Rs 508,Dinoprost,5mg
Propess,Galaxy,"Rs 2,500",Dinoprostone,3mg
Prostin E-2,Pfizer,"Rs 4,871",Dinoprostone,3mg
Pancron,Brookes,Rs 38,Pancuronium Bromide,4mg
Parium,Saydon,Rs 30,Pancuronium Bromide,4mg
Pressurex,Pfizer,Rs 128,Telmisartan,20mg
Pressurex,Pfizer,Rs 214,Telmisartan,40mg
Pamidria,Cipla-A.J. Mirza,"Rs 2,375",Pamidronate Disodium,30mg
Pamidria,Cipla-A.J. Mirza,"Rs 3,960",Pamidronate Disodium,60mg
Pamidria,Cipla-A.J. Mirza,"Rs 6,330",Pamidronate Disodium,90mg
Pamisole,Atco,"Rs 2,800",Pamidronate Disodium,30mg
Pyridine,Valor,Rs 600,Phenazopyridine,100mg
Prizocin,Nimrall,Rs 184,Azithromycin,250mg
Pharmaplatin,Pharmadic,"Rs 2,225",Carboplatin,150mg
Pelton,Global-Vision,Rs 146,Domperidone,5mg|5ml
Pelton,Global-Vision,Rs 57,Domperidone,10mg
Pentex,Pearl,Rs 43,Domperidone,10mg
Pericid,LCPW,Rs 38,Domperidone,10mg
Perid,Medisure,Rs 30,Domperidone,10mg
Perill,Polyfine,Rs 32,Domperidone,10mg
Prokin,Global-Vision,Rs 30,Domperidone,10mg
Puridon,Pulse,Rs 29,Domperidone,10mg
Pelton V,Global-Vision,Rs 105,Domperidone Maleate,5mg
Pelton V,Global-Vision,Rs 49,Domperidone Maleate,12.72mg
Peptimax-V,Aries,Rs 34,Domperidone Maleate,10mg
Perid-M,Medisure,Rs 27,Domperidone Maleate,10mg
Pdpoetin,Nextar,"Rs 4,500",Epoetin Alfa,10000IU
Pdpoetin,Nextar,"Rs 1,084",Epoetin Alfa,2000IU
Pdpoetin,Nextar,"Rs 2,000",Epoetin Alfa,4000IU
Phartex Ds,Pharmacare,Rs 268,Trimethoprim,160mg|800mg
Pficid,Pfizer,Rs 445,Clarithromycin,500mg
Pakzole,Pharma Wise,Rs 275,Trimethoprim,80mg
Pakzole Ds,Pharma Wise,Rs 253,Trimethoprim,160mg
Phartex,Pharmacare,Rs 268,Trimethoprim,80mg
Phartex Ds,Pharmacare,Rs 13,Trimethoprim,160mg
Pficid,Pfizer,Rs 240,Clarithromycin,250mg
Pirak,Wise Pharma,Rs 240,Clarithromycin,250mg
Pirak,Wise Pharma,Rs 445,Clarithromycin,500mg
Phenir,Valor,Rs 21,Chlorpheniramine,4mg
Phenerzine,Epoch,Rs 44,Promethazine HCL,25mg
Prozoquin,Delux,Rs 15,Amodiaquine,150mg
Paraquin,Genome Pharma,Rs 380,Dihydroartemisinin,40mg
Peprohyd,Metro,Rs 24,Dihydroartemisinin,15mg
Peproxin,ACE,Rs 24,Dihydroartemisinin,15mg
Polytar,GlaxoSmithKline,Rs 176,Oleyl Alcohol,150ml
Pine,Hsc,Rs 476,Heparin,5000IU
Paracin Plus,Shifa,Rs 27,Hyoscine,10mg
PDFeron-B,Nextar,Rs 600,Interferon Alfa-2b.,3MIU
PDFeron-B,Nextar,"Rs 1,000",Interferon Alfa-2b.,5MIU
Prolfer,Zafa,Rs 609,Interferon Alfa-2b.,3MIU
Pep-Eez,Karachi Chemical,Rs 60,Esomeprazole,20mg
Pepkap,Medisearch,Rs 85,Esomeprazole,20mg
Pepkap,Medisearch,Rs 162,Esomeprazole,40mg
Pepnor,Shaheen,Rs 60,Esomeprazole,20mg
Qusel,Hilton,Rs 200,Quetiapine,25mg
Qarshi Sharbat-e-Banafsha,Qarshi,Rs 170,,
Qusel,Hilton,Rs 428,Quetiapine,100mg
Qufen,High-Q,Rs 97,Diclofenac,100mg
Q-Palgite 120ml,Wood Wards,Rs 230,,
Q-Plex,Wood Wards,Rs 276,,
Qsartan,High-Q,Rs 184,Losartan Potassium,50mg
Qpro,Bosch,Rs 97,Lansoprazole,15mg
Qpro,Bosch,Rs 150,Lansoprazole,30mg
Qpro,Bosch,Rs 315,Lansoprazole,30mg
Qlena,Bosch,Rs 155,Levofloxacin,250mg
Qlena,Bosch,Rs 300,Levofloxacin,500mg
Quest,PDH,Rs 195,Levofloxacin,250mg
Qumic,Bosch,Rs 320,Levofloxacin,500mg
Qumic,Bosch,Rs 280,Levofloxacin,250mg
Qumic,Bosch,Rs 310,Levofloxacin,500mg
Qumic,Bosch,Rs 289,Levofloxacin,750mg
Quvoxin,Amarant,Rs 220,Levofloxacin,250mg
Quvoxin,Amarant,Rs 212,Levofloxacin,500mg
Q-Bact,High-Q,Rs 444,Cefoperazone,1gm
Q-Bact,High-Q,Rs 621,Cefoperazone,2gm
Qink,Wilshire,Rs 290,Cefpodoxime,100mg
Qzon,Bosch,Rs 310,Ceftriaxone,1gm
Qzon,Bosch,Rs 110,Ceftriaxone,250mg
Qzon,Bosch,Rs 190,Ceftriaxone,500mg
Qzon,Bosch,Rs 310,Ceftriaxone,1gm
Qzon,Bosch,Rs 150,Ceftriaxone,500mg
Qluz,Wilshire,Rs 93,Piroxicam,20mg
Qsartan Plus,High-Q,Rs 222,Losartan Potassium,50mg
Quetap 100mg,Platinum,Rs 300,Risperidone,
Qbal,Bosch,Rs 146,Mecobalamin,500mcg
Qmetem-P,Bosch,Rs 495,Artemether,
Qmetem 15/90mg,Bosch,Rs 125,Artemether/Lumafantrine,
Qmetem 15/90mg 60ml,Bosch,Rs 225,Artemether/Lumafantrine,
QCO 50mg,ICI Pakistan Limited,Rs 400,,
Qusel,Hilton,Rs 537,Quetiapine,200mg
Qsartan,High-Q,Rs 103,Losartan Potassium,25mg
Quench,Ferozsons,Rs 257,Silver Sulphadiazine,1%
Qbal 500mcg IM / IV-INJ,Bosch,Rs 34,Mecobalamin,500mcg
QCO 100mg,ICI Pakistan Limited,Rs 687,,
Qazzo,Wilshire,Rs 400,Rosuvastatin calcium,20mg
Qfolic,Highnoon,Rs 450,Quatrefolic,400mcg
Qusel XR,Hilton,Rs 575,Quetiapine,200 mg
Qusel-XR,Hilton,Rs 505,Quetiapine,150 mg
Qosmet,Wilshire,Rs 140,Metformin,500 mg
Quitin,Werick,Rs 300,Quetiapine,100 mg
Q-Role,Maxitech Pharma,Rs 317,,
Qazzo,Wilshire,Rs 306,Rosuvastatin calcium,10 mg
Qentel,Wilshire,Rs 50,Albendazole,200mg
Qzon,Bosch,Rs 90,Ceftriaxone,250mg
Quench 1% Cream 15GM,Ferozsons,Rs 93,Silver Sulphadiazine,1%
Quibron T/SR,GlaxoSmithKline,Rs 64,Theophylline,300mg
QUPIN 25MG TAB,Cellande Gene,Rs 125,Quetiapine,
Qilium,Fynk,Rs 30,Domperidone,10mg
Quinine,Lawrence,Rs 5,Quinine,300mg
Quinine Bisulphate,LCPW,Rs 7,Quinine,300mg
Quinine Bisulphate,LCPW,Rs 700,Quinine,300mg
Quinine Bisulphate Tab,Venus,Rs 230,Quinine,300mg
Quinine Dihydrochloride Inj,Venus,Rs 8,Quinine,300mg
Qferon,Bosch,Rs 600,Interferon Alfa-2b.,3MIU
Recol,Barrett,Rs 227,Simvastatin,10mg
Recol 20mg,Barrett,Rs 357,Simvastatin,
Rotec,Searle,Rs 218,Diclofenac,75mg
Requip 0.25mg,GlaxoSmithKline,Rs 197,Ropinirole,
Requip 2mg,GlaxoSmithKline,Rs 402,Ropinirole,
Ramipace 1.25mg,Pharm Evo,Rs 195,Ramipril,1.25mg
Ramipace 2.5mg,Pharm Evo,Rs 285,Ramipril,2.5mg
Ramipace 5mg,Pharm Evo,Rs 320,Ramipril,5mg
Ramipace 10mg,Pharm Evo,Rs 398,Ramipril,10mg
Rolip,Hilton,Rs 350,Rosuvastatin calcium,10mg
Ronirol,Hilton,Rs 270,Ropinirole,1mg
Revoc,Platinum,Rs 190,Risperidone,1mg
Ruling,High-Q,Rs 240,Omeprazole,40mg
Risek Insta Sugar Free,Getz Pharma,Rs 36,Omeprazole,40mg
Rolip,Hilton,Rs 585,Rosuvastatin calcium,20mg
Ronirol,Hilton,Rs 144,Ropinirole,0.25mg
Rifaxa 200mg,Ferozsons,Rs 400,Rifaximin,
Rabixin,Genetics Pharmaceuticals,Rs 173,Rabeprazole,20 mg
Rosubar 5mg,Barrett,Rs 210,Rosuvastatin calcium,
Ribazole,Getz Pharma,Rs 340,Ribavirin,400 mg
Respicare,Genix,Rs 245,Montelukast,10mg
Revitale-b,GlaxoSmithKline,Rs 251,Vitamin B complex plain and with Vitamin C,
Rino Clenil,Chiesi,"Rs 1,061",Beclomethasone,100mcg
Rolip,Hilton,Rs 225,Rosuvastatin calcium,5mg
Rabecid,Highnoon,Rs 224,Rabeprazole,10mg
Rabecid,Highnoon,Rs 421,Rabeprazole,20mg
Reline 50MG,Surge,Rs 340,Sertraline,50mg
Remethan 50,High-Q,Rs 80,Diclofenac Sodium,50mg
Ronirol,Hilton,Rs 335,Ropinirole,2mg
REPAR 10MG TAB,Barrett,Rs 222,Rabeprazole,10mg
Rifaxa,Ferozsons,Rs 475,Rifaximin,550mg
Rocephin,Martin Dow,"Rs 1,244",Ceftriaxone,1gm
Rondec-C 120 ML,Abbott Laboratories,Rs 166,Cough Sedative,
Rosubar 20mg,Barrett,Rs 490,Rosuvastatin calcium,
Roxvita,High-Q,Rs 187,Multivitamin,
Rubifer,AGP,Rs 150,Iron Polymaltose,100mg
Ranola,Highnoon,Rs 194,Ranolazine,500mg
RayPride,RayPharma,Rs 124,Glimepiride,2mg
RayPride,RayPharma,Rs 186,Glimepiride,3mg
RayPride,RayPharma,Rs 247,Glimepiride,4mg
Raypride-M,RayPharma,Rs 120,Glimepiride,1mg
Raypride-M,RayPharma,Rs 195,Glimepiride,2mg
Regain xr,Werick,Rs 25,Metformin,850mg
Revalp Tablet,Genetics Pharmaceuticals,Rs 51,Divalproex Sodium,250mg
Revalp,Genetics Pharmaceuticals,Rs 80,Divalproex Sodium,500mg
Raypentin,Ray Pharma,Rs 150,Gabapentin,400mg
Regab,Amarant,Rs 237,Pregabalin.,150mg
Relspasm,Wilshire,Rs 288,Thiocolchicoside,4mg
Ram-Off,Valor,Rs 165,Azithromycin,200mg
Rayaz,Ray Pharma,Rs 407,Azithromycin,250mg
Rayaz,Ray Pharma,Rs 298,Azithromycin,200mg
Rayaz,Ray Pharma,Rs 497,Azithromycin,500mg
Resque,Stand Pharm,Rs 210,Azithromycin,250mg
Resque,Stand Pharm,Rs 230,Azithromycin,200mg
Romycin,Nabi Qasim,Rs 150,Azithromycin,250mg
Recormon,Roche,"Rs 2,541",Epoetin Beta,5000IU
Ranker,Wilshire,Rs 315,Clarithromycin,125mg
Ranker,Wilshire,Rs 260,Clarithromycin,250mg
Ranker,Wilshire,Rs 208,Clarithromycin,500mg
Riomed,Stand Pharm,Rs 350,Clarithromycin,250mg
Riomed,Stand Pharm,Rs 629,Clarithromycin,500mg
Rithmo,Sami,Rs 166,Clarithromycin,125mg
Rithmo,Sami,Rs 349,Clarithromycin,125mg
Rithmo,Sami,Rs 585,Clarithromycin,250mg
Rithmo,Sami,Rs 312,Clarithromycin,250mg
Rithmo,Sami,Rs 626,Clarithromycin,500mg
Rithmo,Sami,Rs 285,Clarithromycin,500mg
Rite,Werick,Rs 155,Amoxicillin,875mg
Rite Ds,Werick,Rs 120,Amoxicillin,500mg
Retoret,Mass-PH Health,Rs 234,Desloratadine,5mg
Rhizin,Cibex,Rs 109,Cetirizine,10mg
Rigix,AGP,Rs 134,Cetirizine,10mg
Rolac,Sami,Rs 375,Itraconazole,100mg
Rayprazole,Ray Pharma,Rs 125,Esomeprazole,20mg
Rayprazole,Ray Pharma,Rs 208,Esomeprazole,40mg
Relaxul,kaizen,Rs 170,Esomeprazole,20mg
Relaxul,kaizen,Rs 283,Esomeprazole,40mg
Raylox,Ray Pharma,Rs 254,Levofloxacin,500mg
Raylox,Ray Pharma,Rs 150,Levofloxacin,250mg
Raylox,Ray Pharma,Rs 225,Levofloxacin,500mg
Raylox,Ray Pharma,Rs 229,Levofloxacin,750mg
Ramflox,Remington,Rs 115,Levofloxacin,250mg
Ramflox,Remington,Rs 200,Levofloxacin,500mg
Ropen,Macter,"Rs 2,509",Meropenem,1gm
Ropen,Macter,"Rs 1,327",Meropenem,500mg
Risek Insta Sugar Free,Getz Pharma,Rs 22,Omeprazole,20 mg
Renitec,OBS,Rs 189,Enalapril Maleate,10mg
Renitec,OBS,Rs 101,Enalapril Maleate,5mg
Ruling,High-Q,Rs 183,Omeprazole,20mg
Rosulin,Highnoon,Rs 178,Rosuvastatin calcium,5mg
Rehydro Salt Lemon,Alithia Healthcare,Rs 259,"sodium chloride, sodium citrate, potassium chlorid",2.6gm
Reliefal,Nabi Qasim,Rs 419,Paracetamol,250mg
Razodex,Getz Pharma,Rs 420,Dexlansoprazole,60 mg
Rast 5 mg,Tabroos,Rs 190,Rosuvastatin calcium,5mg
Rocephin,Martin Dow,"Rs 1,091",Ceftriaxone,1gm
Ronil,Tabroos,Rs 350,Ceftriaxone,1gm
Ronil,Tabroos,Rs 135,Ceftriaxone,500mg
Ryxon,Brookes,Rs 120,Ceftriaxone,250mg
Ryxon,Brookes,Rs 250,Ceftriaxone,1gm
Ryxon,Brookes,Rs 180,Ceftriaxone,500mg
Respro SR,Searle,Rs 147,Theophylline,300mg
Rosuvax 5mg,Asian Continental,Rs 160,Rosuvastatin calcium,
Rovator 5 mg,Atco,Rs 235,Rosuvastatin calcium,
Rast  20 mg,Tabroos,Rs 470,Rosuvastatin calcium,20mg
Risek IV,Getz Pharma,Rs 425,Omeprazole,40 mg
Rodexib,Platinum,Rs 265,Dexibuprofen,300mg
Rodexib,Platinum,Rs 328,Dexibuprofen,400mg
Rein,S.J. & G. Fazul Ellahie,Rs 416,Diacerein,50mg
Rotec,Searle,Rs 214,Diclofenac Sodium,50mg
Rast 10mg,Tabroos,Rs 300,Rosuvastatin calcium,10mg
Rhulef,Searle,Rs 660,Leflunomide,10mg
Rhulef,Searle,Rs 317,Leflunomide,20mg
Relevo,Hirani's Pharma,Rs 141,Piroxicam,20mg
Riacen,Chiesi,Rs 109,Piroxicam,20mg
Rosiden,Medisure,Rs 89,Piroxicam,20mg
Roxicam,Wilson's,Rs 123,Piroxicam,20mg
Rapicort 5 mg,Tabroos,Rs 39,Prednisolone,5mg
Renavel 800mg,Genome Pharma,"Rs 1,195",Sevelamer,
Reslorton 75 mg,Nexpharm,Rs 224,Pregabalin,
ROVATOR 10 mg,Atco,Rs 380,Rosuvastatin calcium,
Regasta,Getz Pharma,Rs 350,Itopride,50 mg
Risp,Adamjee Pharmaceuticals,Rs 547,Risperidone,1mg
Rejuva,ICI Pakistan Limited,"Rs 1,106",Vitamins,
Rivaxo,Getz Pharma,Rs 385,,
Rize Pluse,Werick,Rs 210,Escitalopram,10mg
Risp,Adamjee Pharmaceuticals,Rs 317,Risperidone,3mg
Rova 10mg,Bosch,Rs 280,,
Rossmax Aero Spacer Valved Holding Chamber Size (AS175),Rossmax,"Rs 2,600",,
Ropinol,Amarant,Rs 276,,
Ruling Plus,High-Q,Rs 39,Esomeprazole,40mg
Reducid,Platinum,Rs 165,,
Razodex,Getz Pharma,Rs 265,Dexlansoprazole,30 mg
Respicare,Genix,Rs 30,Montelukast,4mg
Rosubar,Barrett,Rs 390,Rosuvastatin calcium,10mg
Rosuvax,Asian Continental,Rs 319,Rosuvastatin calcium,10mg
Repar 20mg,Barrett,Rs 290,Rabeprazole,
Relispa,Searle,Rs 72,Drotaverine,80 mg
Recept,Helix Pharma,Rs 264,Risperidone,2mg
Recept,Helix Pharma,Rs 197,Risperidone,1mg
Rosuvax,Asian Continental,Rs 450,,
Rova,Bosch,Rs 421,Rosuvastatin calcium,20mg
Rifin Forte,Pacific Pharma,Rs 192,,
Roswin,Martin Dow,Rs 330,,
Rement,High-Q,Rs 435,Memantine,10mg
Reline,Surge,Rs 520,Sertraline,100mg
Roviros,Nabi Qasim,Rs 275,Rosuvastatin calcium,5mg
Rancard XR,Searle,Rs 586,Ranolazine,1000mg
Rancard XR,Searle,Rs 211,Ranolazine,500mg
Ranola,Highnoon,Rs 220,Ranolazine,1000mg
Rubifer F,AGP,Rs 200,Folic acid/ Iron salt,100mg
Rayair,Ray Pharma,Rs 374,Montelukast,10 mg
Rayair,Ray Pharma,Rs 290,Montelukast,5 mg
Regulair,Werick,Rs 235,Montelukast,10 mg
Regulair,Werick,Rs 120,Montelukast,5 mg
Remethan 100R,High-Q,Rs 160,"Diclofenac Sodium, oral",100mg
Revoc,Platinum,Rs 345,Risperidone,2 mg
Reducid,Platinum,Rs 500,Famotidine,40 mg
Rova,Bosch,Rs 233,Rosuvastatin calcium,5mg
Risp,Adamjee Pharmaceuticals,Rs 118,Risperidone,1mg
Risp,Adamjee Pharmaceuticals,Rs 220,,
Reltus DM,Pharmatec,Rs 152,Chlorpheniramine Maleate,
Rovator,Atco,Rs 570,Rosuvastatin calcium,20mg
Rivaxo,Getz Pharma,Rs 630,Rivaroxaban,20 mg
Recuro,Hudson Pharma's,Rs 176,Sodium Carboxymethylcellulose,
Rosulin,Highnoon,Rs 320,Rosuvastatin calcium,10mg
Rosulin,Highnoon,Rs 495,Rosuvastatin calcium,20mg
Risp,Adamjee Pharmaceuticals,Rs 532,Risperidone,4mg
Roviros 10mg,Nabi Qasim,Rs 289,,
Rivascot,Scotman,Rs 320,Rivaroxaban,10mg
Rivascot,Scotman,Rs 360,Rivaroxaban,15mg
Rivascot,Scotman,Rs 450,Rivaroxaban,20mg
Ringolact.1000ml,Otsuka,Rs 135,,
Rulid,Sanofi,Rs 453,Roxithromycin,150mg
Renvela,Sanofi,"Rs 2,466",Sevelamer,800mg
Rosuva,Wilson's,Rs 234,Rosuvastatin calcium,5mg
Rigix Cherry Flavor,AGP,Rs 165,Cetirizine,5mg
Remac,Searle,Rs 516,Lutein/Zeaxanthin,
Remac,Searle,"Rs 1,260",Lutein/Zeaxanthin,
Regab,Amarant,Rs 542,Pregabalin,100mg
Roxaban,Genetics Pharmaceuticals,Rs 630,Rivaroxaban,20mg
Regab,Amarant,Rs 390,Pregabalin,50mg
Respicare,Genix,Rs 202,Montelukast,4mg
Rosuva,Wilson's,Rs 382,Rosuvastatin calcium,10mg
Rhizin,Cibex Limited,Rs 55,Cetirizine,10mg
Reltus C&F,Pharmatec,Rs 50,Chlorpheniramine,
Ram-Off 250 mg Capsule 2 x 5's Pack,Valor-Al Hameed,Rs 152,Azithromycin,250 mg
RespiCare,Genix,Rs 350,Montelukast,5 mg
Respiklar,Titlis Pharma,Rs 330,Clarithromycin,250 mg
Respiklar,Titlis Pharma,Rs 518,Clarithromycin,500 mg
Rifalis,Titlis Pharma,Rs 231,Rifaximin,200 mg
Rifalis,Titlis Pharma,Rs 575,Rifaximin,550 mg
Roxalis,Titlis Pharma,Rs 78,Rivaroxaban,2.5 mg
Roxalis,Titlis Pharma,Rs 300,Rivaroxaban,10 mg
Roxalis,Titlis Pharma,Rs 200,Rivaroxaban,15 mg
Roxalis,Titlis Pharma,Rs 245,Rivaroxaban,20 mg
Rosca,Genix Pharma,Rs 300,Rosuvastatin calcium,10 mg
Retrieve Cream 30 gm Pack,Pharma Health,Rs 372,"Hydroquinone, Tretinoin, and Fluocinolone Acetonid",
Resque,Stand Pharm,Rs 360,Azithromycin,200 mg
Rimona,Hinucon,Rs 253,,
Rovista EZ,Getz Pharma,Rs 205,Rosuvastatin calcium,5 mg
Rovista EZ,Getz Pharma,Rs 426,Rosuvastatin + Ezetimibe,10 mg + 10 mg
Rovista EZ,Getz Pharma,Rs 590,Rosuvastatin calcium,20 mg
Revipir,Genix,Rs 700,Favipiravir,200 mg
Ritor,Genix,Rs 250,Itopride,50 mg
Rabro,Genix,Rs 108,Rabeprazole,10 mg
Rabro,Genix,Rs 307,Rabeprazole,20 mg
Rosera,Sami,Rs 420,Rosuvastatin calcium,20 mg
Respy,Hudson Pharma's,Rs 270,Tiotropium bromide,18 mcg
Rigix 15 ml,AGP,Rs 126,Cetirizine Hydrochloride,
Risperto,Swansea Pharmaceuticals,Rs 128,Risperidone,1 mg
Risperto,Swansea Pharmaceuticals,Rs 237,Risperidone,2 mg
Regab,Amarant,Rs 415,Pregabalin,75 mg
Risek 40mg,Getz Pharma,Rs 257,Omeprazole,
Risek,Getz Pharma,Rs 183,Omeprazole,20 mg
Rapicort,Tabroos,Rs 230,,
Romega,Genetics Pharmaceuticals,"Rs 1,151",,
Rosoz,OBS,"Rs 3,200",,
Romycin,Nabi Qasim,Rs 204,Azithromycin,500 mg
Reteric,High-Q,Rs 238,,
RBC F,Genix Pharma,Rs 122,,
Ropsol Ophthalmic Emulsion,Atco,Rs 350,,
Renavit,Rene Pharmaceutical,Rs 595,,
Ridomide DS,Horizon Pharma,Rs 732,,
Rayan Bottle,Serving Health Pakistan,"Rs 1,200",,
Rovista 5mg,Getz,Rs 234,Rosuvastatin calcium,
Rovista 10mg,Getz Pharma,Rs 437,Rosuvastatin calcium,
Rovista,Getz,Rs 672,Rosuvastatin calcium,20 mg
Rock-D Plus,Health Supplement Inc.,"Rs 1,100",,
Reltus Cough Expectorant,Pharmatec,Rs 89,Paracetamol,
Rhilor-D,Pharmatec,Rs 129,Loratadine,
RayPride,RayPharma,Rs 62,Glimepiride,1mg
Regain xr,Werick,Rs 18,Metformin,500mg
Raypentin,Ray Pharma,Rs 50,Gabapentin,100mg
Raypentin,Ray Pharma,Rs 100,Gabapentin,300mg
Relaxit,Glitz,Rs 80,Tizanidine,2mg
Rexant,Helix Pharma,Rs 109,Tizanidine,2mg
Rite,Werick,Rs 65,Amoxicillin,125mg
Rite Ds,Werick,Rs 100,Amoxicillin,250mg
Rhizin,Cibex,Rs 50,Cetirizine,1mg|ml
Ronex,Hilton,Rs 64,Cetirizine,1mg
Ronex,Hilton,Rs 92,Cetirizine,10mg
Reliefal,Nabi Qasim,Rs 55,Paracetamol,120mg
Reliefal 6 plus,Nabi Qasim,Rs 67,Paracetamol,250mg
Reliefal 6 plus,Nabi Qasim,Rs 35,Paracetamol,250mg
Ronil,Tabroos,Rs 125,Ceftriaxone,250mg
Ruberin,Wood Wards,Rs 40,Ibuprofen,100mg
Rize 20mg,Werick,Rs 195,Fluoxetine,
Reltus C&F,Pharmatec,Rs 125,Chlorpheniramine,
Relispa,Searle,Rs 45,Drotaverine,40mg
Rama-D,Global Pharma,Rs 85,Tramadol,50 mg|ml
Reliefal,Nabi Qasim,Rs 97,Paracetamol,250 mg
Reliefal,Nabi Qasim,Rs 42,Paracetamol,120 mg
Renitec,OBS,Rs 208,Enalapril Maleate,20mg
Rovista,Getz Pharma,Rs 203,Rosuvastatin calcium,
Rovista,Getz Pharma,Rs 339,Rosuvastatin calcium,
Risek,Getz Pharma,Rs 161,Omeprazole,20 mg
Risek,Getz Pharma,Rs 210,Omeprazole,
Rivotril,Martin Dow,Rs 53,Clonazepam,0.5mg
Risperdal,Janssen,Rs 228,Risperidone,1mg
Risperdal,Janssen,Rs 867,Risperidone,4mg
Rimactal-INH,Novartis,Rs 294,Isoniazid,300mg
Rovista,Getz Pharma,Rs 600,Rosuvastatin calcium,20 mg
Requip 1mg,GlaxoSmithKline,Rs 276,Ropinirole,
Rivotril,Martin Dow,Rs 135,Clonazepam,2mg
Rimactal,Novartis,Rs 107,Rifampicin,2%
Remore,Genetics Pharmaceuticals,Rs 800,,
Revomet Gel 1%,kaizen,Rs 247,Metronidazole,40gm
Rontilate,Horizon Pharma,Rs 137,Strontium,2g
Ropinol 1mg,Edwin Pharma,Rs 133,Ropinirole,
Rhino Sone Nasal Spray,Schazoo Pharmaceuticals,Rs 109,Ephedrine,
Rinelon Nasal Spray,Schering-Plough,Rs 878,"Mometasone, topical",
Royal Jelly,The Vitamin Company,"Rs 1,000",,
Risperdal 2mg,Janssen,Rs 879,Risperidone,
Renavel,Genome Pharma,Rs 476,Sevelamer,400mg
Resochin,Bayer,Rs 26,Chloroquine Phosphate,250mg
Rhophylac (Anti D) 300mcg 1PFSx2ml,South City,"Rs 5,800",Rho,D Immune Globulin
Rock-D 600mg,Health Supplement Inc.,Rs 480,Calcium Supplement,600mg
Retryl,Rock PhARMA,Rs 51,Glimepiride,1mg
Retryl,Rock PhARMA,Rs 70,Glimepiride,2mg
Retryl,Rock PhARMA,Rs 122,Glimepiride,3mg
Retryl,Rock PhARMA,Rs 127,Glimepiride,4mg
Rangon,V Care,Rs 104,Pioglitazone,45mg
Raptrol,Wilshire,Rs 100,Repaglinide,1mg
Raptrol,Wilshire,Rs 95,Repaglinide,2mg
Rozi,Wilshire,Rs 105,Rosiglitazone,4mg
Rozimet,Wilshire,Rs 60,Rosiglitazone,2mg
Rozimet,Wilshire,Rs 110,Rosiglitazone,2mg
Rozimet,Wilshire,Rs 175,Rosiglitazone,4mg
Ruphen,Reko,Rs 11,Dextropropoxyphene,32.5mg
Rexagon,S.J. & G. Fazul Ellahie,Rs 125,Pentazocine,30mg
Ramol,Macter,Rs 292,Tramadol,50mg
Ramol,Macter,Rs 33,Tramadol,50mg
Restane,Akhai,"Rs 2,110",Isoflurane,99.9%
Recofol,A. J. & Co.,"Rs 1,335",Propofol,1%
Recofol,A. J. & Co.,Rs 685,Propofol,1%
Recofol,A. J. & Co.,Rs 66,Propofol,1%
Ropicain,LCPW,Rs 106,Ropivacaine,1%
Revotril,Martin Dow,Rs 37,Clonazepam,0.5mg
Rospam,Lowitt,Rs 48,Clonazepam,2mg
Revalp Syrup,Genetics Pharmaceuticals,Rs 135,Divalproex Sodium,250mg
Regab,Amarant,Rs 172,Pregabalin.,75mg
Relaxtron,Zafa,Rs 52,Atracurium Besylate,25mg
Relaxamed,Medicraft,Rs 160,Tizanidine,2mg
Ronate,Amarant,Rs 385,Ibandronic Acid,150mg
Relofin,Nexpharm,Rs 200,Raloxifene,60mg
Revera,Tagma,Rs 100,Raloxifene,60mg
Redrona,Bosch,Rs 500,Risedronate Sodium,35mg
Redrona,Bosch,Rs 266,Risedronate Sodium,5mg
Risofos,Hansel,Rs 390,Risedronate Sodium,5mg
Risonate,Shaigan,"Rs 1,200",Risedronate Sodium,35mg
Risonate,Shaigan,Rs 350,Risedronate Sodium,5mg
Rasilez,Novartis,Rs 490,Aliskiren,150mg
Rasilez,Novartis,Rs 819,Aliskiren,300mg
Rasilez HCT,Novartis,"Rs 1,638",Aliskiren,300mg
Rasilez HCT,Novartis,"Rs 1,638",Aliskiren,300mg
Ram-Off,Valor,Rs 304,Azithromycin,250mg
Ram-Off,Valor,Rs 125,Azithromycin,500mg
Rezoxin,Reko,Rs 120,Azithromycin,250mg
Romy,Fozan,Rs 255,Azithromycin,250mg
Romy,Fozan,Rs 125,Azithromycin,500mg
Romy,Fozan,Rs 165,Azithromycin,200mg
Romycin,Nabi Qasim,Rs 137,Azithromycin,500 mg
Rothin,Rakahposhi,Rs 240,Azithromycin,250mg
Rothin,Rakahposhi,Rs 165,Azithromycin,200mg
Rapidon,Usawa,Rs 32,Domperidone,10mg
Ridon,Bloom Pharma,Rs 49,Domperidone,10mg
Recormon,Roche,"Rs 1,007",Epoetin Beta,2000IU
Recormon,Roche,"Rs 6,864",Epoetin Beta,2000IU
Rakacid,Rakahposhi,Rs 180,Clarithromycin,125mg
Rithmo,Sami,Rs 207,Clarithromycin,500mg
Ritrocin,Pulse,Rs 445,Clarithromycin,500mg
Rizcid,Jinnah Pharma,Rs 240,Clarithromycin,250mg
Rizcid,Jinnah Pharma,Rs 445,Clarithromycin,500mg
Rascotran Ds,Rasco,Rs 11,Trimethoprim,160mg
Rexotil,Reko,Rs 242,Diphenoxylate,2.5mg
Rakacid,Rakahposhi,Rs 200,Clarithromycin,250mg
Rakacid,Rakahposhi,Rs 350,Clarithromycin,500mg
Resclear,Shawan,Rs 240,Clarithromycin,250mg
Resclear,Shawan,Rs 445,Clarithromycin,500mg
Respimax,Schazoo Pharmaceuticals,Rs 227,Clarithromycin,125mg
Respimax,Schazoo Pharmaceuticals,Rs 200,Clarithromycin,250mg
Respimax,Schazoo Pharmaceuticals,Rs 375,Clarithromycin,500mg
Riomed,Stand Pharm,Rs 271,Clarithromycin,125mg
Ritek,Alliance,Rs 240,Clarithromycin,250mg
Ritek,Alliance,Rs 425,Clarithromycin,500mg
Rithcin,Qintar Pharma,Rs 240,Clarithromycin,250mg
Rithinex,Nexus,Rs 231,Clarithromycin,125mg
Rithinex,Nexus,Rs 223,Clarithromycin,250mg
Rithinex,Nexus,Rs 390,Clarithromycin,500mg
Ritrocin,Pulse,Rs 240,Clarithromycin,250mg
Rolite,Libra,Rs 240,Clarithromycin,125mg
Rolite,Libra,Rs 195,Clarithromycin,250mg
Rolite,Libra,Rs 330,Clarithromycin,500mg
Reetag,Tagma,Rs 200,Desloratadine,5mg
Roferon-A,Roche,"Rs 6,448",Interferon Alfa-2a,18MIU
Roferon-A,Roche,Rs 980,Interferon Alfa-2a,3MIU
Roferon-A,Roche,"Rs 3,222",Interferon Alfa-2a,9MIU
Refron,Global-Vision,Rs 471,Interferon Alfa-2b.,3MIU
Recute,Shawan,Rs 365,Isotretinoin Topical,10mg
Recute,Shawan,Rs 182,Isotretinoin Topical,10mg
Seretide Evohaler 25/250mcg,GlaxoSmithKline,"Rs 1,982",Salmeterol,25mcg
Seradep 5mg,Barrett,Rs 160,Escitalopram,
Seradep 10mg,Barrett,Rs 190,Escitalopram,
Seroxat 20mg,GlaxoSmithKline,Rs 496,Paroxetine,
Sinemet,OBS,Rs 257,Carbidopa,25mg
Sofvasc,Wilson's,Rs 178,Amlodipine,5mg
Sert 50mg,Barrett,Rs 450,Sertraline,50mg
Serc 16mg,Abbott Laboratories,Rs 268,Betahistine,16mg
Serc 8mg,Abbott Laboratories,Rs 162,Betahistine,8mg
Sofvasc,Wilson's,Rs 349,Amlodipine,10mg
Survive 10mg,Werick,Rs 170,Simvastatin,
Survive 20mg,Werick,Rs 320,Simvastatin,
Sangobion,Merck,Rs 69,Iron with Multiple Vitamins,
Seroquel 25 mg,ICI Pakistan Limited,Rs 486,Quetiapine,
Seroquel,ICI Pakistan Limited,"Rs 1,713",Quetiapine,100mg
Synalar 30gm,Pharma Health,Rs 178,Fluocinolone,
Stat-A,High-Q,Rs 170,Atorvastatin calcium trihydrate,20mg
Stemetil 5mg,Sanofi,Rs 52,Prochlorperazine,
Stat-A,High-Q,Rs 144,Atorvastatin calcium trihydrate,10mg
Skilax 5mg,Highnoon,Rs 46,Sodium Picosulphate,
Stugeron Tablet,Aspin Pharma,Rs 32,Cinnarizine,25mg
Stugeron Forte,Aspin Pharma,Rs 130,Cinnarizine,75mg
Silliver,Abbott Laboratories,Rs 404,Silymarin,200mg
Sunny D Stat,Scotman,Rs 450,Vitamin D3,"200,000IU"
Sartan 50mg Tablet,Barrett,Rs 290,Losartan Potassium,
Seacal Tablet,Wilson's,"Rs 1,000",,
Sert 100mg,Barrett,Rs 650,Sertraline,100mg
Spasfon,Himont,Rs 348,Phloroglucinol,80mg
Stat-A,High-Q,Rs 230,Atorvastatin calcium trihydrate,40mg
Secnidal 500mg,Sanofi,Rs 102,Secnidazole,500mg
Secnidal Forte,Sanofi,Rs 206,Secnidazole,
Sitagen-M 50/500,Ferozsons,Rs 372,Metformin,50mg
Sulvorid,High-Q,Rs 198,Levosulpiride,50mg
Serc,Abbott Laboratories,Rs 290,Betahistine,24mg
SgIndrop D Soft Gels (200000 IU),Neutro,Rs 350,Vitamin D3,
Salazodine EC 500 mg,Ferozsons,Rs 128,Sulphasalazine,500mg
Scabion Lotion,Atco,Rs 286,Crotamiton,
Serlin,Amarant,Rs 750,Sertraline,100mg
Serlin,Amarant,Rs 430,Sertraline,50mg
Simbex,Searle,Rs 368,Ezetimibe,10mg
Simbex,Searle,Rs 420,Ezetimibe,20mg
Sinaxamol,AGP,Rs 60,Orphenadrine,35mg
Softeal 0.3 % Eye drop,Sante,Rs 295,Hypromellose,
Spasler Neo,AGP,Rs 124,Mebeverine,135mg
SPASMOMEN (Otilonium Bromide) TABLET,Pharmatec,Rs 218,Otilonium Bromide,
Stiemazole Lotion,Stiefel,Rs 214,Clotrimazole,1%
Suxeed Sachet,Aqmar,Rs 105,Folic Acid,
Serenace,Searle,Rs 169,Haloperidol,10mg
Serenace,Searle,Rs 209,Haloperidol,5mg
Sunny D insta Vitamin D3,Scotman,"Rs 1,225",Cholecalciferol,200000IU
Sunvit,High-Q,Rs 179,Cholecalciferol,5mg
S-Gliptin Plus 50mg/1000mg,Barrett,Rs 255,Metformin,
Solophar Oral,Himont,Rs 874,Dequalinium Chloride,Mint Flavour
Seroft 50mg,Pharmatec,Rs 394,Sertraline,
Saltra,Getz Pharma,"Rs 1,359",Salmeterol,25 mcg
Sopral Plus,Bryon,Rs 135,Bisoprolol and Hydrochlorothiazide,5mg
Sopral,Bryon,Rs 284,Bisoprolol,10mg
Sopral,Bryon,Rs 140,Bisoprolol,5mg
Scicon-MR,Scilife,Rs 231,Gliclazide,30mg
Scicon MR,Scilife,Rs 230,Gliclazide,60mg
Steady,Byron,Rs 80,Glimepiride,2mg
Steady,Byron,Rs 90,Glimepiride,3mg
Steady,Byron,Rs 120,Glimepiride,4mg
Silo,Macter,Rs 765,Sitagliptin,100mg
Silo,Macter,Rs 410,Sitagliptin,50mg
Sitaglu,Hilton,Rs 384,Sitagliptin,100mg
Sitaglu,Hilton,Rs 135,Sitagliptin,25mg
Sitaglu,Hilton,Rs 500,Sitagliptin,50mg
Sita met,CCL,Rs 287,Sitagliptin,50mg
Sitaglu Met,Hilton,Rs 263,Sitagliptin,50mg
Sitaglu Met,Hilton,Rs 251,Sitagliptin,50mg
Sonotic,Brookes,Rs 61,Nalbuphine,10mg
Sensocain,Brookes,Rs 21,Bupivacaine,5mg
Sensocain,Brookes,Rs 51,Bupivacaine,0.005
Syngab,Atco,Rs 243,Pregabalin.,100mg
Syngab,Atco,Rs 175,Pregabalin.,50mg
Syngab,Atco,Rs 250,Pregabalin.,75mg
Sulphakream-N,Well.pk,Rs 197,Sulphanilamide,80gm
Syntocinon,Novartis,Rs 10,Oxytocin,5IU
Soneta,Atco,Rs 162,Tizanidine,2mg
S-Choline,Akhai,Rs 56,Suxamethonium,100mg
Skelebenz,Hirani's Pharma,Rs 220,Cyclobenzaprine,15mg
Skelebenz,Hirani's Pharma,Rs 367,Cyclobenzaprine,30mg
Stir-Up 10mg,Nabi Qasim,Rs 480,Memantine,
Sevia,Sami,Rs 190,Valsartan,160mg
Sofvasc-V,Wilson's,Rs 751,Valsartan,10mg
Sofvasc-V,Wilson's,Rs 640,Valsartan,5mg
Sofvasc-V,Wilson's,Rs 493,Valsartan,5mg
Sevia-H,Sami,Rs 215,Valsartan,160mg
Sevia-H,Sami,Rs 154,Valsartan,80mg
Sofvasc HCT,Wilson's,Rs 267,Valsartan,10mg
Sofvas HCT,Wilson's,Rs 91,Valsartan,10mg
Sofvas HCT,Wilson's,Rs 532,Valsartan,10mg
Sofvas HCT,Wilson's,"Rs 1,232",Valsartan,10mg
Sofvas HCT,Wilson's,Rs 784,Hydrochlorothiazide..,5mg
Sandostatin,Novartis,"Rs 1,694",Octreotide Acetate,0.05mg
Solcina,Helix Pharma,Rs 450,Solifenacin Succinate,5mg
Solif,Genix,"Rs 1,425",Solifenacin Succinate,10mg
Solif,Genix,Rs 803,Solifenacin Succinate,5mg
Solifen,Getz Pharma,"Rs 1,050",Solifenacin Succinate,10 mg
Solifen,Getz Pharma,Rs 745,Solifenacin Succinate,5 mg
Servaz,kaizen,Rs 255,Azithromycin,250mg
Servaz,kaizen,Rs 150,Azithromycin,200mg
Servaz,kaizen,Rs 222,Azithromycin,250mg
Servaz,kaizen,Rs 407,Azithromycin,500mg
Stomacol,High-Q,Rs 75,Domperidone,10mg
Santodex,Sante,Rs 255,Dexamethasone,0.1%
Santodex,Sante,Rs 257,Dexamethasone,0.1%
Septran,GlaxoSmithKline,Rs 49,Co-Trimoxazole,480mg
Septran Ds,GlaxoSmithKline,Rs 83,Co-Trimoxazole,960mg
Slorit,Hirani's Pharma,Rs 160,Desloratadine,5mg
Sigmar,Pharmatec,Rs 191,Ebastine,10mg
Sefkin,Saffron,Rs 143,Amikacin,100mg
Sefkin,Saffron,Rs 131,Amikacin,250mg
Sefkin,Saffron,Rs 206,Amikacin,500mg
Spasler-P,AGP,Rs 202,Hyoscine,5mg
Somelinz,Bosch,Rs 97,Esomeprazole,20 mg
Somelinz,Bosch,Rs 283,Esomeprazole,40mg
Somezol,Bosch,Rs 123,Esomeprazole,20mg
Somezol,Bosch,Rs 407,Esomeprazole,40mg
Synalar,Mass-PH Health,Rs 178,Fluocinolone,0.00025
Synalar,Mass-PH Health,Rs 229,Fluocinolone,0.00025
Salmicort,Macter,Rs 750,,
Salmicort,Macter,"Rs 1,050",Fluticasone,25mcg
Salmicort,Macter,Rs 495,Fluticasone,25mcg
S-Flox,Genix,Rs 275,Levofloxacin,250mg
S-Flox,Genix,Rs 350,Levofloxacin,500mg
Savelox,PCW,Rs 117,Levofloxacin,250mg
Savelox,PCW,Rs 184,Levofloxacin,500mg
Savilox,PCW,Rs 193,Levofloxacin,250mg
Spectrix,Pharm Evo,Rs 185,Levofloxacin,250 mg
Spectrix,Pharm Evo,Rs 300,Levofloxacin,500 mg
Stanflox,Stand Pharm,Rs 390,Levofloxacin,500mg
Stanflox,Stand Pharm,Rs 215,Levofloxacin,250mg
Stanflox,Stand Pharm,Rs 369,Levofloxacin,500mg
Starlev,Indus Pharma,Rs 340,Levofloxacin,500mg
Starlev,Indus Pharma,Rs 215,Levofloxacin,250mg
Starlev,Indus Pharma,Rs 335,Levofloxacin,500mg
Spiromide,Searle,Rs 116,Spironolactone,20mg
Spiromide,Searle,Rs 97,Spironolactone,40mg
Smecta,Atco,Rs 33,Dioctahedral Smectite,3 gm
Slate,Sami,Rs 181,Cefaclor,250mg
Slate,Sami,Rs 417,Cefaclor,500mg
Slate,Sami,Rs 119,Cefaclor,50mg|ml
Slate,Sami,Rs 269,Cefaclor,125mg|5ml
Slate,Sami,Rs 212,Cefaclor,187mg|5ml
Slate,Sami,Rs 290,Cefaclor,250mg|5ml
Sionex,Hirani's Pharma,Rs 145,Cefadroxil,500mg
Sionex,Hirani's Pharma,Rs 204,Cefadroxil,125mg|5ml
Sionex,Hirani's Pharma,Rs 253,Cefadroxil,250mg|5ml
Sionex,Hirani's Pharma,Rs 290,Cefadroxil,500mg
Scifix,Scilife,Rs 341,Cefixime,400mg
Scifix,Scilife,Rs 175,Cefixime,100mg|5ml
Scifix,Scilife,Rs 210,Cefixime,200mg|5ml
Seaxim,Semos,Rs 410,Cefixime,400mg
Seaxim,Semos,Rs 229,Cefixime,100mg|5ml
Seaxim,Semos,Rs 282,Cefixime,200mg|5ml
Secure,Wilshire,Rs 318,Cefixime,200mg
Secure,Wilshire,Rs 560,Cefixime,400mg
Secure,Wilshire,Rs 195,Cefixime,100mg|5ml
Secure,Wilshire,Rs 300,Cefixime,100mg|5ml
Secure,Wilshire,Rs 300,Cefixime,200mg|5ml
Serve,kaizen,Rs 118,Cefixime,200mg
Serve,kaizen,Rs 235,Cefixime,400mg
Serve,kaizen,Rs 190,Cefixime,200mg|5ml
Snapcef,Pharmatec,Rs 325,Cefixime,400mg
Snapcef,Pharmatec,Rs 143,Cefixime,100mg|5ml
Spril,Mass-PH Health,Rs 225,Cefixime,100mg
Spril,Mass-PH Health,Rs 265,Cefixime,100mg
Supracef,PCW,Rs 393,Cefixime,400mg
Supracef,PCW,Rs 173,Cefixime,100mg|5ml
Supracef,PCW,Rs 334,Cefixime,200mg|5ml
Swicef,swiss pharma,Rs 213,Cefixime,100mg|5ml
Swicef,swiss pharma,Rs 280,Cefixime,200mg|5ml
Sulbaxon,Continental Pharma,Rs 518,Cefoperazone,2gm
Sulpron,Searle,Rs 325,Cefoperazone,1gm
Sulpron,Searle,Rs 452,Cefoperazone,2gm
Sefoban,Himont,Rs 251,Cefotaxime,1gm
Sefoban,Himont,Rs 114,Cefotaxime,500mg
Sporonil,Global-Vision,Rs 105,Cefotaxime,1gm
Swiftax,Wilshire,Rs 230,Cefotaxime,1gm
Swiftax,Wilshire,Rs 120,Cefotaxime,250mg
Soxtil,Semos,Rs 325,Cefpodoxime,40mg|5ml
Supralox,PCW,Rs 225,Cefpodoxime,40mg|5ml
Satsin,Bryon,Rs 275,Ceftazidime,1gm
Satsin,Bryon,Rs 144,Ceftazidime,500mg
Secatine,KPL,Rs 353,Ceftriaxone,1gm
Snare,CCL,Rs 251,Ceftriaxone,500mg
Snare,CCL,Rs 405,Ceftriaxone,1gm
Sonnet,Saffron,Rs 390,Ceftriaxone,1gm
Sonnet,Saffron,Rs 123,Ceftriaxone,250mg
Sonnet,Saffron,Rs 236,Ceftriaxone,500mg
Stracef,swiss pharma,Rs 120,Ceftriaxone,250mg
Stracef,swiss pharma,Rs 210,Ceftriaxone,500mg
Sulvorid,High-Q,Rs 149,Levosulpiride,25mg
Sita Met,CCL,Rs 269,Metformin,50mg
SEACAL PLUS,Wilson's,"Rs 1,100",,
Seleco,Wilshire,Rs 175,Celecoxib,100mg
Seleco,Wilshire,Rs 173,Celecoxib,200mg
Seloxx,Efroze,Rs 177,Celecoxib,200mg
Sofac,Saffron,Rs 96,Diclofenac Sodium,100mg
Sofac,Saffron,Rs 69,Diclofenac Sodium,50mg
Starcox,Getz Pharma,Rs 200,Etoricoxib,60 mg
Synalgo,Platinum,Rs 163,Flurbiprofen,100mg
S-Gliptin Plus 50mg/500 mg,Barrett,Rs 245,Metformin,
Spedicam,Pharm Evo,Rs 150,Lornoxicam,8mg
Sarcol H,Novins,Rs 210,Losartan Potassium,50mg
Safgo,Saffron,Rs 175,Glimepiride,4 mg
Slix,Matrix,Rs 78,Folic Acid,
SURVIVE AT 10 mg,Werick,Rs 150,,
"Sunny D 5,000 IU 30s",Scotman,Rs 800,Cholecalciferol,5000IU
Sinaxamol Extra,AGP,Rs 240,Orphenadrine and Paracetamol,50mg
Selet 2.5mg,Dawaai,"Rs 4,500",Letrozole,2.5mg
Sinemet Extra,OBS,Rs 152,Co-careldopa,100mg
Simva 10mg,Nabi Qasim,Rs 194,Simvastatin,
Somezol 40mg,Bosch,Rs 225,Esomeprazole,40mg
Sporanox,Janssen,Rs 640,Itraconazole,100mg
Synigan 5ml,Barrett,"Rs 1,000",,
Sartan H 50/12.5mg,Barrett,Rs 320,Hydrochlorothiazide.,
SeaMega Softgel Cap 30's,Wilson's,"Rs 1,300",,
S-Gliptin,Barrett,Rs 840,,
ScabFree Lotion,Atco,Rs 146,,
Spectrazole,Pharma Health,Rs 139,,
Simva,Nabi Qasim,Rs 500,,
Seroft,Pharmatec,Rs 692,Sertraline,100 mg
Spasrid,Barrett,Rs 112,Phloroglucinol and Trimethylphloroglucinol,
Stiemazol,GlaxoSmithKline,Rs 115,Clotrimazole,
Sofvasc HCT,Wilson's,Rs 247,Hydrochlorothiazide..,5mg
Santomet 0.1% 20ml,Sante,Rs 210,"Mometasone, topical",
Simvazaf,Zafa,Rs 141,Simvastatin,10mg
Spadix,Tabroos,Rs 120,Phloroglucinol,80mg
S-Gliptin Plus,Barrett,Rs 240,,
Scipride,Scilife,Rs 196,,
Sitagen-M,Ferozsons,Rs 246,Metformin,50mg
Sitagen-M,Ferozsons,Rs 200,Metformin,50mg
Sita-Met XR,CCL,Rs 363,Metformin,100mg
Scipride,Scilife,Rs 261,Levosulpiride,50 mg
Solo,Pharma Health,Rs 300,,
Sonotic,Brookes,Rs 650,Nalbuphine,20mg
Sustac,Searle,Rs 289,Glyceryl Trinitrate,2.6mg
Sita-Met XR 50/1000mg,CCL,Rs 353,Metformin,50mg
Spasfon,Himont,Rs 862,Phloroglucinol and Trimethylphloroglucinol,
Skin A cream,Atco,Rs 166,"Tretinoin, topical",0.05%
Sunny D Insta 5mg,Scotman,Rs 220,Cholecalciferol,200000IU
Sunny D Absorba Liquid,Scotman,Rs 280,Cholecalciferol,1000IU
Sante,Macter,Rs 196,Omeprazole,40mg
Sante,Macter,Rs 155,Omeprazole,20mg
Sofvasc-HCT 10mg/320mg/25mg,Wilson's,Rs 309,Valsartan+Amlodipine+Hydrochlorothiazide,
Sofvasc-HTC 10mg/160mg/25mg,Wilson's,Rs 270,Valsartan+Amlodipine+Hydrochlorothiazide,
Sokast,Saffron,Rs 320,Montelukast,4 mg
Sokast,Saffron,Rs 380,Montelukast,10 mg
Solo,Atco,Rs 401,Montelukast,4 mg
Solo,Atco,Rs 396,Montelukast,10 mg
Sontel,Schazoo Pharmaceuticals,Rs 746,Montelukast,4 mg
Sontel,Schazoo Pharmaceuticals,Rs 250,Montelukast,10 mg
Sontel,Schazoo Pharmaceuticals,Rs 124,Montelukast,5 mg
Surbex Z,Abbott Laboratories,Rs 681,Multivitamins with Zinc,
Sensicon,Barrett,Rs 230,Atorvastatin calcium trihydrate,10 mg
Santomet,Sante,Rs 163,"Mometasone Furoate, topical",0.1%
Sensival,Pharmadic,Rs 56,,
Sita-Met XR,CCL,Rs 314,Metformin,50mg
Simbrinza,Novartis,"Rs 1,189",,
Savesto 50,Getz Pharma,Rs 650,Sacubitril,24 mg
S-Gliptin 50mg,Barrett,Rs 380,Sitagliptin,
Sofhep,Aspin Pharma,"Rs 5,868",Sofosbuvir,400 mg
Sofvel,Aspin Pharma,"Rs 10,000",Sofosbuvir,400
Silo-M,Macter,Rs 253,,
Sozole-20,Dawaai,Rs 330,,
Sunny D Drops,Scotman,Rs 340,Cholecalciferol,400IU
Sunny D,Scotman,Rs 900,Cholecalciferol,10000IU
Syngab,Atco,Rs 202,Pregabalin.,25mg
Scitide HFA Inhaler,Scilife,Rs 370,,
S.T. Mom,Zafa,Rs 181,Misoprostol,200mcg
Sutent,Pfizer,"Rs 134,560",Sunitinib,12.5mg
Solosin SR,High-Q,Rs 391,Tamsulosin HCl,0.4 mg
Sacvin,Pharm Evo,"Rs 1,660",Sacubitril,49
Sita Met,CCL,Rs 568,Metformin,50mg
Staars,Horizon Pharma,Rs 400,Rosuvastatin calcium,20mg
Suprox,Platinum,Rs 210,Ciprofloxacin,250mg
Solu-Cortef,Pfizer,Rs 192,Hydrocortisone Sodium Succinate,100mg
Silorap,Getz Pharma,Rs 293,Silodosin,4 mg
Silorap,Getz Pharma,Rs 958,Silodosin,8 mg
Seacal Sachets,Wilson's,Rs 34,,
Silimarin,Amson,Rs 123,Silymarin,200 mg
Sitaformin,Titlis Pharma,Rs 193,Metformin,50
Sitaformin,Titlis Pharma,Rs 188,Metformin,50
Simvazaf,Zafa,Rs 250,Simvastatin,20 mg
Starcox,Getz Pharma,Rs 175,Etoricoxib,90 mg
Starcox,Getz Pharma,Rs 210,Etoricoxib,120 mg
Synflex,Martin Dow,Rs 228,"Naproxen, oral",550 mg
Solvocef,Platinum,Rs 368,Cephalexin,500 mg
Stresam,Genetics Pharmaceuticals,Rs 406,Etifoxine,50 mg
Seradep,Barrett,Rs 285,Escitalopram,20 mg
Sofohil,Hilton,"Rs 2,976",Sofosbuvir,400 mg
Sitagen-M XR,Ferozsons,Rs 285,Metformin,50 mg
Sunlex Max,Derm Care,Rs 850,,
Somelinz,Linz,Rs 283,Esomeprazole,40 mg
Sopral,Bryon,Rs 266,Bisoprolol Fumarate,10 mg
Serrafast,Hirani's Pharma,Rs 150,Serratiopeptidase,15 mg
Symbidow,Martin Dow,Rs 183,Budesonide,400 mcg
Sitaglu - Met XR,Hilton,Rs 285,Metformin,50 mg
Sitaglu - Met XR,Hilton,Rs 366,Metformin,100 mg
Sitaglu - Met XR,Hilton,Rs 281,Metformin,50 mg
Sitaphage,Martin Dow,Rs 223,Metformin,50 mg
Sitaphage,Martin Dow,Rs 213,Metformin,50 mg
S.R.D,Seraph,Rs 198,Cinitapride,1 mg
Sitagen,Ferozsons,Rs 356,Sitagliptin,50 mg
Scabion Forte,Atco,Rs 304,Crotamiton,
Sedil,Sami,Rs 69,Cetirizine,10 mg
Selanz,Searle,Rs 200,Lansoprazole,30 mg
Somno Melatonin,Highnoon,Rs 399,,
Sivab,Getz Pharma,Rs 223,Ivabradine,7.5 mg
Serosa,Swansea Pharmaceuticals,Rs 247,Sertraline,50 mg
Swanvit,Swansea Pharmaceuticals,Rs 240,Vitamin C,
Sertazol,Hudson Pharma's,Rs 367,,
Sedil,Sami,Rs 164,Cetirizine,5 mg
Sunny - D,Scotmann,Rs 310,,
Sita,CCL,Rs 381,Sitagliptin,100 mg
Sita,CCL,Rs 245,Sitagliptin,50 mg
Silliver Syrup 120 ml,Abbott Laboratories,Rs 124,,
Sacvin,Pharm Evo,Rs 411,,
Sar-k Plus,Saffron,Rs 176,,
Safepram,Martin Dow,Rs 307,,
Safepram,Martin Dow,Rs 413,,
Spin-Air Inhaler (Dry Powder Inhaler Device),Macter,Rs 700,,
Sarcol,Novins,Rs 140,Losartan Potassium,50 mg
Selcarb,Alianze,Rs 824,,
Savesto,Getz Pharma,Rs 475,,
"Sunny D 5,000 IU 60s",Scotman,Rs 232,Cholecalciferol,5000 IU
Smart Flamingo Soft Collar - 2037 - Medium,Smart Flamingo,"Rs 1,600",,
Softin,Werick,Rs 95,Loratadine,10mg
Somogel 20gm,Abbott Laboratories,Rs 104,Lignocaine,
Serenace,Searle,Rs 46,Haloperidol,5 mg
Softin,Werick,Rs 78,Loratadine,5mg
Senergy-OD,Highnoon,Rs 50,Loratadine,1mg
"SCABION (Crotamiton,Sulphur) 20GM CREAM",Atco,Rs 54,Crotamiton,
Sopral,Bryon,Rs 48,Bisoprolol,2.5mg
Semi Metcon,Efroze,Rs 40,Glibenclamide,1.25mg
Steady,Byron,Rs 35,Glimepiride,1mg
Seizunil,Platinum,Rs 121,Carbamazepine,100mg
Skelgesic,Werick,Rs 87,Tizanidine,2mg
Sevia,Sami,Rs 95,Valsartan,40mg
Santirol,Sante,Rs 58,Dexamethasone,0.1%
Steribiol,Remington,Rs 70,Dexamethasone,0.1%
Septran Ds,GlaxoSmithKline,Rs 91,Co-Trimoxazole,480mg
Septran,GlaxoSmithKline,Rs 62,Co-Trimoxazole,240mg
Steridex,Kobec,Rs 67,Dexamethasone,0.10%
Slorit,Hirani's Pharma,Rs 80,Desloratadine,0.5mg|ml
SurTablet,Akhai,Rs 60,Cetirizine,10mg
Synalar-C,Mass-PH Health,Rs 97,Fluocinolone,0.00025
Sefoban,Himont,Rs 94,Cefotaxime,250mg
Sporonil,Global-Vision,Rs 43,Cefotaxime,250mg
Sporonil,Global-Vision,Rs 81,Cefotaxime,500mg
Satsin,Bryon,Rs 100,Ceftazidime,250mg
Snare,CCL,Rs 166,Ceftriaxone,250mg
Seloxx,Efroze,Rs 97,Celecoxib,100mg
Sofac-P,Saffron,Rs 63,Diclofenac potassium,50mg
Spon-K,Davis Pharma,Rs 43,Diclofenac potassium,50mg
Sofac,Saffron,Rs 31,Diclofenac Sodium,75mg|3ml
Spectrazole G,Mass-PH Health,Rs 92,Clotrimazole,
Silimarin,Amson,Rs 92,Silymarin,100mg
Sangobion 120ml,Martin Dow,Rs 117,,
Serenace,Searle,Rs 68,Haloperidol,1.5mg
Sepidyl Topical,Aspin Pharma,Rs 60,,
Sepidyl Topical,Aspin Pharma,Rs 127,,
Scot's Expectorant,Scotman,Rs 95,Aminophylline,
Seizunil Tablet,Platinum,Rs 147,Carbamazepine,200mg
Safty Pins,Dawaai,Rs 40,,
Siroline,Le Mendoza,Rs 100,,
Saniplast Spot - Antiseptic First Aid Bandage 20 Pcs. Pack Pcs,Saniplast,Rs 65,,
SOIS'S Folic Acid 800 Mcg 100 Tablets,Sois Life Sciences,Rs 95,,
Surbex-T,Abbott Laboratories,Rs 168,Vitamin B complex plain and with Vitamin C,
Singular,OBS,"Rs 1,205",Montelukast,5mg
Singulair,OBS,"Rs 1,302",Montelukast,10mg
Sustac,Searle,Rs 320,Glyceryl Trinitrate,6.4mg
Systane,Alcon Pharma,Rs 999,Polyethylene Glycol and Propylene Glycol,
Spasmo-Cibalgin,Novartis,Rs 27,Hexahydroadiphenine,
Seroxat CR 12.5mg,GlaxoSmithKline,Rs 402,Paroxetine,
Sibelium,Aspin Pharma,Rs 145,Flunarizine,5mg
Seroxat CR Tablet 25mg,GlaxoSmithKline,Rs 663,Paroxetine,
Singulair 4mg,OBS,"Rs 1,530",Montelukast,
Seretide Diskus,GlaxoSmithKline,Rs 825,Salmeterol,50mg
Skinoren,Bayer,Rs 395,"Azelaic Acid, Topical",
Singular 4mg Granules (Paediatric),MSD,Rs 55,Montelukast,
Salbo,Getz Pharma,Rs 352,Salbutamol,100 mcg
Seretide Diskus,GlaxoSmithKline,Rs 940,Fluticasone,50
Sinemet Plus 25 mg /100 mg,OBS,Rs 150,Co-careldopa,
Stieprox,GlaxoSmithKline,Rs 300,"Ciclopirox Olamine, Topical",
Stilnox 10MG TABLET,Sanofi,Rs 514,Zolpidem,
SEACAL SACHETS,Wilson's,Rs 250,,
Sparaxin 100mg,Abbott Laboratories,Rs 678,,
Samerol-N,Sami,Rs 38,Orphenadrine and Paracetamol,
Sopral Plus,Bryon,Rs 274,Bisoprolol,10mg
Sugral,Rakahposhi,Rs 60,Glimepiride,2mg
Sugral,Rakahposhi,Rs 150,Glimepiride,3mg
Sugral,Rakahposhi,Rs 200,Glimepiride,4mg
Sunpride,Batala Pharma,Rs 75,Glimepiride,3mg
Sita,CCL,Rs 660,Sitagliptin,100 mg
Sita,CCL,Rs 446,Sitagliptin,50 mg
Segesic,Saydon,Rs 80,Buprenorphine,0.2mg
Segon,Saydon,Rs 20,Pentazocine,25mg
Sosegon,Sanofi,Rs 126,Pentazocine,
Soseno,Dosaco,Rs 109,Pentazocine,30mg
Sterelon,Hansel,Rs 110,Mesterolone,25mg
Sadmic,Zeb,Rs 28,Carbamazepine,200mg
Seizunil,Platinum,Rs 42,Carbamazepine,200mg
Seizunil,Platinum,Rs 33,Carbamazepine,400mg
Setril,Saydon,Rs 24,Clonazepam,0.5mg
Setril,Saydon,Rs 48,Clonazepam,2mg
Sportin,Avant,Rs 500,Lamotrigine,100mg
Sportin,Avant,Rs 300,Lamotrigine,25mg
Sportin,Avant,Rs 400,Lamotrigine,50mg
Syngab,Atco,Rs 211,Pregabalin.,200mg
Seziril,Medizan,Rs 850,Topiramate,25mg
Seziril,Medizan,"Rs 1,500",Topiramate,50mg
Skelwin,Wns Field,Rs 102,Tizanidine,2mg
Sothonum,Fynk,Rs 32,Suxamethonium,100mg
Suxal,Global Pharma,Rs 35,Suxamethonium,100mg
Suxam,Cirin,Rs 38,Suxamethonium,100mg
Suxamethonium inj,Goodman,Rs 39,Suxamethonium,100mg
Suxamethonium inj,Haji medicine,Rs 38,Suxamethonium,100mg
Suxinium,Mediceena,Rs 32,Suxamethonium,100mg
Sofvasc OLM,Wilson's,Rs 450,Olmesartan Medoxomil,5mg
Sofvasc OLM,Wilson's,Rs 675,Amlodipine,5mg
Sevia,Sami,Rs 125,Valsartan,80mg
Salmocal,S.J. & G. Fazul Ellahie,Rs 299,Salcatonin,100IU
Salmocal Nasal,S.J. & G. Fazul Ellahie,"Rs 2,801",Salcatonin,200IU
Solicep,Genome Pharma,Rs 683,Solifenacin Succinate,10mg
Solicep,Genome Pharma,Rs 410,Solifenacin Succinate,5mg
Sapzith,Sapient,Rs 150,Azithromycin,250mg
Simzith,Simz,Rs 255,Azithromycin,250mg
Spell,Tagma,Rs 140,Azithromycin,200mg
Spell,Tagma,Rs 150,Azithromycin,250mg
Syzcin,Sayyed,Rs 255,Azithromycin,250mg
Syzcin,Sayyed,Rs 153,Azithromycin,250mg
Syzcin,Sayyed,Rs 125,Azithromycin,500mg
Syzcin,Sayyed,Rs 238,Azithromycin,500mg
Syzcin,Sayyed,Rs 165,Azithromycin,200mg
Simulect,Novartis,"Rs 158,173",Basiliximab,20mg
Solium,Medicaids,Rs 373,Domperidone,10mg
Stardone,Star,Rs 28,Domperidone,10mg
Stomeze,Werick,Rs 29,Domperidone,10mg
Sevidon-V,Bloom Pharma,Rs 215,Domperidone Maleate,10mg
Santodex,Sante,Rs 230,Dexamethasone,0.1%|0.3%
Saydetron Ds,Saydon,Rs 25,Trimethoprim,160mg|800mg
Septazole,Irza,Rs 269,Trimethoprim,80mg|400mg
Siltran,Xenon,Rs 12,Trimethoprim,80mg|400mg
Siltran Ds,Xenon,Rs 13,Trimethoprim,160mg|800mg
Sulforin,Don Valley,Rs 245,Trimethoprim,160mg|800mg
Sapdis,Sapient,Rs 204,Clarithromycin,250mg
Silkocin,Hizat,Rs 270,Clarithromycin,250mg
Silkocin,Hizat,Rs 500,Clarithromycin,500mg
Stamentin,Stallion,Rs 105,Amoxicillin,125mg|31mg
Stavomox,Star,Rs 109,Amoxicillin,250mg|62mg
Stavomox,Star,Rs 120,Amoxicillin,500mg|125mg
Spersadexoline,Novartis,Rs 113,Dexamethasone,1mg
Saydetron,Saydon,Rs 13,Trimethoprim,80mg
Saydetron Ds,Saydon,Rs 25,Trimethoprim,160mg
Semozol,Semos,Rs 290,Trimethoprim,80mg
Semozol Ds,Semos,Rs 18,Trimethoprim,160mg
Tenormin,ICI Pakistan Limited,Rs 398,Atenolol,100mg
Tenormin,ICI Pakistan Limited,Rs 148,Atenolol,25mg
Tenormin,ICI Pakistan Limited,Rs 313,Atenolol,50mg
Tritace,Sanofi,Rs 502,Ramipril,2.5mg
Tritace,Sanofi,Rs 669,Ramipril,10mg
Thyroxine,GlaxoSmithKline,Rs 239,Levothyroxine,
Tiovair,Highnoon,Rs 233,Tiotropium,18mcg
Tres Orix Forte,Highnoon,Rs 179,Appetite Stimulant,
Tiovair-F,Highnoon,Rs 330,Tiotropium,18 mcg
Tenoret,ICI Pakistan Limited,Rs 261,Atenolol,50mg
Transamin,Hilton,Rs 167,Tranexamic Acid,250mg
Transamin,Hilton,Rs 336,Tranexamic Acid,500mg
Tarivid 200mg,Sanofi,Rs 392,Ofloxacin,
Travatan,Novartis,"Rs 1,405",Travoprost,40 micrograms
Telfast,Sanofi,Rs 539,Fexofenadine,180mg
Treatan,Pharm Evo,Rs 305,Candesartan Cilexetil,8 mg
Tryptanol,OBS,Rs 26,Amitriptyline,25mg
Tamsol-D,Global Pharma,"Rs 2,117",Tamsulosin HCl,0.4mg
Travocort Cream,Bayer,Rs 210,Diflucortolone,0.1
Treatan 4mg,Pharm Evo,Rs 285,Candesartan Cilexetil,
Trimelasin,Valor-Al Hameed,Rs 405,Hydroquinone,30gm
Torex-IR,Platinum,Rs 152,Naproxen,550mg
Tearkool,Kobec Health Sciences,Rs 244,Hypromellose,0.3%
Terbiderm Forte 250mg,Atco,Rs 675,Terbinafine,
Tricardin,Trigen Pharmaceutical,Rs 433,,
Tansin,Pharm Evo,Rs 201,Losartan Potassium,50mg
T-day,GlaxoSmithKline,Rs 124,Levocetirizine,2.5mg
Tamsolin,Getz Pharma,Rs 704,Tamsulosin HCl,0.4 mg
Tanakan 40mg,Atco,Rs 370,Ginko Biloba containing preps,
The Vitamin Company Super Ginseng,The Vitamin Company,"Rs 2,500",,
The Vitamin Company Folic Acid,The Vitamin Company,Rs 750,,
Tanzo,Bosch,"Rs 1,106",Piperacillin,4.5gm
Transamin,Hilton,Rs 83,Tranexamic Acid,250mg
Transamin,Hilton,Rs 152,Tranexamic Acid,500mg
Tanzo,Bosch,Rs 537,Piperacillin,2.25gm
Telfast D,Sanofi,Rs 223,Fexofenadine,60mg
Telsarta 40mg Tablet,Pharm Evo,Rs 250,Telmisartan,
Tobrex 0.3% 5ml Eye Drop,Alcon Pharma,Rs 298,Tobramycin,
TRAVOGEN ( Isoconazole nitrate ) 10GM CREAM,Bayer,Rs 147,Isoconazole,
Treatan,Pharm Evo,Rs 473,Candesartan Cilexetil,16mg
Tenofo-B,Getz Pharma,"Rs 4,000",Tenofovir Disoproxil,300 mg
Tibol,Aspin Pharma,"Rs 1,155",Tibolone,2.5 mg
Triforge,Highnoon,Rs 98,Amlodipine,10mg
Teph,Sami,Rs 196,Omeprazole,40mg
Tagip,Highnoon,Rs 294,Sitagliptin,100mg
Tagip,Highnoon,Rs 126,Sitagliptin,25mg
Tagip,Highnoon,Rs 210,Sitagliptin,50mg
Trevia,Getz Pharma,Rs 383,Sitagliptin,100 mg
Trevia,Getz Pharma,Rs 250,Sitagliptin,50 mg
TagipMet,Highnoon,Rs 360,Sitagliptin,50mg
TagipMet,Highnoon,Rs 224,Sitagliptin,50mg
TreviaMet,Getz Pharma,Rs 269,Sitagliptin,50 mg
TreviaMet,Getz Pharma,Rs 262,Sitagliptin,50 mg
Tamadol,Highnoon,Rs 33,Tramadol,100mg
Tonoflex Sr,Sami,Rs 364,Tramadol,100mg
Tradol,Pharmadic,Rs 90,Tramadol,50mg
Tramagesic,Popular,Rs 44,Tramadol,100mg
Tramal,Searle,Rs 92,Tramadol,100mg
Tramal,Searle,Rs 355,Tramadol,100mg
Tramapar,Efroze,Rs 200,Tramadol,37.5mg
Telox,Platinum,Rs 96,Oxcarbazepine,150mg
Telox,Platinum,Rs 129,Oxcarbazepine,300mg
Telox,Platinum,Rs 319,Oxcarbazepine,600mg
Trioptal,Novartis,Rs 581,Oxcarbazepine,600mg
Tics-G,Genix,"Rs 1,200",Topiramate,50mg
Tomax,Schazoo Pharmaceuticals,Rs 250,Topiramate,100mg
Tomax,Schazoo Pharmaceuticals,Rs 150,Topiramate,25mg
Tomax,Schazoo Pharmaceuticals,Rs 250,Topiramate,50mg
Topagen,Genetics Pharmaceuticals,Rs 291,Topiramate,25mg
Topagen,Genetics Pharmaceuticals,Rs 355,Topiramate,50mg
Topilep,Cellande Gene,Rs 308,Topiramate,50mg
Topirama,Platinum,Rs 240,Topiramate,100mg
Topirama,Platinum,Rs 241,Topiramate,25mg
Topirama,Platinum,Rs 320,Topiramate,50mg
Topiro,Adamjee Pharmaceuticals,Rs 390,Topiramate,100mg
Topiro,Adamjee Pharmaceuticals,Rs 213,Topiramate,25mg
Topiro,Adamjee Pharmaceuticals,Rs 322,Topiramate,50mg
Torate,CCL,Rs 277,Topiramate,25mg
Torate,CCL,Rs 373,Topiramate,50mg
Terlax,Barrett,Rs 180,Tizanidine,2mg
Terlax,Barrett,Rs 280,Tizanidine,4mg
Ternelin,Novartis,Rs 274,Tizanidine,2mg
Thiolax,S.J. & G. Fazul Ellahie,Rs 266,Thiocolchicoside,4mg
Tasmi,Getz Pharma,Rs 135,Telmisartan,20 mg
Tasmi,Getz Pharma,Rs 207,Telmisartan,40 mg
Tasmi,Getz Pharma,Rs 273,Telmisartan,80 mg
Telsan,Hilton,Rs 260,Telmisartan,20mg
Telsan,Hilton,Rs 234,Telmisartan,40mg
Telsan,Hilton,Rs 305,Telmisartan,80mg
Telsarta,Pharm Evo,Rs 160,Telmisartan,20mg
Telsarta,Pharm Evo,Rs 182,Telmisartan,80mg
Telsitan,Macter,Rs 400,Telmisartan,40mg
Telsitan,Macter,Rs 300,Telmisartan,80mg
Telsitan,Macter,Rs 600,Telmisartan,80mg
Telmis H,Genix,Rs 364,Telmisartan,40mg
Telsarta D,Pharm Evo,Rs 207,Telmisartan,40mg
Telsarta D,Pharm Evo,Rs 280,Telmisartan,80mg
Telsitan-H,Macter,Rs 295,Telmisartan,40mg
Treatan D,Pharm Evo,Rs 406,Candesartan Cilexetil,16mg
Tyloric,Titlis Pharma,Rs 350,Febuxostat,40mg
Toldex,Icon,Rs 275,Tolterodine,2mg
Toldin,Sante,Rs 379,Tolterodine,2mg
Tolodin,Valor,Rs 195,Tolterodine,1mg
Tolodin,Valor,Rs 466,Tolterodine,2mg
Tobra-D,Schazoo Pharmaceuticals,Rs 225,Dexamethasone,0.1%
Tobracin-D,Helix Pharma,Rs 217,Dexamethasone,0.1%
Tobradex,Novartis,Rs 600,Dexamethasone,0.1%
Tobradex,Novartis,Rs 642,Dexamethasone,0.1%
Tobrasone,Himont,Rs 155,Dexamethasone,0.1%
Tobra 0.3%,Ophth Pharma,Rs 119,Dexamethasone,0.1%
Timequin,Sami,Rs 35,Dihydroartemisinin,15mg
Tretiderm,Derma Techno,Rs 120,Isotretinoin Topical,0.05%
Trutil,Pharmix,Rs 130,Esomeprazole,40mg
Toposide,Pharmadic,Rs 669,Etoposide,100mg
Technozole,Derma Techno,Rs 159,Fluconazole,150mg
Triazolin,Mass-PH Health,Rs 300,Fluconazole,150mg
Tarisin,Sante,Rs 365,Flunisolide,0.025%
Top Gel MCA,Valor,Rs 148,Fluocinolone,0.00025
Ticovate,Saffron,Rs 182,Fluticasone Propionate,0.05%
Ticovate,Saffron,Rs 380,Fluticasone Propionate,0.05%
Tavanic,Sanofi,"Rs 1,378",Levofloxacin,500mg
Tavanic,Sanofi,Rs 871,Levofloxacin,250mg
Tavanic,Sanofi,Rs 904,Levofloxacin,500mg
Trimzak,Schazoo Pharmaceuticals,Rs 280,Orlistat,120mg
Trupril,Scilife,Rs 184,Lisinopril dihydrate,10mg
Telsarta-A,Pharm Evo,Rs 180,Amlodipine,10mg
Teph,Sami,Rs 158,Omeprazole,20mg
Teph,Sami,Rs 375,Omeprazole,40mg
Triforge,Highnoon,Rs 91,Valsartan+Amlodipine+Hydrochlorothiazide,10mg
Toradol,Martin Dow,Rs 78,Ketorolac Trometamol,10mg
Toradol,Martin Dow,Rs 155,Ketorolac tromethamine,30mg
Torapan,Valor,Rs 96,Ketorolac Trometamol,30mg
Tromit,Stand Pharm,Rs 130,Ketorolac Trometamol,30mg
Tyladol,Bryon,Rs 534,Paracetamol,500mg
Terbiderm 1%,Atco,Rs 257,Terbinafine,10mg
Tycef,Helix Pharma,Rs 394,Cefixime,400mg
Tycef,Helix Pharma,Rs 215,Cefixime,100mg
Tycef,Helix Pharma,Rs 200,Cefixime,100mg
Tycef,Helix Pharma,Rs 285,Cefixime,200mg
Tysen,Himont,Rs 234,Cefixime,200mg
Tysen,Himont,Rs 448,Cefixime,400mg
Tysen,Himont,Rs 234,Cefixime,100mg
Tysen,Himont,Rs 300,Cefixime,200mg
Toxirid,Global-Vision,Rs 250,Cefoperazone,5oomg
Toxirid,Global-Vision,Rs 350,Cefoperazone,1000mg
Taxomic,Linz,Rs 150,Cefotaxime,1gm
Tizid,Stand Pharm,Rs 192,Ceftazidime,250mg
Tizid,Stand Pharm,Rs 209,Ceftazidime,500mg
Tezox,Bosch,Rs 300,Ceftizoxime,1gm
Tezox,Bosch,Rs 180,Ceftizoxime,500mg
Tefno,Searle,Rs 430,Ceftriaxone,1gm
Tefno,Searle,Rs 162,Ceftriaxone,250mg
Tavist,Macter,Rs 173,Atorvastatin calcium trihydrate,10mg
Terbiderm Tab 125mg 1x10's,Atco,Rs 402,Terbinafine,
Tefno,Searle,Rs 264,Ceftriaxone,500mg
Titan,Macter,Rs 390,Ceftriaxone,1gm
Titan,Macter,Rs 141,Ceftriaxone,250mg
Titan,Macter,Rs 540,Ceftriaxone,2gm
Titan,Macter,Rs 230,Ceftriaxone,500mg
Traxon,Akhai,Rs 481,Ceftriaxone,1gm
Triax,Wilshire,Rs 210,Ceftriaxone,500mg
Triax,Wilshire,Rs 340,Ceftriaxone,1gm
Triject,Nabi Qasim,Rs 210,Ceftriaxone,1gm
Triject,Nabi Qasim,Rs 102,Ceftriaxone,250mg
Triject,Nabi Qasim,Rs 140,Ceftriaxone,500mg
Total-One Plus Tablets,Martindale Health Care,Rs 900,,
Tercica,Sami,Rs 157,Dexibuprofen,300mg
Tercica,Sami,Rs 582,Dexibuprofen,400mg
Tablet Xylor 10 mg,Atco,Rs 246,Loratadine,
Tab Suprimun 500mg,Allmed Labs,"Rs 1,200",,
Terbimax,Maxitech Pharma,Rs 575,"Terbinafine,Oral",250mg
Treviamet XR,Getz Pharma,Rs 330,Sitagliptin,50 mg
Triton Oint 0.1% 15g,Pharma Health,Rs 170,"Triamcinolone, Topical",
Typbar,Amson,Rs 599,Typhoid vaccine,
Triforge,Highnoon,Rs 86,,
Terbisil 250 mg,Saffron,Rs 575,Terbinafine,
Terbisil 1 %,Saffron,Rs 254,"Terbinafine,Oral",
TagipMet XR,Highnoon,Rs 360,Sitagliptin,50mg
Tinostol,Bristol Mayer Biotech Pakistan,"Rs 3,300",,
Tracrium 50mg,GlaxoSmithKline,"Rs 1,225",Atracurium Besylate,
Tracetol,Aspin Pharma,Rs 130,Tramadol and Paracetamol,37.5
Tradol 100mg,Pharmadic,Rs 195,Tramadol,
Tinostol Sachet 10's,Bristol Mayer Biotech Pakistan,Rs 270,,
Tygacil,Pfizer,"Rs 5,655",Tigecycline,50mg
Telsarta A 5/80mg,Pharm Evo,Rs 287,Amlodipine,5mg
Terbisil 125mg,Saffron,Rs 400,Terbinafine,
TagipMet XR,Highnoon,Rs 294,Sitagliptin,100mg
Tepride 50mg,Shaigan,Rs 240,Itopride,
TagipMet XR,Highnoon,Rs 259,Metformin,50mg
Telsarta A,Pharm Evo,Rs 207,Amlodipine,5 mg
Tamsolin Plus,Getz Pharma,"Rs 1,210",Dutasteride,0.4mg
Treviamet XR,Getz Pharma,Rs 335,Metformin,50 mg
Triforge,Highnoon,Rs 93,Amlodipine,10mg
Toujeo,Sanofi,"Rs 3,040",Insulin Glargine,300IU
Tariflox 200mg,Bosch,Rs 150,,
Trimetabol 150ml,Sami,Rs 191,Metopine,
Ticon,Amarant,Rs 142,Ketoprofen,0.25
Treviamet,Getz Pharma,Rs 260,Metformin,50 mg
Ticovate,Saffron,Rs 448,,
Tormax gel 10% 25gm,Platinum,Rs 232,,
Tears Forte,Sante,Rs 233,Dextran,0.1%
Traxacid,Asian Continental,Rs 99,Tranexamic Acid,250mg
Trulicity,Eli Lilly,"Rs 7,297",Dulaglutide,1.5 mg
Triforge,Highnoon,Rs 84,Amlodipine,5mg
Terbiderm,Atco,Rs 361,Terbinafine,1% w
Tobrex,Alcon Pharma,Rs 437,Tobramycin,0.3 %
Tramagesic,PCW,Rs 138,Tramadol,50 mg
Tramed,ICI Pakistan Limited,Rs 209,Tramadol,50 mg|ml
Tramal Plus,Searle,Rs 173,Tramadol,37.5mg
TERBISIL 20ML LOTION,Saffron,Rs 380,,
Terbin-Ds,Searle,Rs 570,,
Testoviron Depot,Bayer,Rs 133,Testosterone Oenanthate,250mg
Tormax,Platinum,Rs 176,,
Tigasor,Maxitech Pharma,Rs 275,Acitretin,10mg
Tigasor,Maxitech Pharma,Rs 798,Acitretin,25mg
Trisil,Efroze,Rs 26,Aluminium Hydroxide,
Tizorel,Martin Dow,Rs 141,Tizanidine,2mg
Telsarta-A,Pharm Evo,Rs 151,Telmisartan,40mg
Tair,Wilshire,Rs 255,Montelukast,10 mg
Tair,Wilshire,Rs 208,Montelukast,5 mg
Tesmic,Zafa,Rs 15,Terbutaline Inj/Oral,2.5 mg
Tioget,Getz Pharma,Rs 249,Tiotropium bromide,18 mcg
Telmis-A,Genix,Rs 504,Amlodipine,80mg
Teardrop,Hudson Pharma's,Rs 146,Sodium Carboxymethylcellulose,
Travson,Hudson Pharma's,Rs 586,Travoprost,
Tansin-DS,Pharm Evo,Rs 310,Losartan Potassium,100mg
Trapeze,Scotman,Rs 176,Sitagliptin,50mg
Trapeze Plus,Scotman,Rs 376,Sitagliptin,50mg
Trapeze Plus,Scotman,Rs 459,Sitagliptin,50mg
Torason,Hudson Pharma's,Rs 699,Ketorolac tromethamine,30 mg
Thewril,Pharm Evo,Rs 210,Thiocolchicoside,4 mg
Triplixam,Servier,"Rs 1,140",Amlodipine,5mg
Taxotere,Sanofi,"Rs 8,000",Docetaxel,20mg
Triton,Mass-PH Health,Rs 528,Triamcinolone,40mg
Targocid,Sanofi,"Rs 2,657",Teicoplanin,200mg
Targocid,Sanofi,"Rs 5,315",Teicoplanin,400mg
Telox,Platinum,Rs 479,Oxcarbazepine,300mg
Treviamet XR,Getz Pharma,Rs 670,Metformin,100 mg
Telmis,Genix,Rs 378,Telmisartan,40mg
Tonoflex-P,Sami,Rs 206,Paracetamol,325mg
Travost,Sante,Rs 590,Travoprost,0.004%
Telmis,Genix,Rs 200,Telmisartan,20 mg
Trikat MR,Next Pharmaceutical,Rs 450,Trimetazidine dihydrochloride,35 mg
Tisamide,Titlis Pharma,Rs 240,Lacosamide,
Tiflex,Titlis Pharma,Rs 123,Tizanidine,2 mg
Tyloric,Titlis Pharma,Rs 175,Febuxostat,40 mg
Tyloric,Titlis Pharma,Rs 295,Febuxostat,80 mg
Tisamide,Titlis Pharma,Rs 168,Lacosamide,50 mg
Tisamide,Titlis Pharma,Rs 280,Lacosamide,100 mg
Tretigen,Mass-PH Health,Rs 871,Isotretinoin Oral,20 mg
Tonoflex,Sami,Rs 195,Tramadol,50 mg
Tercica,Sami,Rs 89,Daxibuprofen,200 mg
Tonoflex,Sami,Rs 59,Tramadol,100 mg
Telfast,Sanofi,Rs 323,Fexofenadine HCI,60 mg
Telfast,Sanofi,Rs 539,Fexofenadine,120 mg
Ticovate,Saffron,Rs 348,Fluticasone Propionate,
Typhodex,Genix,Rs 199,Dexamethasone,
Tenovir-AF,CCL,"Rs 2,714",Tenofovir Alafenamide,25 mg
Tenovir,CCL,"Rs 1,176",Tenofovir Disoproxil,300 mg
Tolsura,Hirani's Pharma,Rs 350,Itraconazole,100 mg
Tofajak,Hirani's Pharma,"Rs 3,650",Tofacitinib,5 mg
Tasmi AM,Getz Pharma,Rs 217,Amlodipine besylate,5 mg
Tazbac,Genix,"Rs 1,323",Piperacillin,4.5 gm
Tazbac,Genix,Rs 510,Piperacillin,2.25 gm
Terbinasav,Serving Health Pakistan,Rs 530,Terbinafine,250 mg
Terbinasav,Serving Health Pakistan,Rs 313,Terbinafine,125 mg
Tobracin,Helix Pharma,Rs 163,Tobramycin,0.3 %
Toni-5,AGP,Rs 331,Supplements,
Truglif,AGP,Rs 350,Empagliflozin,10 mg
Truglif,AGP,Rs 460,Empagliflozin,25 mg
Truglif Met,AGP,Rs 350,Empagliflozin,12.5 mg
Tapento IR,Sami,Rs 330,,
TEpH Insta Sugar Free,Sami,Rs 17,Omeprazole,20 mg
Tobcoid,Hudson Pharma's,Rs 195,,
T-Day,GSK Consumer Healthcare,Rs 113,Levocetirizine,5 mg
TruGlif Met,AGP,Rs 200,Empagliflozin,12.5 mg
Tio-Veez,Macter,Rs 200,Tiotropium bromide,18 mcg
Tornil,kaizen,Rs 60,Flurbiprofen,100 mg
TriHEMIC,LCI,Rs 81,Iron with Multiple Vitamins,600 mg
Tingnum,Hirani's Pharma,Rs 450,,
Tovitt,Wilshire,Rs 806,,
Tasmi AM,Getz Pharma,Rs 199,,
Trevia R2,Getz,Rs 321,,
Trygil,Tabros Pharma,Rs 79,,
Torib,Searle,Rs 176,,
Tagipmet XR,Highnoon,Rs 390,Metformin,50mg
Toot Siah Syrup 60 ml Bottle,Qarshi,Rs 105,,
Toot Siah Syrup 120ml,Medics,Rs 172,,
Tears Plus Eye Drops 10ml,Barrett,Rs 96,Polyvinyl Alcohol,
Tempramine,Wood Wards,Rs 117,Chlorpheniramine,120ml
Testonon,Zafa,Rs 61,Testosterone Oenanthate,250mg
Trupril,Scilife,Rs 111,Lisinopril dihydrate,5mg
Tempol,Wood Wards,Rs 7,Paracetamol,250mg
Tyladol Plus,Bryon,Rs 36,Paracetamol,250mg
Taxomic,Linz,Rs 50,Cefotaxime,250mg
Taxomic,Linz,Rs 85,Cefotaxime,500mg
Tezox,Bosch,Rs 100,Ceftizoxime,250mg
Torfen,kaizen,Rs 86,Ibuprofen,200mg
Troz,Bosch,Rs 95,Metronidazole,500 mg
Talergin 10mg Tablet,Wilson's,Rs 74,Loratadine,
Tandegyl 1mg,GlaxoSmithKline,Rs 31,Clemastine,
Tempramine,Wood Wards,Rs 72,Chlorpheniramine,
Tinct. Benzoin Compound,KCI Pharma,Rs 48,,
Tradol,Pharmadic,Rs 90,Tramadol,50 mg|ml
Tyladol,Bryon,Rs 36,Paracetamol,250 mg
Tesmic,Zafa,Rs 43,Terbutaline Inj/Oral,0.3 mg|ml
Tyrillin,Titlis Pharma,Rs 66,diphenhydramine,
Tritace,Sanofi,Rs 605,Ramipril,5mg
Telfast,Sanofi,Rs 161,Fexofenadine HCI,60 mg
Telfast,Sanofi,Rs 449,Fexofenadine,120 mg
Tegral,Novartis,Rs 64,Carbamazepine,200mg
Tramal,Searle,Rs 198,Tramadol,50mg
Trusopt,OBS,"Rs 1,522",Dorzolamide,0.02
Timoptol,OBS,Rs 168,Timolol,0.005
Tears Naturale,Alcon Pharma,Rs 312,Hypromellose,
Tybar Injection 0.5ml,Amson,Rs 399,,
Tienam,OBS,"Rs 1,085",Imipemide,500mg
Thyronorm,Abbott Laboratories,Rs 233,Levothyroxine,50mcg
Tagamet 400mg,GlaxoSmithKline,Rs 124,Cimetidine,
Toxinil,Wilson's,Rs 536,Multivitamin with Mineral,
Tagamet 200mg,GlaxoSmithKline,Rs 51,Cimetidine,
The Vitamin Company Sublingual,The Vitamin Company,Rs 500,,
The Vitamin Company Ultra Relief,The Vitamin Company,Rs 450,,
The Vitamin Company Red Yeast,The Vitamin Company,Rs 500,,
The Vitamin Company Garlic,The Vitamin Company,Rs 500,,
Ternelin,Novartis,Rs 465,Tizanidine,4mg
Theragran H,GlaxoSmithKline,Rs 86,Iron with Multiple Vitamins,
Topmate,Maple,Rs 180,Topiramate,25mg
Topmate,Maple,Rs 250,Topiramate,50mg
Trihemic 600,Wyeth,Rs 68,Iron with Multiple Vitamins,600 mg
TENZ  TIZPA  2.MG TAB 10'S,S.J. & G. Fazul Ellahie,Rs 147,Tizanidine,
Tagozer,Bryon,Rs 143,Pioglitazone,45mg
Tagozer-G,Bryon,Rs 101,Pioglitazone,30mg
Trevia,Getz Pharma,Rs 112,Sitagliptin,25 mg
Temfin,Ceicel,Rs 100,Buprenorphine,0.3mg
Tempol -C,Wood Wards,Rs 22,Codeine,15mg
T-Dol,Alina,Rs 106,Tramadol,50mg
T-Mod,Fynk,Rs 28,Tramadol,100mg
Tamadol,Highnoon,Rs 105,Tramadol,50mg
Tamrol,Dosaco,Rs 32,Tramadol,100mg
Tonoflex,Sami,Rs 89,Tramadol,50mg
Tonoflex,Sami,Rs 36,Tramadol,50mg
Tramed,Cirin,Rs 137,Tramadol,50mg
Traumanil,LCPW,Rs 115,Tramadol,50mg
Traumanil,LCPW,Rs 38,Tramadol,100mg
Tremomed,Medicraft,Rs 90,Tramadol,50mg
Testosteron Inj,Geofman,Rs 44,Testosterone,250mg
Testosteron Inj,Schering-Plough,Rs 271,Testosterone,250mg
Tegram,Mediate,Rs 28,Carbamazepine,200mg
Teril,Martin Dow,Rs 59,Carbamazepine,200mg
Ulsanic,Highnoon,Rs 159,Sucralfate,1 gm
Urso,AGP,Rs 600,Ursodeoxycholic Acid,250mg
Urso,AGP,"Rs 1,000",Ursodeoxycholic Acid,500mg
Urodonal   Granules  ( syrup),Opal,Rs 346,Hexamine Granules,
Urgesin,AGP,Rs 880,Solifenacin Succinate,10mg
Urgesin,AGP,Rs 630,Solifenacin Succinate,5mg
Ufrim 10 mg,High-Q,Rs 386,Escitalopram,10mg
Ufrim 20 mg,High-Q,Rs 380,Escitalopram,20mg
U-Progest,OBS,Rs 520,Progesterone,100mg
Urigo,Sami,Rs 203,Febuxostat,40mg
Urigo,Sami,Rs 248,Febuxostat,80mg
Uriguard,Atco,Rs 283,Febuxostat,40mg
Urodonal,Opal,Rs 35,Hexamine Granules,9 gm
Uricon,Shaigan,Rs 49,Flavoxate,100 mg
Urivox,Zafa,Rs 105,Flavoxate,100mg
Ultima,Macter,Rs 128,Clarithromycin,125mg
Ultima,Macter,Rs 391,Clarithromycin,125mg
Ultima,Macter,Rs 395,Clarithromycin,250mg
Ultima,Macter,Rs 590,Clarithromycin,500mg
Uniclin,kaizen,Rs 252,Clindamycin,300mg
Ulcez,Epla,Rs 289,Esomeprazole,40mg
Utazid,Bosch,Rs 240,Ceftazidime,1gm
Utazid,Bosch,Rs 119,Ceftazidime,250mg
Utazid,Bosch,Rs 180,Ceftazidime,500mg
Udic-B,Valor,Rs 230,"Betamethasone and Fusidic Acid, topical",0.1%
Unix,Hilton,Rs 150,Nimesulide,100mg
Uperio,Novartis,"Rs 2,232",Sacubitril,100mg
Uperio,Novartis,Rs 910,Sacubitril,200mg
U-Progest,OBS,Rs 920,Progesterone,200mg
Uricontrol 5mg,Aspin Pharma,Rs 410,Solifenacin Succinate,
Urocit-K,Allmed Labs,"Rs 1,304",Potassium Citrate,10meq
Ultragesic,Hirani's Pharma,Rs 159,Tramadol,37.5|325 mg
Uropin,Allmeo,Rs 256,Phenazopyridine,100mg
Ulcez,Epla,Rs 145,Esomeprazole,40 mg
Ulsanic,Highnoon,Rs 414,Sucralfate,1 gm
Ultima,Macter,Rs 295,Clarithromycin,500 mg
Ulsanic,Highnoon,Rs 60,Sucralfate,500 mg
Ucibon,Hinucon,Rs 433,,
Unifyline,Platinum,Rs 288,Doxofylline,400 mg
Urso,AGP,"Rs 1,400",Ursodeoxycholic Acid,
Ulsanic,Highnoon,Rs 145,Sucralfate,1 gm
Unitrexate,Al Habib,Rs 95,Methotrexate,2.5mg
Unifyline,Platinum,Rs 223,Doxofylline,400 mg
Unigesic,U nison,Rs 13,Dextropropoxyphene,32.5mg
Ulora,Helix Pharma,Rs 330,Febuxostat,40mg
Ulora,Helix Pharma,Rs 585,Febuxostat,80mg
Uriguard,Atco,Rs 469,Febuxostat,80mg
Uropyrine,Allmed Labs,Rs 200,Phenazopyridine,100mg
Uricon,Shaigan,Rs 255,Flavoxate,200mg
Urospaz,Hansel,Rs 217,Flavoxate,200mg
Urobutin,Focus & Rulz,Rs 300,Oxybutynin,5mg
U-Cure,Usawa,Rs 150,Azithromycin,250mg
U-Cure,Usawa,Rs 275,Azithromycin,500mg
Unidon,Paramount,Rs 43,Domperidone,10mg
Unidon-V,Paramount,Rs 129,Domperidone Maleate,10mg
Unidon-V,Paramount,Rs 215,Domperidone Maleate,10mg
Unitran,U nison,Rs 308,Trimethoprim,80mg|400mg
Unitran,U nison,Rs 288,Trimethoprim,160mg
Uniclar,Paramount,Rs 240,Clarithromycin,250mg
Uniclar,Paramount,Rs 445,Clarithromycin,500mg
Up-Clar,Roryan Pharma,Rs 240,Clarithromycin,250mg
Up-Clar,Roryan Pharma,Rs 445,Clarithromycin,500mg
Unesoquine,Unexo,Rs 300,Amodiaquine,150mg
Uniferon,Getz Pharma,Rs 398,Interferon Alfa-2b.,3 MIU
Uniferon,Getz Pharma,"Rs 1,316",Interferon Alfa-2b.,5 MIU
Uniron,Accurate,Rs 600,Interferon Alfa-2b.,3MIU
UL-Some,Saydon,Rs 17,Esomeprazole,20mg
UL-Some,Saydon,Rs 26,Esomeprazole,40mg
Ulcez,Epla,Rs 119,Esomeprazole,20mg
Ulcicare,Jawa,Rs 119,Esomeprazole,20mg
Ulcicare,Jawa,Rs 198,Esomeprazole,40mg
Ultech,Wise Pharma,Rs 60,Esomeprazole,20mg
Ultech,Wise Pharma,Rs 162,Esomeprazole,40mg
Uni-Zole,U nison,Rs 198,Esomeprazole,40mg
Util,Ambrosia,Rs 70,Esomeprazole,20mg
Util,Ambrosia,Rs 128,Esomeprazole,40mg
Ucon,Noa Hemis,Rs 130,Fluconazole,150mg
Uconazol,Unimark,Rs 130,Fluconazole,150mg
Unizole,TG  Pharma,Rs 172,Fluconazole,150mg
Urbicid,Flow Pharma,Rs 57,Flurbiprofen,100mg
Urbofen,Valor,Rs 60,Flurbiprofen,100mg
Ulcozol,Friends,Rs 180,Lansoprazole,30mg
Ultozone,Mass-PH Health,Rs 218,Lansoprazole,30mg
Unipam,U nison,Rs 328,Diazepam,5mg
U-Butol INH,Unexo,Rs 14,Ethambutol,300mg
Urocit K Tablets.,Allmed Labs,Rs 857,Potassium Citrate,10meq
Unetox-T,Unexo,Rs 103,Attapulgite,500 mg
Unetox-T,Unexo,Rs 473,Attapulgite,500 mg
Unipime,TG  Pharma,Rs 600,Cefepime,1 gm
Unipime,TG  Pharma,Rs 300,Cefepime,500mg
UR-cef,Roryan Pharma,Rs 325,Cefixime,400mg
UR-cef,Roryan Pharma,Rs 135,Cefixime,100mg|5ml
UR-cef,Roryan Pharma,Rs 220,Cefixime,200mg|5ml
Unibactum,Pulse,Rs 250,Cefoperazone,5oomg
Unibactum,Pulse,Rs 350,Cefoperazone,1000mg
Ultrazid,Biorex,Rs 275,Ceftazidime,1gm
Ultrazid,Biorex,Rs 144,Ceftazidime,500mg
Unitrixone,TG  Pharma,Rs 270,Ceftriaxone,1gm
Unitrixone,TG  Pharma,Rs 137,Ceftriaxone,500mg
Unixone,Medicaids,Rs 429,Ceftriaxone,1gm
Vildomet,High-Q,Rs 792,,
Vibramycin Tablet,Pfizer,Rs 58,Doxycycline,100mg
Vidaylin-L,Abbott Laboratories,Rs 228,Multivitamin,
Voltral,Novartis,Rs 231,Diclofenac Sodium,100mg
Velosef 250mg,GlaxoSmithKline,Rs 127,Cephradine,250mg
Velosef 500mg,GlaxoSmithKline,Rs 250,Cephradine,500mg
Viglip-M 50/850mg,Atco,Rs 275,Vildagliptin,50
Valtec,Tabroos,Rs 253,Valsartan,80mg
Vastarel MR,Servier,Rs 685,Trimetazidine dihydrochloride,35mg
Vigamox 5ml,Alcon Pharma,Rs 550,"Moxifloxacin, Eye",0.5%
Visol Gel,Atco,Rs 220,Polyacrylic Acid,
Vaptor,Searle,Rs 316,Rosuvastatin calcium,10mg
Vildomet,High-Q,Rs 270,Vildagliptin,50mg
Vedicar 6.25mg,Barrett,Rs 215,Carvedilol,6.25mg
Vaptor,Searle,Rs 190,Rosuvastatin calcium,5mg
Vita Zinc,The Vitamin Company,Rs 750,,
VC-Cal,Himont,Rs 275,Calcium Supplement,
Venofer,OBS,Rs 593,Iron Sucrose,100mg
Velosef 125mg/5ml 90ml Suspension,GlaxoSmithKline,Rs 361,Cephradine,125mg
Vendep,Genetics Pharmaceuticals,Rs 518,Venlafaxine,37.5mg
Ventek,Searle,Rs 226,Montelukast,10mg
Venticort,Macter,Rs 141,Budesonide,200mcg
Vetrawin,Amarant,Rs 771,Levetiracetam,500mg
Voltral,Novartis,Rs 53,Diclofenac Sodium,25mg
Voltral,Novartis,Rs 36,Diclofenac Sodium,25mg
valvozid,Pacific Pharma,Rs 160,Bisoprolol,10mg
V Pride,Scilife,Rs 75,Glimepiride,3mg
Viglip,Atco,Rs 550,Vildagliptin,50mg
Vildos,High-Q,Rs 336,Vildagliptin,50mg
Vilo,Macter,"Rs 2,112",Vildagliptin,50mg
Vexnil,Stand Pharm,Rs 133,Tramadol,50mg
Vexnil,Stand Pharm,Rs 47,Tramadol,100mg
Vexnil Sr,Stand Pharm,Rs 234,Tramadol,100mg
Vimpex,MAQ,Rs 560,Lacosamide,100mg
Vagibact,Nabi Qasim,Rs 496,Clindamycin,40gm
Valid,Scilife,Rs 329,Valsartan,160mg
Valstar,CCL,Rs 181,Valsartan,160mg
Valtan,L A Kurative,Rs 390,Valsartan,160mg
Valtan,L A Kurative,Rs 280,Valsartan,80mg
Valtec,Tabroos,Rs 161,Valsartan,40mg
Valam,CCL,Rs 325,Valsartan,10mg
Valam,CCL,Rs 277,Valsartan,5mg
Valam,CCL,Rs 205,Valsartan,5mg
Valmo,Pharmatec,Rs 792,Valsartan,10mg
Valmo,Pharmatec,Rs 675,Valsartan,5mg
Valmo,Pharmatec,Rs 394,Valsartan,5 mg
Valsar-M,Helix Pharma,Rs 280,Valsartan,10mg
Valsar-M,Helix Pharma,Rs 231,Valsartan,5mg
Valsar-M,Helix Pharma,Rs 168,Valsartan,5mg
Valtan M,L A Kurative,Rs 460,Valsartan,10mg
Valtan M,L A Kurative,Rs 440,Valsartan,5mg
Valtan M,L A Kurative,Rs 360,Valsartan,5mg
Valtec AM,Tabroos,Rs 420,Valsartan,10mg
Valtec AM,Tabroos,Rs 392,Valsartan,5mg
Valtec AM,Tabroos,Rs 298,Valsartan,5mg
Vezitic,CCL,"Rs 1,059",Solifenacin Succinate,10mg
Vezitic,CCL,Rs 578,Solifenacin Succinate,5mg
Vomitil,Davis Pharma,Rs 31,Domperidone,10mg
Veflox-D,Vega,Rs 118,Dexamethasone,0.1%
Venac,Vega,Rs 400,Nepafenac,0.1%
Virovir,Crystolite Pharma,"Rs 1,835",Famciclovir,250mg
Velatan,Vega,Rs 600,Latanoprost,0.005%
Vislat,Sante,Rs 763,Latanoprost,0.005%
Vermox Tablet,Janssen,Rs 75,Mebendazole,100mg
Vermox,Aspin Pharma,Rs 106,Mebendazole,500mg
Vedicar 12.5mg Tablets,Barrett,Rs 161,,
Vinjec,Bosch,"Rs 1,800",Vancomycin,1gm
Vinjec,Bosch,"Rs 1,050",Vancomycin,500mg
Viglip-M,Atco,Rs 275,Vildagliptin,50mg
Voltral Emulgel 20 g,GlaxoSmithKline,Rs 160,"Diclofenac Sodium, topical",1%
Velosef 250mg/ 5 ml,GlaxoSmithKline,Rs 433,Cephradine,250mg
Vildomet,High-Q,Rs 249,Vildagliptin,50mg
Vilget-M,Getz Pharma,Rs 336,Metformin,50 mg
Valdixime,Valor,Rs 349,Cefixime,400mg
Valdixime,Valor,Rs 180,Cefixime,100mg
Valixime,Valor,Rs 475,Cefixime,400mg
Vencef,Venture,Rs 325,Cefixime,400mg
Vencef,Venture,Rs 180,Cefixime,100mg|5ml
Vencef,Venture,Rs 306,Cefixime,200mg|5ml
Vencef,Venture,Rs 314,Cefixime,200mg
Volvez,Opal,Rs 218,Cefpodoxime,40mg|5ml
Volvez,Opal,Rs 344,Cefpodoxime,100mg
Ventraxin,Venture,Rs 325,Ceftriaxone,1gm
Ventraxin,Venture,Rs 175,Ceftriaxone,500mg
Voltral,Novartis,Rs 118,Diclofenac Sodium,50mg
Voren,Asian Continental,Rs 101,Diclofenac Sodium,50mg
Voren SR,Asian Continental,Rs 113,Diclofenac Sodium,100mg
Voren,Asian Continental,Rs 51,Diclofenac Sodium,25mg
Voren,Asian Continental,Rs 95,Diclofenac Sodium,50mg
Voren,Asian Continental,Rs 47,Diclofenac Sodium,75mg
Voren,Asian Continental,Rs 46,Diclofenac Sodium,75 mg
VOXAMINE 100 mg,Pharm Evo,Rs 500,Fluvoxamine maleate,
Vadil Tab 3.125mg 3x10's,Tabroos,Rs 218,Carvedilol,3.125mg
Vancomycin,Abbott Laboratories,"Rs 1,257",Vancomycin,500mg
Voltral Emulgel,Novartis,Rs 400,"Diclofenac Sodium, topical",1%
Velax XR 75mg,Zaka Healthcare,Rs 600,Venlafaxine,
Venice XR,Medisure,Rs 490,Venlafaxine,75mg
Valcard 10/160mg,Efroze,Rs 490,Amlodipine,
Valcard 5/160mg,Efroze,Rs 420,Valsartan,
Viracyl 3%,Vega,Rs 230,,
Virocil,Maxitech Pharma,Rs 720,,
Vilget-M,Getz Pharma,Rs 280,Metformin,50 mg
Visil,Maxitech Pharma,Rs 360,,
Valtec 160mg,Tabroos,Rs 323,Valsartan,160mg
Viglip-M 50/500mg,Atco,Rs 275,Metformin,
Vilget-M,Getz Pharma,Rs 280,Metformin,50 mg
Velon-M,Genix,Rs 245,Metformin,850mg
Voltral,Novartis,Rs 129,Diclofenac Sodium,100mg
Vaptor,Searle,Rs 480,Rosuvastatin calcium,20mg
Valiant-M,Ferozsons,Rs 202,Metformin,850mg
Valcard 5/80mg,Efroze,Rs 215,Amlodipine,5
Victrin 10mg,Barrett,Rs 120,Loratadine,
Vibramycin,Pfizer,Rs 63,Doxycycline,100mg
Ventek,Searle,Rs 202,,
Voltral Emulgel,Novartis,Rs 420,"Diclofenac Sodium, topical",2%
Vastarel,Servier,Rs 361,Trimetazidine dihydrochloride,20mg
Valid,Scilife,Rs 224,,
Viptin-Met,Sami,Rs 220,Vildagliptin,50mg
Vigo Essential Tablet,IBLHC,Rs 895,,
Velon-M,Genix,Rs 245,Metformin,50mg
Velon-M,Genix,Rs 245,Metformin,50mg
Vitix gel 50ml,ACM laboratoire Dermatologique,"Rs 7,353",,
Vitix gel 20ml,ACM laboratoire Dermatologique,"Rs 4,329",,
Valtec AMH,Tabroos,Rs 194,Valsartan+Amlodipine+Hydrochlorothiazide,10
Valtec AMH,Tabroos,Rs 180,Valsartan+Amlodipine+Hydrochlorothiazide,5
Vilget,Getz Pharma,Rs 258,Vildagliptin,50 mg
Venticort,Macter,Rs 153,Budesonide,400mcg
Vydee,Hudson Pharma's,Rs 175,Cholecalciferol,
Voreta,Scotman,Rs 240,Empagliflozin,10mg
Voreta,Scotman,Rs 340,Empagliflozin,25mg
Voreta Plus,Scotman,Rs 280,Empagliflozin,12.5mg
Voreta Plus,Scotman,Rs 300,Empagliflozin,12.5mg
Voxamine,Pharm Evo,Rs 270,Fluvoxamine maleate,50mg
Velax,Zaka Healthcare,Rs 300,Venlafaxine,37.5mg
Voniza 10 mg Tablet 2 x 7's Pack,Hilton,Rs 186,Vonoprazan,10 mg
Voniza 20 mg Tablet 2 x 7's Pack,Hilton,Rs 294,Vonoprazan,20 mg
Vedicar,Barrett,Rs 113,Carvedilol,6.25mg
VC-Cal,Himont,Rs 36,,
VC-Cal D Orange Supplements 1 x 10's Sachets Pack,Himont,Rs 30,Calcium Supplement,
Velosef,GSK Consumer Healthcare,Rs 190,Cephradine,250 mg
Velosef,GSK Consumer Healthcare,Rs 455,Cephradine,1 gm
VC-Cal D Honey & Lemon Supplements,Himont,Rs 200,Calcium Supplement,
Vorneu,Hilton,Rs 181,Vortioxetine,10 mg
Vorneu,Hilton,Rs 140,Vortioxetine,5 mg
Vorneu,Hilton,Rs 293,Vortioxetine,20 mg
Valcyte,Roche,"Rs 106,080",Valganciclovir,450 mg
Verorab Vaccine Powder Solvent Suspension For,Sanofi,"Rs 1,641",Rabies vaccine,
Valtec AMH,Tabroos,Rs 390,Valsartan+Amlodipine+Hydrochlorothiazide,10 mg
VPN-10,Helix Pharma,Rs 308,Vonoprazan,10 mg
VPN-20,Helix Pharma,Rs 490,Vonoprazan,20 mg
Victra,SCI tech,Rs 128,Lornoxicam,8 mg
Valiant,Ferozsons,Rs 330,Vildagliptin,50 mg
Vonozan,Getz,Rs 375,Vonoprazan,20 mg
Vonozan,Getz,Rs 225,Vonoprazan,10 mg
Venex,Pharmatec,Rs 23,Salbutamol,4 mg
Venex,Pharmatec,Rs 16,Sulbutamol,2 mg
Vonnp,Horizon Pharma,Rs 600,,
Venu,Ferozsons,Rs 308,,
Venu,Ferozsons,Rs 574,,
Vmed,Cell Laboratories,Rs 203,,
Vmed,Cell Laboratories,Rs 276,,
Vmed,Cell Laboratories,Rs 300,,
Variance HB,Mass-PH Health,Rs 351,,
Vepridone,Genetics Pharmaceuticals,Rs 533,,
Vida-Z Tablet,High-Q,Rs 260,,
Velpaget,Getz Pharma,"Rs 10,300",Sofosbuvir,400mg
Vonnp,Horizon Pharma,Rs 400,Vonoprazan,20mg
Vitrum OD Multivitamins,Searle,Rs 450,,
Vismed Multi Eye Drop,Kobec,"Rs 2,940",,
Ventolin Respiratory Solution,GlaxoSmithKline,Rs 62,Salbutamol,5mg
Vita-6,Le Mendoza,Rs 43,Vitamin B6,50mg
Ventolin Expectorant (sugar Free),GlaxoSmithKline,Rs 83,Guaifenesin,
Ventolin (Salbutamol) 120ml,GSK Consumer Healthcare,Rs 111,Salbutamol and Guaifenesin,2mg
Visdom,Macter,Rs 55,Domperidone,5mg
Vomilux,Atco,Rs 74,Domperidone,5mg|5ml
Vomitil,Davis Pharma,Rs 84,Domperidone,5mg|5ml
Ventolin Evohaler,GlaxoSmithKline,Rs 357,Salbutamol,100mcg
Ventraxin,Venture,Rs 99,Ceftriaxone,250mg
Vespin,Amson,Rs 50,Amlodipine,5mg
Vermox Syrup 100mg 30ml,Aspin Pharma,Rs 91,Mebendazole,
Victrin 60ml,Barrett,Rs 100,Loratadine,
Venex,Pharmatec,Rs 111,Salbutamol,2 mg|5ml
Venex,Pharmatec,Rs 49,Salbutamol,2 mg|5ml
Ventolin 2mg,GlaxoSmithKline,Rs 15,Salbutamol,2mg
Voltral Gel 50gm,Novartis,Rs 325,"Diclofenac Sodium, topical",1%
Vidaylin-M 120ML,Abbott Laboratories,Rs 101,Multivitamin,
Victoza 6mg/ml Injection,Novo Nordisk,"Rs 11,000",Liraglutide,
Vidaylin-T,Abbott Laboratories,Rs 199,Multivitamin,
Varivac Injection,Hi-Warble,"Rs 1,750",Varicella Virus Vaccine,
Vitabiotics Pregnacare with Folic Acid,Vitabiotics,"Rs 1,300",,
Victoza Inj 6mg/3ml,Novo Nordisk,"Rs 10,372",Liraglutide,
VISAVIT (Antioxidant vitamins) TABLET,Remington,Rs 269,Multivitamin with Mineral,
viskaldix,Novartis,Rs 55,Pindolol,5mg
V Pride,V Care,Rs 83,Glimepiride,2mg
Verger,Mass-PH Health,Rs 50,Nalbuphine,10mg
Verger,Mass-PH Health,Rs 50,Nalbuphine,10mg
Valep,Geofman,Rs 15,Divalproex Sodium,125mg
Valep,Geofman,Rs 25,Divalproex Sodium,250mg
Valep,Geofman,Rs 46,Divalproex Sodium,500mg
Valporx,Votex,Rs 348,Divalproex Sodium,250mg
Valporx,Votex,Rs 51,Divalproex Sodium,500mg
Valporx,Votex,Rs 165,Divalproex Sodium,500mg
Valpro,Saffron,Rs 26,Divalproex Sodium,200mg
Valpro,Saffron,Rs 51,Divalproex Sodium,500mg
Valprosim,Vega,Rs 30,Divalproex Sodium,250mg
Valprosim,Vega,Rs 32,Divalproex Sodium,500mg
Valrox,Polyfine,Rs 110,Divalproex Sodium,250mg
Valrox,Polyfine,Rs 400,Divalproex Sodium,250mg
Valrox,Polyfine,Rs 636,Divalproex Sodium,500mg
Vaniqa,Wilshire,Rs 150,Gabapentin,300mg
Vaniqa,Wilshire,Rs 300,Gabapentin,600mg
Vimpex,MAQ,Rs 933,Lacosamide,200mg
Vimpex,MAQ,Rs 336,Lacosamide,50mg
Veclin,Shrooq,Rs 425,Clindamycin,40gm
Vegacin,Vega,Rs 200,Clindamycin,40gm
Vegazole,Vega,Rs 170,Isoconazole,40gm
Vagimyc,Z-jans,Rs 135,Miconazole,20gm
Vprestone-2,Hansel,Rs 443,Dinoprostone,3mg
Vprestone-2,Hansel,"Rs 1,773",Dinoprostone,3mg
Valken,Kanel Pharma,Rs 576,Valsartan,160mg
Valken,Kanel Pharma,Rs 375,Valsartan,80mg
Valstar,CCL,Rs 196,Valsartan,80mg
Vatin,ACE,Rs 200,Valsartan,80mg
Vatin,ACE,Rs 214,Valsartan,160mg
Valkena-A,Kanel Pharma,Rs 476,Valsartan,5mg
Vamlodip,Accurate,Rs 476,Valsartan,5mg
Valken-H,Kanel Pharma,Rs 370,Valsartan,80mg
Valetta,Wilshire,Rs 500,Risedronate Sodium,35mg
Valetta,Wilshire,Rs 400,Risedronate Sodium,5mg
Visdom,Macter,Rs 150,Domperidone,10mg
Vomax,Rock PhARMA,Rs 44,Domperidone,10mg
Vomi,Irza,Rs 42,Domperidone,10mg
Vomilux,Atco,Rs 53,Domperidone,10mg
Vomisac,Noa Hemis,Rs 135,Domperidone,5mg|5ml
Vomistop,Danas,Rs 30,Domperidone,10mg
Vomnil,Leama Chemi,Rs 29,Domperidone,10mg
Vomson,Obasons,Rs 165,Domperidone,10mg
Vepressor,Venus,Rs 8,Ephedrine,30mg
Vetran,Venus,Rs 12,Trimethoprim,80mg|400mg
Vulamox,Rasco,Rs 155,Amoxicillin,875mg|125mg
Vetran,Venus,Rs 22,Trimethoprim,160mg
Venrith,Venture,Rs 223,Clarithromycin,125mg
Venrith,Venture,Rs 240,Clarithromycin,250mg
Venrith,Venture,Rs 400,Clarithromycin,500mg
Viklar,Nimrall,Rs 240,Clarithromycin,250mg
Viklar,Nimrall,Rs 445,Clarithromycin,500mg
Vulamox,Rasco,Rs 120,Amoxicillin,500mg
Vadefo,Valor,"Rs 2,000",Adefovir Dipivoxil,10mg
Vitamika,Nimrall,Rs 125,Amikacin,500mg
Virlos,Ferroza,Rs 105,Cetirizine,10mg
Viteron,Century,"Rs 1,030",Interferon Alfa-2a,3MIU
Viteron,Century,"Rs 2,288",Interferon Alfa-2a,6MIU
Viteron,Century,"Rs 3,604",Interferon Alfa-2a,9MIU
Vigilant,English Pharma,Rs 250,Itraconazole,100mg
Vogue,Caraway,Rs 68,Esomeprazole,20mg
Vogue Ds,Caraway,Rs 224,Esomeprazole,40mg
Vanarel,Genera,Rs 138,Fluconazole,150mg
Velsaid,Maark,Rs 180,Flurbiprofen,100mg
Vio-Fen,Venus,Rs 55,Flurbiprofen,100mg
Vobifen,Novartis,Rs 214,Flurbiprofen,100mg
Virogen,Gene-Tech,Rs 280,Lamivudine,100mg
Vanzole,Vega,Rs 206,Lansoprazole,30mg
Vermin,Adamjee Pharmaceuticals,Rs 106,Mebendazole,100mg
Vermol,Vermol,Rs 19,Mebendazole,100mg
Valium,Martin Dow,Rs 57,Diazepam,10mg
Vee-Burna-Fax,Venus,Rs 296,Silver Sulphadiazine,1%
Vee-Burna-Fax,Venus,Rs 532,Silver Sulphadiazine,1%
Vancorin,Aster,"Rs 1,130",Vancomycin,1gm
Vancorin,Aster,"Rs 1,130",Vancomycin,1gm
Vancorin,Aster,"Rs 1,130",Vancomycin,1gm
Vancorin,Aster,Rs 700,Vancomycin,500mg
Vancorin,Aster,Rs 644,Vancomycin,500mg
Velbastine,Al-Habib,Rs 595,Vinblastine,10mg
Vinblas,Pharmadic,Rs 400,Vinblastine,10mg
Valopril,Valor,Rs 57,Captopril,25mg
Valopril,Valor,Rs 111,Captopril,50mg
Veskor,Raazee,Rs 190,Lisinopril dihydrate,10mg
Valtrex 500mg Tablets,GlaxoSmithKline,Rs 690,Valacyclovir,
Victoza,Novo Nordisk,"Rs 11,295",Liraglutide,6mg
Valosal,Valor,Rs 9,"sodium chloride, sodium citrate, potassium chlorid",3.5gm
Vio-Mef,Venus,Rs 320,Mefenamic Acid,250mg
Vio-Mef Forte,Venus,Rs 170,Mefenamic Acid,500mg
Vio-Zone,Venus,Rs 6,Propyphenazone,175mg
valfaclor,Valor,Rs 233,Cefaclor,250mg
valfaclor,Valor,Rs 147,Cefaclor,125mg
vclor,Mass-PH Health,Rs 147,Cefaclor,125mg
vclor,Mass-PH Health,Rs 256,Cefaclor,250mg
Valelroxil,Valor,Rs 180,Cefadroxil,500mg
Veritox,Pulse,Rs 168,Cefadroxil,500mg
Veritox,Pulse,Rs 157,Cefadroxil,250mg|5ml
VG-rox,Fozan,Rs 125,Cefadroxil,500mg
VG-rox,Fozan,Rs 114,Cefadroxil,125mg|5ml
VG-rox,Fozan,Rs 186,Cefadroxil,250mg|5ml
Valfipime,Valor,Rs 460,Cefepime,1gm
Valfipime,Valor,Rs 275,Cefepime,500mg
Voco,Wilshire,Rs 460,Cefepime,1 gm
Voco,Wilshire,Rs 275,Cefepime,500mg
Vanil,Ankas,Rs 165,Cefixime,200mg
Vanil,Ankas,Rs 325,Cefixime,400mg
Vanil,Ankas,Rs 145,Cefixime,100mg|5ml
Wintogeno,Martin Dow,Rs 200,Methyl salicylate Containing Topicals,
Wilgesic 450mg/ 35mg,Wilson's,Rs 53,Orphenadrine,
Wilgesic Forte Tab 650mg/ 50mg,Wilson's,Rs 91,Orphenadrine,
WIZEN 1 mg,Werick,Rs 137,Risperidone,
WIZEN 2 mg,Werick,Rs 270,Risperidone,
WIZEN 3MG TAB,Werick,Rs 400,Risperidone,
Winurina,Sami,Rs 150,Gabapentin,300mg
Winzith,SiTech,Rs 180,Azithromycin,250mg
Winzith,SiTech,Rs 270,Azithromycin,500mg
Werisol,Werick,Rs 14,"sodium chloride, sodium citrate, potassium chlorid",2.6 gm
Waybac,Wood Wards,Rs 252,Cefixime,200mg
Waybac,Wood Wards,Rs 449,Cefixime,400mg
Waybac,Wood Wards,Rs 285,Cefixime,100mg|5ml
Waybac Ds,Wood Wards,Rs 305,Cefixime,200mg|5ml
Wintax,Barrett,Rs 269,Cefotaxime,1gm
Wintax,Barrett,Rs 200,Cefotaxime,500mg
Wizen Tablet Flash 4mg,Werick,Rs 390,Risperidone,
Warfin Tab 5mg,Shaigan,Rs 128,Warfarin,
Werimox Suspension 90ml,Werick,Rs 102,Amoxicillin,250mg
Werimox,Werick,Rs 62,Amoxicillin,250 mg
Werimox,Werick,Rs 150,Amoxicillin,500 mg
Wizen,Werick,Rs 286,Riseperidone,4 mg
WEL-Dilate,Valor,Rs 310,Montelukast,10mg
Whizix,Martin Dow,Rs 140,Montelukast,10 mg
Whizix,Martin Dow Marker,Rs 227,Montelukast,5 mg
Winstor,Sanofi,Rs 184,Atorvastatin calcium trihydrate,10mg
Winstor,Sanofi,Rs 331,Atorvastatin calcium trihydrate,20mg
Winstor,Sanofi,Rs 619,Atorvastatin calcium trihydrate,40mg
Werdex,Werick,Rs 217,,
Winurina,Sami,Rs 50,Gabapentin,100mg
Wintax,Barrett,Rs 90,Cefotaxime,250mg
Werimox Suspension 90ml,Werick,Rs 68,Amoxicillin,125mg
Wellman Original,Vitabiotics,"Rs 1,200",,
Welona Drops,Better Health Company,Rs 370,,
Wellcodox 100 mg,GlaxoSmithKline,Rs 38,Doxycycline,
Wiproate,Wns Field,Rs 32,Divalproex Sodium,250mg
Wiproate,Wns Field,Rs 42,Divalproex Sodium,500mg
Winotrim forte,Jinnah Pharma,Rs 18,Trimethoprim,160mg|800mg
Wrzol,Ocu Care,Rs 117,cinnarizine,0.1%
Winotrim forte,Jinnah Pharma,Rs 18,Trimethoprim,160mg
Winkem,Pakheim,Rs 190,Clarithromycin,250mg
Winkem,Pakheim,Rs 370,Clarithromycin,500mg
Wincid,Orta,Rs 198,Esomeprazole,40mg
Wezol,Webros,Rs 206,Lansoprazole,30mg
Warth,Saydon,Rs 500,Mebendazole,500mg
Wormdox,Mediceena,Rs 645,Mebendazole,100mg
Wormizole,Epla,Rs 12,Mebendazole,100mg
Waclor,Wahab Sons,Rs 142,Cefaclor,125mg|5ml
Waclor,Wahab Sons,Rs 250,Cefaclor,250mg|5ml
wislor,Wise Pharma,Rs 233,Cefaclor,250mg
wislor,Wise Pharma,Rs 410,Cefaclor,500mg
wislor,Wise Pharma,Rs 147,Cefaclor,125mg|5ml
wislor,Wise Pharma,Rs 256,Cefaclor,250mg|5ml
Wnsalclor,Wns Field,Rs 279,Cefaclor,250mg
Wnsalclor,Wns Field,Rs 494,Cefaclor,500mg
Wnsalclor,Wns Field,Rs 175,Cefaclor,125mg|5ml
Wnsalclor,Wns Field,Rs 305,Cefaclor,250mg|5ml
Wnsoxil,Wns Field,Rs 250,Cefadroxil,1 gm
Wnsoxil,Wns Field,Rs 120,Cefadroxil,250mg
Wnsoxil,Wns Field,Rs 180,Cefadroxil,500mg
Wnsdinir,Wns Field,Rs 244,Cefdinir,100mg
Wnsdinir,Wns Field,Rs 243,Cefdinir,250mg|5ml
Wisem,Pharma Wise,Rs 460,Cefepime,1 gm
Wisem,Pharma Wise,Rs 275,Cefepime,500mg
Wopime,Xenon,Rs 460,Cefepime,1 gm
Wopime,Xenon,Rs 275,Cefepime,500mg
Welxime,Global-Vision,Rs 275,Cefixime,400mg
Welxime,Global-Vision,Rs 225,Cefixime,200mg|5ml
Welxime,Global-Vision,Rs 140,Cefixime,100mg|5ml
Wexime,Wns Field,Rs 165,Cefixime,200mg
Xatral SR,Sanofi,Rs 771,Alfuzosin Hydrochloride,5mg
X-plended,Pharm Evo,Rs 564,Rosuvastatin calcium,20mg
X-plended,Pharm Evo,Rs 370,Rosuvastatin calcium,10mg
X-plended,Pharm Evo,Rs 220,Rosuvastatin calcium,5mg
Xatral LP 10 mg,Sanofi,Rs 525,Alfuzosin Hydrochloride,10mg
Xepat Opthalmic Solution,Sante,Rs 397,Aceclofenac,0.1%
Xepat Forte Eye Drop,Sante,Rs 579,Olopatadine,
Xalacom,Pfizer,"Rs 1,721",Latanoprost,0.005%
Xefecta,Hilton,Rs 480,"Moxifloxacin, Oral",400mg
Xarelto 10mg,Bayer,"Rs 1,525",Rivaroxaban,10mg
Xaroban,Searle,Rs 374,Rivaroxaban,10mg
Xarelto 20mg,Bayer,"Rs 4,270",Rivaroxaban,20mg
Xarelto 15mg,Bayer,"Rs 4,270",Rivaroxaban,15mg
Xavor 50mg,Ferozsons,Rs 268,Losartan Potassium,50mg
XAVOR DIU FORTE TAB,Ferozsons,Rs 342,Hydrochlorothiazide,100mg
Xcept 10mg,Pharm Evo,Rs 440,Rivaroxaban,10mg
Xcept,Pharm Evo,Rs 375,Rivaroxaban,15mg
Xovat 10 mg,Aspin Pharma,Rs 290,Rosuvastatin calcium,10's
X-BONE 0.5 mcg,Wilshire,Rs 200,Alfacalcidol,
Xostat,Nabi Qasim,Rs 288,Febuxostat,40mg
Xostat,Nabi Qasim,Rs 552,Febuxostat,80mg
Xidim,Brookes,Rs 330,Ceftazidime,1gm
Xidim,Brookes,Rs 180,Ceftazidime,500mg
Xib,S.J. & G. Fazul Ellahie,Rs 169,Dexibuprofen,100mg|5ml
Xib,S.J. & G. Fazul Ellahie,Rs 242,Dexibuprofen,200mg
Xib,S.J. & G. Fazul Ellahie,Rs 356,Dexibuprofen,300mg
Xib,S.J. & G. Fazul Ellahie,Rs 441,Dexibuprofen,400mg
Xiben,Pacific Pharma,Rs 260,Ibuprofen,400mg
Xika Rapid,Hilton,Rs 292,Lornoxicam,8mg
Xoni-Fast,Macter,Rs 231,Lornoxicam,8mg
Xobix,Hilton,Rs 273,Meloxicam,15mg
Xobix,Hilton,Rs 158,Meloxicam,7.5mg
Xirop,Semos,Rs 197,Piroxicam,20mg
XYSTER,Wilshire,Rs 84,Mecobalamin,500mcg
Xovat,Aspin Pharma,Rs 180,Rosuvastatin calcium,5mg
Xovat 20mg,Aspin Pharma,Rs 490,Rosuvastatin calcium,
Xcept  20mg,Pharm Evo,Rs 445,Rivaroxaban,20mg
X-Gen,Genix,Rs 350,"Moxifloxacin, Eye",0.005
Xiga 5mg,CCL,Rs 177,Dapagliflozin,5mg
Xifaxa,Brookes,Rs 740,Rifaximin,550mg
Xilica,Pharm Evo,Rs 175,Pregabalin.,75mg
Xeflox,Helix Pharma,Rs 200,Levofloxacin,250mg
Xyquil DR,Sami,Rs 73,Doxylamine,
Xeflox,Helix Pharma,Rs 320,Levofloxacin,500mg
Xemox Eye Drop 5ml,Kobec,Rs 257,"Moxifloxacin, Eye",
Xiga 10mg,CCL,Rs 262,Dapagliflozin,10mg
Xavor-DIU,Ferozsons,Rs 275,Hydrochlorothiazide,50mg
X-Bone 1 mcg,Wilshire,Rs 253,Alfacalcidol,
Xyster,Wilshire,Rs 50,Mecobalamin,500mcg
Xenecor,ICI Pakistan Limited,Rs 175,Rosuvastatin calcium,5mg
Xenecor,ICI Pakistan Limited,Rs 336,Rosuvastatin calcium,10mg
Xenecor,ICI Pakistan Limited,Rs 619,Rosuvastatin calcium,20mg
Xcept 2.5mg,Pharm Evo,Rs 250,Rivaroxaban,2.5mg
Xavor,Ferozsons,Rs 103,Losartan Potassium,25mg
Xyloaid 10ml,Barrett,Rs 25,,
Xaleve,Hudson Pharma's,Rs 187,Ibuprofen,400mg
Xenglu,Hilton,Rs 388,Empagliflozin,10mg
Xeticam,Getz Pharma,Rs 650,Levetiracetam,500 mg
Xyloaid FA,Barrett,Rs 102,Lignocaine,
Xatral LP,Sanofi,"Rs 1,887",Alfuzosin Hydrochloride,10mg
Xiga-Met,CCL,Rs 226,Dapagliflozin,5mg
Xiga-Met,CCL,Rs 206,Dapagliflozin,5mg
X-Gen,Genix,Rs 450,"Moxifloxacin, Eye",400 mg
Xyloaid FA,Barrett,Rs 178,Lignocaine,
Xenglu-Met,Hilton,Rs 501,Empagliflozin,12.5mg
Xenglu-Met,Hilton,Rs 356,Empagliflozin,5 mg
Xenglu-Met,Hilton,Rs 419,Empagliflozin,5 mg
Xiga-Met XR,CCL,Rs 229,Dapagliflozin,5 mg
Xiga-Met XR,CCL,Rs 247,Dapagliflozin,10 mg
Xenglu-Met,Hilton,Rs 501,Empagliflozin,12.5 mg
Xenglu,Hilton,Rs 592,Empagliflozin,25 mg
Xenglu-Met,Hilton,Rs 406,Empagliflozin,5 mg
Xanilo,Martin Dow,Rs 248,Dexlansoprazole,60 mg
Xanilo,Martin Dow,Rs 161,Dexlansoprazole,30 mg
Xenglu-met XR,Hilton,Rs 368,Empagliflozin,25 mg
Xtin CR,Cell Laboratories,Rs 245,,
Xtin CR,Cell Laboratories,Rs 492,,
Xepex,Genetics Pharmaceuticals,Rs 400,Ziprasidone,20 mg
X-plended  EZ,Pharm Evo,Rs 235,Rosuvastatin calcium,5
Xynosine Nasal Spray,Zafa,Rs 65,Xylometazoline,
Xynosine Children's Formula,Zafa,Rs 51,Xylometazoline,
Xecomb,Sante,Rs 87,Triamcinolone,
Xyloaid Lidocain 5%,Barrett,Rs 87,Lignocaine,
Xormet,Highnoon,Rs 10,Metformin,500mg
Xib,S.J. & G. Fazul Ellahie,Rs 89,Dexibuprofen,100mg|5ml
Xiben,Pacific Pharma,Rs 60,Ibuprofen,100mg
Xynosine Saline Nasal Spray 0.65%,Zafa,Rs 25,,
Xylor Syrup,Atco,Rs 70,Loratadine,
Xenocit,Saffron,Rs 70,,
Xanax,Pfizer,Rs 93,Alprazolam,0.5mg
Xaltide Hfa,Getz Pharma,Rs 600,Beclomethasone,50 mcg
Xanax,Pfizer,Rs 60,Alprazolam,0.25mg
Xylex AD,Venus,Rs 2,Lignocaine With Adrenaline,2%
Xylex AD,Venus,Rs 13,Lignocaine With Adrenaline,2%
Xylocaine with Adrenaline,Barrett,Rs 19,Lignocaine With Adrenaline,2%
Xanax,Pfizer,Rs 167,Alprazolam,1mg
Xegaba,Xenon,Rs 150,Gabapentin,300mg
Xegaba,Xenon,Rs 185,Gabapentin,400mg
Xamogin,Mass-PH Health,Rs 130,Lamotrigine,50mg
Xabest,Everest,Rs 255,Azithromycin,250mg
Yorker,Sami,Rs 195,Cefotaxime,1gm
Yorker,Sami,Rs 148,Cefotaxime,500mg
Yorker,Sami,Rs 98,Cefotaxime,250mg
YMS Disposable Syringe 10cc-21Gx1,YMS,Rs 30,,
Yaz,Bayer,Rs 964,Ethinyloestradiol,0.02mg
Yutopar,Highnoon,Rs 200,Ritodrine,10mg
Yutopar,Highnoon,Rs 333,Ritodrine,10mg
Y-Fix,Adamjee Pharmaceuticals,Rs 141,Cefixime,400mg
Y-Fix,Adamjee Pharmaceuticals,Rs 112,Cefixime,200mg
Yanil,Hizat,Rs 25,Paracetamol,120mg
Y-Fix,Adamjee Pharmaceuticals,Rs 71,Cefixime,100mg
Yarnil,Medisure,Rs 30,Diclofenac Sodium,50mg
Yellow Fever Vaccine,Hospital services & Sales,Rs 0,Yellow Fever Vaccine,1000 mouse LD50 units|0.5ml
Zestril,ICI Pakistan Limited,Rs 202,Lisinopril dihydrate,5mg
Zestril,ICI Pakistan Limited,Rs 388,Lisinopril dihydrate,10mg
Zestril,ICI Pakistan Limited,Rs 748,Lisinopril dihydrate,20mg
Zofran 8mg,GlaxoSmithKline,Rs 650,Ondansetron,
Zeegap,Hilton,Rs 376,Pregabalin.,50mg
Zopent,Hilton,Rs 375,Pantoprazole,40mg
Zopent,Hilton,Rs 160,Pantoprazole,20mg
Zocor,OBS,Rs 646,Simvastatin,20mg
Zylexx SR 75mg,A'raf,Rs 159,Bupropion HCl,
Zetro,Getz Pharma,Rs 270,Azithromycin,200 mg
Zafon,Getz Pharma,Rs 230,Lornoxicam,8 mg
Zentro,Bosch,Rs 227,Pantoprazole,20mg
Zatofen,Novartis,Rs 153,Ketotifen,0.2mg
Zyprexa,Eli Lilly,"Rs 5,173",Olanzapine,10mg
ZOLREST 600.MG TAB,Bosch,Rs 600,Linezolid,
Zeenaryl,High-Q,Rs 80,Glimepiride,1mg
Zeenaryl,High-Q,Rs 120,Glimepiride,2mg
Zeenaryl,High-Q,Rs 127,Glimepiride,3mg
Zeenaryl,High-Q,Rs 180,Glimepiride,4mg
Zolid,Getz Pharma,Rs 208,Pioglitazone,15 mg
Zolid,Getz Pharma,Rs 300,Pioglitazone,30 mg
Zolid,Getz Pharma,Rs 300,Pioglitazone,45 mg
Zoliget,Getz Pharma,Rs 158,Pioglitazone,15 mg
Zoliget,Getz Pharma,Rs 221,Pioglitazone,30 mg
Zoliget,Getz Pharma,Rs 265,Pioglitazone,30 mg
Zolid plus,Getz Pharma,Rs 98,Pioglitazone,15 mg
Zolid plus,Getz Pharma,Rs 105,Pioglitazone,15 mg
Zultra,Wilshire,Rs 154,Tramadol,50mg
Zitrigine,A'raf,Rs 245,Lamotrigine,100mg
Zopir,Glitz,Rs 200,Topiramate,50mg
Zepose,Wilshire,Rs 330,Irbesartan,300mg
Zepose Plus,Wilshire,Rs 210,Irbesartan,150mg
Zyloric,GlaxoSmithKline,Rs 34,Allopurinol,100 mg
Zyloric,GlaxoSmithKline,Rs 83,Allopurinol,300mg
Zurig,Getz Pharma,Rs 288,Febuxostat,40 mg
Zurig,Getz Pharma,Rs 450,Febuxostat,80 mg
Zometa,Novartis,"Rs 23,216",Zoledronic Acid,4mg
Z-Mac,Opal,Rs 229,Azithromycin,200mg
Zeecin,Wilshire,Rs 180,Azithromycin,200mg
Zeecin,Wilshire,Rs 225,Azithromycin,250 mg
Zeecin,Wilshire,Rs 193,Azithromycin,500mg
Zetamax capsule,Pfizer,Rs 301,Azithromycin,250mg
Zetamax syrup,Pfizer,Rs 365,Azithromycin,200mg
Zetro,Getz Pharma,Rs 461,Azithromycin,250 mg
Zetro,Getz Pharma,Rs 230,Azithromycin,500 mg
Zezot,Bosch,Rs 169,Azithromycin,250mg
Zezot,Bosch,Rs 268,Azithromycin,500mg
Zezot,Bosch,Rs 272,Azithromycin,200mg
Zezot,Bosch,Rs 346,Azithromycin,500mg
Zithro,Davis Pharma,Rs 127,Azithromycin,250mg
Zithro,Davis Pharma,Rs 275,Azithromycin,500mg
Zithrosan,Sante,Rs 432,Azithromycin,250mg
Zithrosan,Sante,Rs 245,Azithromycin,200mg
Zonacin,Akhai,Rs 185,Azithromycin,250mg
Zeclorin,Bryon,Rs 270,Clarithromycin,250mg
Zeclorin,Bryon,Rs 445,Clarithromycin,500mg
Zamoclav,Zafa,Rs 226,Amoxicillin,1. 2 gm
Zamoclav,Zafa,Rs 133,Amoxicillin,500mg
Zamoclav,Zafa,Rs 125,Amoxicillin,125mg
Zamoclav,Zafa,Rs 171,Amoxicillin,250mg
Zamoclav,Zafa,Rs 285,Amoxicillin,875 mg
Zamoclav,Zafa,Rs 210,Amoxicillin,250mg
Zamoclav,Zafa,Rs 350,Amoxicillin,500 mg
Zafquin,Zafa,Rs 30,Quinine,300mg
Zomacin,Stand Pharm,Rs 118,Amikacin,100mg
Zomacin,Stand Pharm,Rs 206,Amikacin,250mg
Zomacin,Stand Pharm,Rs 299,Amikacin,500mg
Zyrtec,GlaxoSmithKline,Rs 144,Cetirizine,10mg
Zavedos,Pfizer,"Rs 9,355",Idrabucin,10mg
Zespra,Schazoo Pharmaceuticals,Rs 210,Esomeprazole,40mg
Zimes,Zafa,Rs 174,Esomeprazole,20mg
Zoleric,Genix,Rs 149,Esomeprazole,20mg
Zoleric,Genix,Rs 188,Esomeprazole,40mg
Zolpip,Titlis Pharma,Rs 189,Esomeprazole,20mg
Zoom,Scilife,Rs 195,Esomeprazole,20mg
Zoom,Scilife,Rs 370,Esomeprazole,40mg
Zumin,Semos,Rs 87,Esomeprazole,20mg
Zumin,Semos,Rs 141,Esomeprazole,40mg
Zune,Wilshire,Rs 290,Esomeprazole,40mg
Zune,Wilshire,Rs 148,Esomeprazole,20mg
Zune,Wilshire,Rs 243,Esomeprazole,40mg
Zolanix,GlaxoSmithKline,Rs 748,Fluconazole,150mg
Zatofen,Novartis,Rs 112,Ketotifen,1mg
Zepres Plus,Asian Continental,Rs 119,Enalapril Maleate,10mg
Zestoretic,ICI Pakistan Limited,Rs 643,Lisinopril dihydrate,20mg
Zentro 40mg,Bosch,Rs 406,Pantoprazole,
Zylofixim,Remington,Rs 399,Cefixime,400mg
Zylofixim,Remington,Rs 232,Cefixime,100mg|5ml
Zylofixim,Remington,Rs 272,Cefixime,200mg|5ml
Zipazom,Zafa,Rs 139,Cefoperazone,500mg
Zafixime,Zafa,Rs 135,Cefotaxime,1gm
Zavget,Getz Pharma,Rs 490,Escitalopram,10 mg
Zipenta,Zafa,Rs 120,Ceftazidime,1gm
Zerogout 40mg,Aspin Pharma,Rs 209,Febuxostat,
Zeftrox,Zafa,Rs 110,Ceftriaxone,500mg
Zeftrox,Zafa,Rs 185,Ceftriaxone,1gm
Zafurox,Zafa,Rs 162,Cefuroxime,750mg
Zafurox,Zafa,Rs 274,Cefuroxime,125mg|5ml
Zafurox,Zafa,Rs 346,Cefuroxime,125mg
Zafurox,Zafa,Rs 677,Cefuroxime,250mg
Zecef,Bosch,Rs 275,Cefuroxime,1.5gm
Zecef,Bosch,Rs 170,Cefuroxime,750mg
Zecef,Bosch,Rs 370,Cefuroxime,125mg|5ml
Zecef,Bosch,Rs 661,Cefuroxime,125mg
Zecef,Bosch,Rs 784,Cefuroxime,250mg
Zinacef,GlaxoSmithKline,Rs 486,Cefuroxime,1.5gm
Zinacef,GlaxoSmithKline,Rs 61,Cefuroxime,250mg
Zinacef,GlaxoSmithKline,Rs 265,Cefuroxime,750mg
Zinacef,GlaxoSmithKline,Rs 666,Cefuroxime,250mg
Ziclofen SR,Novins,Rs 77,Diclofenac Sodium,100mg
Zerogout,Aspin Pharma,Rs 359,Febuxostat,80mg
Zedan 15mg,Surge,Rs 161,Aripiprazole,
Zaxine 75mg SR,A'raf,Rs 329,Venlafaxine,
Zultracet,Wilshire,Rs 204,Tramadol,37.5 mg
Zaline,A'raf,Rs 295,Sertraline,50mg
Zenbar,Searle,Rs 371,Duloxetine,30mg
Zanzia 10mg,A'raf,Rs 202,Olanzapine,
Zenbar,Searle,Rs 507,Duloxetine,60mg
Zolopat 0.1%,Remington,Rs 300,,
Zoltar,Pharm Evo,Rs 130,Omeprazole,20mg
Zenbar,Searle,Rs 232,Duloxetine,20mg
Zopan,Pharmatec,Rs 721,Mefenamic Acid,500 mg
Ziapine,A'raf,Rs 467,Quetiapine,100 mg
Ziapine,A'raf,Rs 725,Quetiapine,300 mg
Zentro Injection,Bosch,Rs 290,Pantoprazole,40 mg
Zaftolin,Zafa,Rs 13,Salbutamol,2 mg
Zaftolin,Zafa,Rs 11,Salbutamol,4 mg
Zepres,Asian Continental,Rs 82,,
Zauxit,Zafa,Rs 87,Fluoxetine,20mg
Zink,Belle Vie,Rs 320,Zinc Oxide,
Zoltar,Pharm Evo,Rs 141,Omeprazole,40mg
Zilero,Pharm Evo,Rs 571,Apixaban,2.5mg
Zilero,Pharm Evo,Rs 871,Apixaban,5mg
Zyprexa,Eli Lilly,"Rs 2,384",Olanzapine,5mg
Zetamax Tab,Pfizer,Rs 301,Azithromycin,250mg
Zolmig,ICI Pakistan Limited,Rs 409,Zolmitriptan,2.5mg
Z-Mac,Opal,Rs 688,Azithromycin,250mg
Zolpip,Titlis Pharma,Rs 95,Esomeperazole,20 mg
Zolpip,Titlis Pharma,Rs 158,Esomeperazole,40 mg
Zetro,Getz Pharma,Rs 469,Azithromycin,200 mg
Zylexx SR,A'raf,Rs 239,Bupropion HCl,150 mg
Zavicefta Powder For Concentrate For Solution For Infusion,Pfizer,"Rs 9,607",Avibactam,0.5 gm
Zopan,Pharmatec,Rs 22,Mefenamic Acid,250 mg
Zopan DS,Pharmatec,Rs 43,Mefenamic Acid,500 mg
Zerifax,AGP,Rs 312,Rifaximin,200 mg
Zerifax,AGP,Rs 786,Rifaximin,550 mg
Zeecin,Wilshire,Rs 113,Azithromycin,250 mg
Zolacort,Hudson Pharma's,Rs 188,,
Zimes,Zafa,Rs 173,Esomeprazole,40 mg
Zithrosan,Sante,Rs 298,,
Zafnol,Zafa,Rs 43,Atenolol,50mg
Zuselax,Zafa,Rs 28,Suxamethonium,100mg
Zuselax,Zafa,Rs 51,Suxamethonium,500mg
Zentel,GlaxoSmithKline,Rs 51,Albendazole,200mg
Zentel,GlaxoSmithKline,Rs 39,Albendazole,200mg
Zetrine,Efroze,Rs 30,Cetirizine,1mg|ml
Zyrtec,GlaxoSmithKline,Rs 112,Cetirizine,1mg
Zafixime,Zafa,Rs 60,Cefotaxime,250mg
Zafixime,Zafa,Rs 75,Cefotaxime,500mg
Zeftrox,Zafa,Rs 70,Ceftriaxone,250mg
Zafurox,Zafa,Rs 36,Cefuroxime,250mg
Zecef,Bosch,Rs 54,Cefuroxime,250mg
Zincat OD,Atco,Rs 105,Zinc Sulphate Monohydrate,20mg
Zeelon 84 Inj 20ml,Otsuka,Rs 13,,
Zodip,Zafa,Rs 38,Amlodipine,5mg
Zudic,Nabi Qasim,Rs 86,,
Zepres,Asian Continental,Rs 48,,
Zaftolin,Zafa,Rs 41,Salbutamol,2 mg|5ml
Zinacef,GlaxoSmithKline,Rs 87,Cefuroxime,250mg
Zincasil,Titlis Pharma,Rs 77,Zinc Sulphate Monohydrate,
Zeegap,Hilton,Rs 481,Pregabalin.,75mg
Zeegap,Hilton,Rs 624,Pregabalin.,150mg
Zoloft,Pfizer,Rs 895,Sertraline,50mg
Zocor,OBS,Rs 324,Simvastatin,10mg
Zocor,OBS,"Rs 1,011",Simvastatin,40mg
Zolam 0.5mg,Sante,Rs 43,Alprazolam,
Zeegap,Hilton,Rs 336,Pregabalin.,25mg
Zeegap,Hilton,Rs 543,Pregabalin.,100mg
Zovirax 200mg,GlaxoSmithKline,Rs 319,Acyclovir,
Zolp,Adamjee Pharmaceuticals,Rs 302,Zolpidem,10mg
Zovirax,GlaxoSmithKline,Rs 766,Acyclovir,
Zeal,Maple,Rs 133,Pioglitazone,30mg
Zeal,Maple,Rs 182,Pioglitazone,45mg
Zonor,Pharmatec,Rs 33,Buprenorphine,0.3mg
Zonor,Pharmatec,Rs 86,Buprenorphine,0.2mg
Zocinitt,Lowitt,Rs 20,Pentazocine,25mg
Zultracet,Wilshire,Rs 320,Tramadol,37.5 mg
Zaron,Raazee,Rs 36,Clonazepam,2mg
Zitrigine,A'raf,Rs 218,Lamotrigine,50mg
Zopir,Glitz,Rs 128,Topiramate,25mg
Zopiramate,A'raf,Rs 233,Topiramate,50mg
Zygel,Bloom Pharma,Rs 118,Metronidazole,75gm
Zepose,Wilshire,Rs 322,Irbesartan,150mg
Zepose,Wilshire,Rs 322,Irbesartan,150mg
Zepose,Wilshire,Rs 105,Irbesartan,75mg
Zepose Plus,Wilshire,Rs 350,Irbesartan,300mg
Zystat,Global-Vision,Rs 189,Febuxostat,40mg
Zystat,Global-Vision,Rs 290,Febuxostat,80mg
Zoldic,CCL,"Rs 15,000",Zoledronic Acid,4mg
Zoldria,Cipla-A.J. Mirza,"Rs 15,000",Zoledronic Acid,4mg
Zatrocin,Usawa,Rs 255,Azithromycin,250mg
Zatrocin,Usawa,Rs 165,Azithromycin,200mg
Zee,Danas,Rs 255,Azithromycin,250mg
Zee,Danas,Rs 275,Azithromycin,500mg
Zesty,Innvotek,Rs 250,Azithromycin,250mg
Zewin,Orta,Rs 255,Azithromycin,250mg
Zewin,Orta,Rs 165,Azithromycin,200mg
Zicure,Medicaids,Rs 140,Azithromycin,250mg
Zicure,Medicaids,Rs 140,Azithromycin,200mg
Zim,Genome Pharma,Rs 165,Azithromycin,200mg
Zim,Genome Pharma,Rs 255,Azithromycin,250mg
Zim,Genome Pharma,Rs 153,Azithromycin,250mg
Zim,Genome Pharma,Rs 275,Azithromycin,500mg
Ziromax,Polyfine,Rs 190,Azithromycin,250mg
Zithagen,Genesis,Rs 255,Azithromycin,250mg
Zithin,Wisdom,Rs 238,Azithromycin,250mg
Zithin,Wisdom,Rs 150,Azithromycin,250mg
Zithosim,Simz,Rs 255,Azithromycin,250mg
Zithosim,Simz,Rs 193,Azithromycin,200mg
Zithrax,Biocare,Rs 296,Azithromycin,500mg
Zithrofast,Medifine,Rs 255,Azithromycin,250mg
Zithromed,Medicraft,Rs 200,Azithromycin,250mg
Zithromed,Medicraft,Rs 150,Azithromycin,200mg
Zithrovel,Well  & Well,Rs 153,Azithromycin,250mg
Zithrovel,Well  & Well,Rs 165,Azithromycin,200mg
Zithrovel,Well  & Well,Rs 150,Azithromycin,250mg
Zithrovel,Well  & Well,Rs 275,Azithromycin,500mg
Zithrowan,Wisdom,Rs 150,Azithromycin,250mg
Zithrowan,Wisdom,Rs 275,Azithromycin,500mg
Ziton,Wisdom,Rs 293,Azithromycin,250mg
Zitrex,Genome Pharma,Rs 255,Azithromycin,250mg
Zitrex,Genome Pharma,Rs 153,Azithromycin,250mg
Zitro,Glitz,Rs 150,Azithromycin,250mg
Zomax,Helix Pharma,Rs 230,Azithromycin,250mg
Zomax,Helix Pharma,Rs 165,Azithromycin,200mg
Zomax,Helix Pharma,Rs 240,Azithromycin,500mg
Zomysin,Al Kemy,Rs 220,Azithromycin,250mg
Zorix,LCPW,Rs 194,Azithromycin,250nm
Zorix,LCPW,Rs 158,Azithromycin,200mg
Zorix,LCPW,Rs 295,Azithromycin,200mg
Zotter,Highnoon,Rs 200,Azithromycin,250mg
Zrocin,Noa Hemis,Rs 165,Azithromycin,200mg
Zrocin,Noa Hemis,Rs 150,Azithromycin,250mg
Zrocin,Noa Hemis,Rs 275,Azithromycin,500mg
Zygrel,Searle,Rs 255,Azithromycin,250mg
Zygrel,Searle,Rs 255,Azithromycin,500mg
Zygrel,Searle,Rs 125,Azithromycin,500mg
Zygrel,Searle,Rs 164,Azithromycin,200mg
Zelium,Z-jans,Rs 175,Domperidone,10mg
Zotrium,Hataf Pharma,Rs 29,Domperidone,10mg
Zeptra,Zephyr Pharmatec,Rs 24,Trimethoprim,80mg
Zeptra Ds,Zephyr Pharmatec,Rs 12,Trimethoprim,160mg
Zolebid,Highnoon,Rs 22,Trimethoprim,80mg
Zeclorin,Bryon,Rs 223,Clarithromycin,125mg
Zanlan,Novartis,Rs 123,Cetirizine,10mg
Zavedos,Pfizer,"Rs 5,034",Idrabucin,5mg
Zenda,A'raf,Rs 198,Esomeprazole,40mg
Zespra,Schazoo Pharmaceuticals,Rs 60,Esomeprazole,20mg
Zimes,Zafa,Rs 347,Esomeprazole,40 mg
Zolpip,Titlis Pharma,Rs 131,Esomeprazole,40mg
Zolsure,Medisure,Rs 320,Esomeprazole,40mg
Zefung,Nexus,Rs 150,Fluconazole,150mg
Zenok,L A Kurative,Rs 138,Fluconazole,150mg
Zitis,Shrooq,Rs 200,Flurbiprofen,100mg
Zeffix,GlaxoSmithKline,"Rs 1,654",Lamivudine,100mg
Zilam,Mass-PH Health,Rs 300,Lamivudine,100mg
Zolard,Davis Pharma,Rs 150,Lansoprazole,30mg
Zolat Plus,English Pharma,Rs 206,Lansoprazole,30mg
Zebramid,Zeb,Rs 190,Loperamide,2mg
Zenzol,Jawa,Rs 17,Mebendazole,100g
Zeworm,Wilshire,Rs 173,Mebendazole,100mg
Zenec,L A Kurative,"Rs 1,800",Orlistat,120mg
Zinamid,Wilshire,Rs 18,Pyrazinamide,500mg
Zinatab,Dosaco,Rs 24,Pyrazinamide,500mg
Zansulin 70/30,Zafa,Rs 479,Insulin Regular,100IU
Zansulin NPH,Zafa,Rs 538,Insulin NPH,100IU
Zansulin Regular,Zafa,Rs 538,Insulin Regular,100IU
Zopan,Pharmatec,Rs 200,Mefenamic Acid,500mg
Zepyrine,Xenon,Rs 220,Paracetamol,200mg
Zuper,Bosch,Rs 135,Cefaclor,125mg|5ml
Zuper,Bosch,Rs 245,Cefaclor,250mg|5ml
Z-drox,Z-jans,Rs 111,Cefadroxil,500mg
Z-drox,Z-jans,Rs 167,Cefadroxil,250mg|5ml
Zeboxil,Medicaids,Rs 313,Cefadroxil,500mg
Zeboxil,Medicaids,Rs 300,Cefadroxil,250mg|5ml
Zedipime,E-Lite,Rs 460,Cefepime,1 gm
Zedipime,E-Lite,Rs 275,Cefepime,500mg
Zepim,Global-Vision,Rs 460,Cefepime,1 gm
Zepim,Global-Vision,Rs 250,Cefepime,500mg
Zaxime,Delta Pharma,Rs 335,Cefixime,400mg
Zaxime,Delta Pharma,Rs 150,Cefixime,100mg|5ml
Zaxime,Delta Pharma,Rs 218,Cefixime,200mg|5ml
Zaxime,Delta Pharma,Rs 300,Cefixime,400mg
Zefo,Caraway,Rs 325,Cefixime,400mg
Ziac,Polyfine,Rs 325,Cefixime,400mg
Ziac,Polyfine,Rs 140,Cefixime,100mg|5ml
Ziac,Polyfine,Rs 220,Cefixime,200mg|5ml
Zifi,Mcolson,Rs 325,Cefixime,400mg
Zifi,Mcolson,Rs 155,Cefixime,100mg|5ml
Zoloxpan,Al Kemy,Rs 268,Cefixime,400mg
Zoloxpan,Al Kemy,Rs 140,Cefixime,100mg|5ml
Zipazom,Zafa,Rs 230,Cefoperazone,1gm
Zipazom,Zafa,Rs 581,Cefoperazone,2gm
Zonecef,Lowitt,Rs 225,Cefoperazone,1gm
Zonecef,Lowitt,Rs 136,Cefoperazone,500mg
Zintaxon,Zinta,Rs 160,Cefotaxime,1gm
Zymacef,Shawan,Rs 160,Cefotaxime,1gm
Zilpro,Wilshire,Rs 136,Cefprozil,125mg|5ml
Zilpro,Wilshire,Rs 255,Cefprozil,250mg|5ml
Z.D Cef,Leads Pharma,Rs 275,Ceftazidime,1gm
Z.D Cef,Leads Pharma,Rs 144,Ceftazidime,500mg
Zidyan,Roryan Pharma,Rs 275,Ceftazidime,1gm
Zidyan,Roryan Pharma,Rs 144,Ceftazidime,500mg
Zitum,Wilshire,Rs 295,Ceftazidime,1gm
Zitum,Wilshire,Rs 115,Ceftazidime,250mg
Zitum,Wilshire,Rs 180,Ceftazidime,500mg
Zoxcef,Lowitt,Rs 190,Ceftizoxime,1gm
Zoxcef,Lowitt,Rs 110,Ceftizoxime,500mg
Zoxi,Bosch,Rs 190,Ceftizoxime,1gm
Zocef,Nexus,Rs 135,Ceftriaxone,500mg
Zocef,Nexus,Rs 250,Ceftriaxone,1gm
Zoclan,Z-jans,Rs 195,Ceftriaxone,1gm
Zoclan,Z-jans,Rs 110,Ceftriaxone,500mg
Zony,Tagma,Rs 205,Ceftriaxone,1gm
Zony,Tagma,Rs 135,Ceftriaxone,500mg
Zeolot,Fynk,Rs 180,Cefuroxime,1.5gm
Zeolot,Fynk,Rs 190,Cefuroxime,125mg|5ml
Zerox,Goodman,Rs 190,Cefuroxime,125mg|5ml
Zinacef,GlaxoSmithKline,Rs 222,Cefuroxime,125mg
Zinorox,Global-Vision,Rs 29,Cefuroxime,250mg
Zinorox,Global-Vision,Rs 105,Cefuroxime,750mg
Zafacain,Zafa,Rs 112,Cephazolin,1gm
Zolinex,Biorex,Rs 110,Cephazolin,1gm
Zinase,Opal,Rs 206,Aceclofenac,100mg
Zibufen,Global-Vision,Rs 265,Dexibuprofen,300mg
Zibufen,Global-Vision,Rs 265,Dexibuprofen,300mg
Zibufen,Global-Vision,Rs 328,Dexibuprofen,400mg
Zibufen,Global-Vision,Rs 328,Dexibuprofen,400mg
Ziclopel,Z-jans,Rs 13,Diclofenac potassium,50mg
Ziclopel,Z-jans,Rs 55,Diclofenac potassium,50mg
Zwitter,Wilshire,Rs 41,Diclofenac Sodium,50mg
Zwitter,Wilshire,Rs 55,Diclofenac Sodium,75mg
Zefen,Xenon,"Rs 5,099",Ibuprofen,100mg
Zefen,Xenon,"Rs 5,099",Ibuprofen,200mg
Zefen,Xenon,Rs 430,Ibuprofen,200mg
Zefen,Xenon,Rs 400,Ibuprofen,400mg
Zoxicam,Kanel Pharma,Rs 115,Meloxicam,15mg
Zebroxin,Jawa,Rs 42,Naproxen,250mg
Zebroxin,Jawa,Rs 143,Naproxen,500mg
Zenap,Valor,Rs 42,Naproxen,250mg
Zenap,Valor,Rs 72,Naproxen,500mg
Zicam,Goodman,Rs 239,Piroxicam,20mg
Zicam,Goodman,Rs 15,Piroxicam,20mg
Ziprawin,Amarant,Rs 288,,
Zaarlo,OBS,Rs 829,Hydrochlorothiazide..,100mg
Zaxine XR 150mg,A'raf,Rs 350,Venlafaxine,
Zyprexa,Eli Lilly,"Rs 1,722",Olanzapine,5mg
Zeldox,Pfizer,"Rs 3,306",Ziprasidone,40mg
Zara CR 25mg,Shrooq,"Rs 1,200",Paroxetine,
Zeest MV,Tabroos,Rs 170,Multivitamin with Mineral,
Zivas 3mg,A'raf,Rs 417,Rivastigmine,
Ziapine XR,A'raf,Rs 175,Quetiapine,75mg
Zactrin,Aries,Rs 6,Mefenamic Acid,250 mg
Zactrin,Aries,Rs 13,Mefenamic Acid,500 mg
Zegesic,Xenon,Rs 560,Mefenamic Acid,250 mg
Zegesic,Xenon,Rs 227,Mefenamic Acid,250 mg
Zopan,Pharmatec,Rs 118,Mefenamic Acid,250 mg
Zopan,Pharmatec,Rs 434,Mefenamic Acid,250 mg
Zepyrine,Xenon,Rs 220,Paracetamol,300 mg
Ziprawin,Amarant,Rs 120,Ziprasidone,20mg
Zeldox,Pfizer,"Rs 4,684",Ziprasidone,60mg
Zemont,Z-jans,Rs 225,Montelukast,10 mg
Zemont,Z-jans,Rs 130,Montelukast,5 mg
Z-kast,Lowitt,Rs 330,Zafirlukast,20 mg
Zukast,Everest,Rs 350,Zafirlukast,10 mg
Zukast,Everest,Rs 330,Zafirlukast,20 mg
Zonas,A'raf,Rs 209,,
Zolmipine,Graton Pharma,Rs 807,Zolmitriptan,2.5mg
Zoledronic Acid AHP,Al Habib Pharmaceuticals,"Rs 21,629",Zoledronic Acid,4 mg
Zycram,Al Habib Pharmaceuticals,"Rs 1,195",Cyclophosomide,1 gm
Zenith,Ferozsons,Rs 4,Alprazolam,
Zaclazide,Zafa,Rs 45,Gliclazide,80mg
Zenzide,Jawa,Rs 46,Gliclazide,80mg
Zeal,Maple,Rs 78,Pioglitazone,15mg
Zona-4,Valor,Rs 0,Rosiglitazone,4mg
Zynol,Pharmadic,Rs 77,Allopurinol,300mg
Zalomycetin,Zanctok,Rs 65,Chloramphenicol,125mg
Zalomycetin,Zanctok,Rs 25,Chloramphenicol,125mg
Zelium,Z-jans,Rs 70,Domperidone,5mg|5ml
Zotrium,Hataf Pharma,Rs 57,Domperidone,5mg|5ml
Zantran,Zanctok,Rs 65,Trimethoprim,40mg|200mg
Zolonide,Ideal,Rs 63,Diloxanide Furoate,250mg|200mg
Zolt,Stanely,Rs 52,Diloxanide Furoate,250mg|200mg
Zolt,Stanely,Rs 74,Diloxanide Furoate,250mg|200mg
Zantran,Zanctok,Rs 15,Trimethoprim,40mg
Zolonide,Ideal,Rs 32,Diloxanide Furoate,250mg
Zolonide,Ideal,Rs 21,Diloxanide Furoate,500mg
Zolt,Stanely,Rs 74,Diloxanide Furoate,500mg
Zonchlophen,Zanctok,Rs 18,Chlorpheniramine,2mg|5ml
Zonchlophen,Zanctok,Rs 30,Chlorpheniramine,2mg|5ml
Zavic,Harmann,Rs 19,Albendazole,100mg
Zavic,Harmann,Rs 17,Albendazole,200mg
Zolive,Olive Health Care,Rs 17,Albendazole,100mg
Zynol,Pharmadic,Rs 60,Allopurinol,100mg
Z-Tek,Pakheim,Rs 29,Cetirizine,10mg
Zanlan,Novartis,Rs 65,Cetirizine,5mg
Zanlan,Novartis,Rs 39,Cetirizine,1mg|ml
Zanlan,Novartis,Rs 42,Cetirizine,10mg
Zeatin,GlaxoSmithKline,Rs 42,Cetirizine,10mg
Zec,Medisure,Rs 36,Cetirizine,10mg
Zecit,Polyfine,Rs 35,Cetirizine,1mg|ml
Zecit,Polyfine,Rs 35,Cetirizine,10mg
Zetrine,Efroze,Rs 30,Cetirizine,10mg
Zilcit,Zinta,Rs 15,Cetirizine,1mg|ml
Zilcit,Zinta,Rs 30,Cetirizine,10mg
Zine,Libra,Rs 33,Cetirizine,1mg|ml
Zine,Libra,Rs 42,Cetirizine,10mg
Zineva,Herbion,Rs 27,Cetirizine,1mg
Zineva,Herbion,Rs 40,Cetirizine,10mg
Zinolur,Remington,Rs 45,Cetirizine,10mg
Zirtek,Hansel,Rs 42,Cetirizine,10mg
Zyret,Rex,Rs 27,Cetirizine,1mg|ml
Zysic,Jinnah Pharma,Rs 42,Cetirizine,10mg
Zexium,Schazoo Pharmaceuticals,Rs 0,Esomeprazole,20mg
Zexium,Schazoo Pharmaceuticals,Rs 0,Esomeprazole,40mg
Zag,Libra,Rs 54,Ketotifen,0.2mg
Zatox,Neo Medix,Rs 43,Ketotifen,0.2mg
Zatox,Neo Medix,Rs 23,Ketotifen,1mg
Zenzol,Jawa,Rs 22,Mebendazole,100mg
Zefdil,English Pharma,Rs 31,"Furazolidone, Oral",25 mg|5 ml
Zefdil,English Pharma,Rs 9,"Furazolidone, Oral",25 mg|5 ml
Zancpal,Zanctok,Rs 40,Paracetamol,120mg
Z-drox,Z-jans,Rs 90,Cefadroxil,125mg|5ml
Zeboxil,Medicaids,Rs 59,Cefadroxil,100mg
Zeboxil,Medicaids,Rs 149,Cefadroxil,125mg|5ml
Zipazom,Zafa,Rs 77,Cefoperazone,250mg
Zonecef,Lowitt,Rs 75,Cefoperazone,250mg
Zintaxime,Zinta,Rs 42,Cefotaxime,500mg
Zintaxon,Zinta,Rs 60,Cefotaxime,250mg
Zymacef,Shawan,Rs 60,Cefotaxime,250mg
Zymacef,Shawan,Rs 99,Cefotaxime,500mg
Z.D Cef,Leads Pharma,Rs 100,Ceftazidime,250mg
Zidyan,Roryan Pharma,Rs 100,Ceftazidime,250mg
Zipenta,Zafa,Rs 42,Ceftazidime,250mg
Zipenta,Zafa,Rs 75,Ceftazidime,500mg
Zoxcef,Lowitt,Rs 66,Ceftizoxime,250mg
Zoxi,Bosch,Rs 55,Ceftizoxime,250mg
Zoxi,Bosch,Rs 95,Ceftizoxime,500mg
Zocef,Nexus,Rs 80,Ceftriaxone,250mg
Zoclan,Z-jans,Rs 70,Ceftriaxone,250mg
Zony,Tagma,Rs 70,Ceftriaxone,250mg
Zeolot,Fynk,Rs 28,Cefuroxime,250mg
Zeolot,Fynk,Rs 100,Cefuroxime,750mg
Zafacain,Zafa,Rs 61,Cephazolin,500mg
Zolinex,Biorex,Rs 40,Cephazolin,250mg
Zolinex,Biorex,Rs 60,Cephazolin,500mg
Zibufen,Global-Vision,Rs 95,Dexibuprofen,100mg|5ml
Zibufen,Global-Vision,Rs 50,Dexibuprofen,100mg|5ml
Zainex,Sapient,Rs 60,Diclofenac potassium,50mg
Zainex,Sapient,Rs 45,Diclofenac potassium,75mg
Ziclofen P,Novins,Rs 30,Diclofenac potassium,50mg
Zivin-P,Hizat,Rs 60,Diclofenac potassium,50mg
Zyclofenac-P,Zephyr Pharmatec,Rs 30,Diclofenac potassium,50mg
Zalin,Tagma,Rs 30,Diclofenac Sodium,50mg
Zalin,Tagma,Rs 45,Diclofenac Sodium,75mg
Zeedic,Z-jans,Rs 39,Diclofenac Sodium,50mg
Ziclofen,Novins,Rs 30,Diclofenac Sodium,50mg
Ziclofen,Novins,Rs 45,Diclofenac Sodium,75mg
Zefen,Xenon,Rs 19,Ibuprofen,100mg
Zefen,Xenon,Rs 36,Ibuprofen,100mg
Zefen,Xenon,Rs 36,Ibuprofen,200mg
Zefrin,Fozan,Rs 18,Ibuprofen,100mg
Zufen,Zanctok,Rs 45,Ibuprofen,100mg
Zufen,Zanctok,Rs 15,Ibuprofen,100mg
Zufen,Zanctok,Rs 22,Ibuprofen,100mg
Zaxicam,Zephyr Pharmatec,Rs 96,Meloxicam,15mg
Zaxicam,Zephyr Pharmatec,Rs 56,Meloxicam,7.5mg
Zoxicam,Kanel Pharma,Rs 56,Meloxicam,7.5mg
Zired,Hizat,Rs 90,Nimesulide,100mg
Zerax,Raazee,Rs 75,Piroxicam,20mg
Zanzia (Olanzapine),English Pharma,Rs 85,Olanzapine,5mg
Zancpal,Zanctok,Rs 17,Paracetamol,120 mg
